Категория;URL товара;Бренд;Путь;Фото основные;Фото дополнительные;Применение HTML;Номер заказа;Материал;Цвет;D;D1;Допустимая нагрузка макс., кг;Подходящая пластина антискольжения;Наличие, шт;Цена, руб. с НДС;D2;Исполнение;A;Подходит для опоры с Ø;Форма;L;L1;SW;Цвет основы;Материал комп.;H;M;H1;Пов. основы;Мат. основы;Цвет пластины антискольж.;Допустимая нагрузка макс. (только при статической нагрузке), кг;Нагрузка, кг;Поверхность комп.;W;F;H2;H3;H4;H5;D3;D4;Ø;B;N;F, кг;T;H1 (при сжатии 0,4 Н/мм²);H3 (при сжатии 0,4 Н/мм²);SW1;H1 (при сжатии 0,6 Н/мм²);L3;S;D мин.;D макс.;Подходит для круглой шлицевой гайки DIN 981;Подходит для круглой шлицевой гайки DIN 1804;α;Описание;Подходит для опоры
A00019 Пластины антискольжения для шарнирных опор, 20°;https://alterv.ru/catalog/plastiny_antiskolzheniya_dlya_opor/a00019_plastiny_antiskolzheniya_dlya_sharnirnykh_opor_20/;Алтервиа (Россия);Главная > Каталог > Промышленная фурнитура > Опоры > Опоры сборные > Пластины антискольжения для опор > A00019 Пластины антискольжения для шарнирных опор, 20°;https://alterv.ru/upload/iblock/e7c/2dpz497o37mdvoti1lsst0si2n1xo1jc/a00019_plastiny_antiskolzheniya.png, https://alterv.ru/upload/iblock/d3f/wds4qse0a25dx71qn1ug0pblxr4txsgb/a00019_plastiny_sverhu.png, https://alterv.ru/upload/iblock/b9e/k2bjxgtftvzelxapre8zrcthbswhal3j/a00019_plastiny_snizu.png, https://alterv.ru/upload/iblock/ab6/e5oamg523tjynsehw5ant6p4muznwvpx/a00019_plastiny_sboku.png;https://alterv.ru/upload/iblock/9ba/uv7zpvfwz553msh4vay1lct3ktqfv4pv/a00019_plastiny_antiskolzheniya_chertezh.png;"<h2><span style=""font-size: 13pt;"">Материал:</span></h2>
<ul>
	<li>Термоэластопласт литой под давлением PolygoPlast 811.901.A70.</li>
</ul>
<hr>
<h2><span style=""font-size: 13pt;"">Исполнение (на выбор):</span></h2>
<ul>
	<li>Черного цвета без отверстий (только для пластин с D≤49).</li>
	<li>Белого цвета без отверстий (только для пластин с D≤49).</li>
	<li>Черного цвета с отверстиями (только для пластин с D≥69).</li>
	<li>Белого цвета с отверстиями (только для пластин с D≥69).</li>
</ul>
<hr>
<h2><span style=""font-size: 13pt;"">Пластины подходят для:</span></h2>
<ul>
	<li><a target=""_blank"" href=""/catalog/osnovaniya_dlya_opor/a00015_osnovaniya_sharnirnykh_opor_iz_plastika_20/"">A00015 Оснований шарнирных опор из пластика, 20°.</a></li>
	<li><a target=""_blank"" href=""/catalog/osnovaniya_dlya_opor/a00016_osnovaniya_sharnirnykh_opor_s_krepezhnymi_otverstiyami_20/"">A00016 Оснований шарнирных опор с крепежными отверстиями, 20°.</a></li>
	<li><a target=""_blank"" href=""/catalog/opory_s_podvizhnym_vintom/a00021_opory_sharnirnye_diskovye_s_osnovaniem_iz_plastika_20/"">A00021 Шарнирных дисковых опор с основанием из пластика, 20°.</a></li>
	<li><a target=""_blank"" href=""/catalog/opory_s_podvizhnym_vintom/a00022_opory_s_osnovaniem_iz_plastika_i_krepezhnymi_otverstiyami_20/"">A00022 Опор с основанием из пластика с крепежными отверстиями, 20°.</a></li>
	<li><a target=""_blank"" href=""/catalog/opory_s_podvizhnym_vintom/a00023_opory_s_osnovaniem_iz_plastika_i_plastinoy_antiskolzheniya_20/"">A00023 Опор с основанием из пластика и пластиной антискольжения, 20°.</a></li>
	<li><a target=""_blank"" href=""/catalog/opory_s_podvizhnym_vintom/a00024_opory_s_krepezhnymi_otverstiyami_i_plastinoy_antiskolzheniya_20/"">A00024 Опор с крепежными отверстиями и пластиной антискольжения, 20°.</a></li>
	<li><a target=""_blank"" href=""/catalog/opory_s_podvizhnym_vintom/a00053_opory_sharnirnye_diskovye_20/"">A00053 Шарнирных дисковых опор, 20°.</a></li>
	<li><a target=""_blank"" href=""/catalog/opory_s_podvizhnym_vintom/a00054_opory_sharnirnye_diskovye_so_skvoznymi_otverstiyami_20/"">A00054 Шарнирных дисковых опор со сквозными отверстиями, 20°.</a></li>
	<li><a target=""_blank"" href=""/catalog/opory_s_podvizhnym_vintom/a00055_opory_sharnirnye_diskovye_c_plastinoy_antiskolzheniya_20/"">A00055 Шарнирных дисковых опор c пластиной антискольжения, 20°.</a></li>
	<li><a target=""_blank"" href=""/catalog/opory_s_podvizhnym_vintom/a00056_opory_co_skvoznymi_otverstiyami_i_plastinoy_antiskolzheniya_20/"">A00056 Опор cо сквозными отверстиями и пластиной антискольжения, 20°.</a></li>
	<li><a target=""_blank"" href=""/catalog/opory_diskovye/a00058_opory_diskovye_c_osnovaniem_iz_plastika_i_vintom_iz_stali/"">A00058 Дисковых опор c основанием из пластика и винтом из стали.</a></li>
	<li><a target=""_blank"" href=""/catalog/opory_diskovye/a00059_opory_s_osnovaniem_iz_plastika_i_plastinoy_antiskolzheniya/"">A00059 Опор с основанием из пластика и пластиной антискольжения.</a></li>
	<li><a target=""_blank"" href=""/catalog/gotovye_izdeliya_iz_konstruktsionnogo_profilya/am03045_stoly_slesarnye_sborochnye_beztumbovye/"">AM03045 Сборочных слесарных безтумбовых столов.</a></li>
	<li><a target=""_blank"" href=""/catalog/osnovaniya_dlya_opor/k0415_osnovaniya_sharnirnykh_opor_iz_plastika_20/"">K0415 Оснований шарнирных опор из пластика, 20°.</a></li>
</ul>";A00019.1030;;Черный;20;;;;13116;42,7;;Без отверстий;-;30;;;;;;;;;;;;;;;;;;;;;;;;;;;;;;;;;;;;;;;;;
A00019 Пластины антискольжения для шарнирных опор, 20°;https://alterv.ru/catalog/plastiny_antiskolzheniya_dlya_opor/a00019_plastiny_antiskolzheniya_dlya_sharnirnykh_opor_20/;Алтервиа (Россия);Главная > Каталог > Промышленная фурнитура > Опоры > Опоры сборные > Пластины антискольжения для опор > A00019 Пластины антискольжения для шарнирных опор, 20°;https://alterv.ru/upload/iblock/e7c/2dpz497o37mdvoti1lsst0si2n1xo1jc/a00019_plastiny_antiskolzheniya.png, https://alterv.ru/upload/iblock/d3f/wds4qse0a25dx71qn1ug0pblxr4txsgb/a00019_plastiny_sverhu.png, https://alterv.ru/upload/iblock/b9e/k2bjxgtftvzelxapre8zrcthbswhal3j/a00019_plastiny_snizu.png, https://alterv.ru/upload/iblock/ab6/e5oamg523tjynsehw5ant6p4muznwvpx/a00019_plastiny_sboku.png;https://alterv.ru/upload/iblock/9ba/uv7zpvfwz553msh4vay1lct3ktqfv4pv/a00019_plastiny_antiskolzheniya_chertezh.png;"<h2><span style=""font-size: 13pt;"">Материал:</span></h2>
<ul>
	<li>Термоэластопласт литой под давлением PolygoPlast 811.901.A70.</li>
</ul>
<hr>
<h2><span style=""font-size: 13pt;"">Исполнение (на выбор):</span></h2>
<ul>
	<li>Черного цвета без отверстий (только для пластин с D≤49).</li>
	<li>Белого цвета без отверстий (только для пластин с D≤49).</li>
	<li>Черного цвета с отверстиями (только для пластин с D≥69).</li>
	<li>Белого цвета с отверстиями (только для пластин с D≥69).</li>
</ul>
<hr>
<h2><span style=""font-size: 13pt;"">Пластины подходят для:</span></h2>
<ul>
	<li><a target=""_blank"" href=""/catalog/osnovaniya_dlya_opor/a00015_osnovaniya_sharnirnykh_opor_iz_plastika_20/"">A00015 Оснований шарнирных опор из пластика, 20°.</a></li>
	<li><a target=""_blank"" href=""/catalog/osnovaniya_dlya_opor/a00016_osnovaniya_sharnirnykh_opor_s_krepezhnymi_otverstiyami_20/"">A00016 Оснований шарнирных опор с крепежными отверстиями, 20°.</a></li>
	<li><a target=""_blank"" href=""/catalog/opory_s_podvizhnym_vintom/a00021_opory_sharnirnye_diskovye_s_osnovaniem_iz_plastika_20/"">A00021 Шарнирных дисковых опор с основанием из пластика, 20°.</a></li>
	<li><a target=""_blank"" href=""/catalog/opory_s_podvizhnym_vintom/a00022_opory_s_osnovaniem_iz_plastika_i_krepezhnymi_otverstiyami_20/"">A00022 Опор с основанием из пластика с крепежными отверстиями, 20°.</a></li>
	<li><a target=""_blank"" href=""/catalog/opory_s_podvizhnym_vintom/a00023_opory_s_osnovaniem_iz_plastika_i_plastinoy_antiskolzheniya_20/"">A00023 Опор с основанием из пластика и пластиной антискольжения, 20°.</a></li>
	<li><a target=""_blank"" href=""/catalog/opory_s_podvizhnym_vintom/a00024_opory_s_krepezhnymi_otverstiyami_i_plastinoy_antiskolzheniya_20/"">A00024 Опор с крепежными отверстиями и пластиной антискольжения, 20°.</a></li>
	<li><a target=""_blank"" href=""/catalog/opory_s_podvizhnym_vintom/a00053_opory_sharnirnye_diskovye_20/"">A00053 Шарнирных дисковых опор, 20°.</a></li>
	<li><a target=""_blank"" href=""/catalog/opory_s_podvizhnym_vintom/a00054_opory_sharnirnye_diskovye_so_skvoznymi_otverstiyami_20/"">A00054 Шарнирных дисковых опор со сквозными отверстиями, 20°.</a></li>
	<li><a target=""_blank"" href=""/catalog/opory_s_podvizhnym_vintom/a00055_opory_sharnirnye_diskovye_c_plastinoy_antiskolzheniya_20/"">A00055 Шарнирных дисковых опор c пластиной антискольжения, 20°.</a></li>
	<li><a target=""_blank"" href=""/catalog/opory_s_podvizhnym_vintom/a00056_opory_co_skvoznymi_otverstiyami_i_plastinoy_antiskolzheniya_20/"">A00056 Опор cо сквозными отверстиями и пластиной антискольжения, 20°.</a></li>
	<li><a target=""_blank"" href=""/catalog/opory_diskovye/a00058_opory_diskovye_c_osnovaniem_iz_plastika_i_vintom_iz_stali/"">A00058 Дисковых опор c основанием из пластика и винтом из стали.</a></li>
	<li><a target=""_blank"" href=""/catalog/opory_diskovye/a00059_opory_s_osnovaniem_iz_plastika_i_plastinoy_antiskolzheniya/"">A00059 Опор с основанием из пластика и пластиной антискольжения.</a></li>
	<li><a target=""_blank"" href=""/catalog/gotovye_izdeliya_iz_konstruktsionnogo_profilya/am03045_stoly_slesarnye_sborochnye_beztumbovye/"">AM03045 Сборочных слесарных безтумбовых столов.</a></li>
	<li><a target=""_blank"" href=""/catalog/osnovaniya_dlya_opor/k0415_osnovaniya_sharnirnykh_opor_iz_plastika_20/"">K0415 Оснований шарнирных опор из пластика, 20°.</a></li>
</ul>";A00019.2030;;Белый;20;;;;2744;51,85;;Без отверстий;-;30;;;;;;;;;;;;;;;;;;;;;;;;;;;;;;;;;;;;;;;;;
A00019 Пластины антискольжения для шарнирных опор, 20°;https://alterv.ru/catalog/plastiny_antiskolzheniya_dlya_opor/a00019_plastiny_antiskolzheniya_dlya_sharnirnykh_opor_20/;Алтервиа (Россия);Главная > Каталог > Промышленная фурнитура > Опоры > Опоры сборные > Пластины антискольжения для опор > A00019 Пластины антискольжения для шарнирных опор, 20°;https://alterv.ru/upload/iblock/e7c/2dpz497o37mdvoti1lsst0si2n1xo1jc/a00019_plastiny_antiskolzheniya.png, https://alterv.ru/upload/iblock/d3f/wds4qse0a25dx71qn1ug0pblxr4txsgb/a00019_plastiny_sverhu.png, https://alterv.ru/upload/iblock/b9e/k2bjxgtftvzelxapre8zrcthbswhal3j/a00019_plastiny_snizu.png, https://alterv.ru/upload/iblock/ab6/e5oamg523tjynsehw5ant6p4muznwvpx/a00019_plastiny_sboku.png;https://alterv.ru/upload/iblock/9ba/uv7zpvfwz553msh4vay1lct3ktqfv4pv/a00019_plastiny_antiskolzheniya_chertezh.png;"<h2><span style=""font-size: 13pt;"">Материал:</span></h2>
<ul>
	<li>Термоэластопласт литой под давлением PolygoPlast 811.901.A70.</li>
</ul>
<hr>
<h2><span style=""font-size: 13pt;"">Исполнение (на выбор):</span></h2>
<ul>
	<li>Черного цвета без отверстий (только для пластин с D≤49).</li>
	<li>Белого цвета без отверстий (только для пластин с D≤49).</li>
	<li>Черного цвета с отверстиями (только для пластин с D≥69).</li>
	<li>Белого цвета с отверстиями (только для пластин с D≥69).</li>
</ul>
<hr>
<h2><span style=""font-size: 13pt;"">Пластины подходят для:</span></h2>
<ul>
	<li><a target=""_blank"" href=""/catalog/osnovaniya_dlya_opor/a00015_osnovaniya_sharnirnykh_opor_iz_plastika_20/"">A00015 Оснований шарнирных опор из пластика, 20°.</a></li>
	<li><a target=""_blank"" href=""/catalog/osnovaniya_dlya_opor/a00016_osnovaniya_sharnirnykh_opor_s_krepezhnymi_otverstiyami_20/"">A00016 Оснований шарнирных опор с крепежными отверстиями, 20°.</a></li>
	<li><a target=""_blank"" href=""/catalog/opory_s_podvizhnym_vintom/a00021_opory_sharnirnye_diskovye_s_osnovaniem_iz_plastika_20/"">A00021 Шарнирных дисковых опор с основанием из пластика, 20°.</a></li>
	<li><a target=""_blank"" href=""/catalog/opory_s_podvizhnym_vintom/a00022_opory_s_osnovaniem_iz_plastika_i_krepezhnymi_otverstiyami_20/"">A00022 Опор с основанием из пластика с крепежными отверстиями, 20°.</a></li>
	<li><a target=""_blank"" href=""/catalog/opory_s_podvizhnym_vintom/a00023_opory_s_osnovaniem_iz_plastika_i_plastinoy_antiskolzheniya_20/"">A00023 Опор с основанием из пластика и пластиной антискольжения, 20°.</a></li>
	<li><a target=""_blank"" href=""/catalog/opory_s_podvizhnym_vintom/a00024_opory_s_krepezhnymi_otverstiyami_i_plastinoy_antiskolzheniya_20/"">A00024 Опор с крепежными отверстиями и пластиной антискольжения, 20°.</a></li>
	<li><a target=""_blank"" href=""/catalog/opory_s_podvizhnym_vintom/a00053_opory_sharnirnye_diskovye_20/"">A00053 Шарнирных дисковых опор, 20°.</a></li>
	<li><a target=""_blank"" href=""/catalog/opory_s_podvizhnym_vintom/a00054_opory_sharnirnye_diskovye_so_skvoznymi_otverstiyami_20/"">A00054 Шарнирных дисковых опор со сквозными отверстиями, 20°.</a></li>
	<li><a target=""_blank"" href=""/catalog/opory_s_podvizhnym_vintom/a00055_opory_sharnirnye_diskovye_c_plastinoy_antiskolzheniya_20/"">A00055 Шарнирных дисковых опор c пластиной антискольжения, 20°.</a></li>
	<li><a target=""_blank"" href=""/catalog/opory_s_podvizhnym_vintom/a00056_opory_co_skvoznymi_otverstiyami_i_plastinoy_antiskolzheniya_20/"">A00056 Опор cо сквозными отверстиями и пластиной антискольжения, 20°.</a></li>
	<li><a target=""_blank"" href=""/catalog/opory_diskovye/a00058_opory_diskovye_c_osnovaniem_iz_plastika_i_vintom_iz_stali/"">A00058 Дисковых опор c основанием из пластика и винтом из стали.</a></li>
	<li><a target=""_blank"" href=""/catalog/opory_diskovye/a00059_opory_s_osnovaniem_iz_plastika_i_plastinoy_antiskolzheniya/"">A00059 Опор с основанием из пластика и пластиной антискольжения.</a></li>
	<li><a target=""_blank"" href=""/catalog/gotovye_izdeliya_iz_konstruktsionnogo_profilya/am03045_stoly_slesarnye_sborochnye_beztumbovye/"">AM03045 Сборочных слесарных безтумбовых столов.</a></li>
	<li><a target=""_blank"" href=""/catalog/osnovaniya_dlya_opor/k0415_osnovaniya_sharnirnykh_opor_iz_plastika_20/"">K0415 Оснований шарнирных опор из пластика, 20°.</a></li>
</ul>";A00019.1040;;Черный;31;;;;12901;45,75;;Без отверстий;-;40;;;;;;;;;;;;;;;;;;;;;;;;;;;;;;;;;;;;;;;;;
A00019 Пластины антискольжения для шарнирных опор, 20°;https://alterv.ru/catalog/plastiny_antiskolzheniya_dlya_opor/a00019_plastiny_antiskolzheniya_dlya_sharnirnykh_opor_20/;Алтервиа (Россия);Главная > Каталог > Промышленная фурнитура > Опоры > Опоры сборные > Пластины антискольжения для опор > A00019 Пластины антискольжения для шарнирных опор, 20°;https://alterv.ru/upload/iblock/e7c/2dpz497o37mdvoti1lsst0si2n1xo1jc/a00019_plastiny_antiskolzheniya.png, https://alterv.ru/upload/iblock/d3f/wds4qse0a25dx71qn1ug0pblxr4txsgb/a00019_plastiny_sverhu.png, https://alterv.ru/upload/iblock/b9e/k2bjxgtftvzelxapre8zrcthbswhal3j/a00019_plastiny_snizu.png, https://alterv.ru/upload/iblock/ab6/e5oamg523tjynsehw5ant6p4muznwvpx/a00019_plastiny_sboku.png;https://alterv.ru/upload/iblock/9ba/uv7zpvfwz553msh4vay1lct3ktqfv4pv/a00019_plastiny_antiskolzheniya_chertezh.png;"<h2><span style=""font-size: 13pt;"">Материал:</span></h2>
<ul>
	<li>Термоэластопласт литой под давлением PolygoPlast 811.901.A70.</li>
</ul>
<hr>
<h2><span style=""font-size: 13pt;"">Исполнение (на выбор):</span></h2>
<ul>
	<li>Черного цвета без отверстий (только для пластин с D≤49).</li>
	<li>Белого цвета без отверстий (только для пластин с D≤49).</li>
	<li>Черного цвета с отверстиями (только для пластин с D≥69).</li>
	<li>Белого цвета с отверстиями (только для пластин с D≥69).</li>
</ul>
<hr>
<h2><span style=""font-size: 13pt;"">Пластины подходят для:</span></h2>
<ul>
	<li><a target=""_blank"" href=""/catalog/osnovaniya_dlya_opor/a00015_osnovaniya_sharnirnykh_opor_iz_plastika_20/"">A00015 Оснований шарнирных опор из пластика, 20°.</a></li>
	<li><a target=""_blank"" href=""/catalog/osnovaniya_dlya_opor/a00016_osnovaniya_sharnirnykh_opor_s_krepezhnymi_otverstiyami_20/"">A00016 Оснований шарнирных опор с крепежными отверстиями, 20°.</a></li>
	<li><a target=""_blank"" href=""/catalog/opory_s_podvizhnym_vintom/a00021_opory_sharnirnye_diskovye_s_osnovaniem_iz_plastika_20/"">A00021 Шарнирных дисковых опор с основанием из пластика, 20°.</a></li>
	<li><a target=""_blank"" href=""/catalog/opory_s_podvizhnym_vintom/a00022_opory_s_osnovaniem_iz_plastika_i_krepezhnymi_otverstiyami_20/"">A00022 Опор с основанием из пластика с крепежными отверстиями, 20°.</a></li>
	<li><a target=""_blank"" href=""/catalog/opory_s_podvizhnym_vintom/a00023_opory_s_osnovaniem_iz_plastika_i_plastinoy_antiskolzheniya_20/"">A00023 Опор с основанием из пластика и пластиной антискольжения, 20°.</a></li>
	<li><a target=""_blank"" href=""/catalog/opory_s_podvizhnym_vintom/a00024_opory_s_krepezhnymi_otverstiyami_i_plastinoy_antiskolzheniya_20/"">A00024 Опор с крепежными отверстиями и пластиной антискольжения, 20°.</a></li>
	<li><a target=""_blank"" href=""/catalog/opory_s_podvizhnym_vintom/a00053_opory_sharnirnye_diskovye_20/"">A00053 Шарнирных дисковых опор, 20°.</a></li>
	<li><a target=""_blank"" href=""/catalog/opory_s_podvizhnym_vintom/a00054_opory_sharnirnye_diskovye_so_skvoznymi_otverstiyami_20/"">A00054 Шарнирных дисковых опор со сквозными отверстиями, 20°.</a></li>
	<li><a target=""_blank"" href=""/catalog/opory_s_podvizhnym_vintom/a00055_opory_sharnirnye_diskovye_c_plastinoy_antiskolzheniya_20/"">A00055 Шарнирных дисковых опор c пластиной антискольжения, 20°.</a></li>
	<li><a target=""_blank"" href=""/catalog/opory_s_podvizhnym_vintom/a00056_opory_co_skvoznymi_otverstiyami_i_plastinoy_antiskolzheniya_20/"">A00056 Опор cо сквозными отверстиями и пластиной антискольжения, 20°.</a></li>
	<li><a target=""_blank"" href=""/catalog/opory_diskovye/a00058_opory_diskovye_c_osnovaniem_iz_plastika_i_vintom_iz_stali/"">A00058 Дисковых опор c основанием из пластика и винтом из стали.</a></li>
	<li><a target=""_blank"" href=""/catalog/opory_diskovye/a00059_opory_s_osnovaniem_iz_plastika_i_plastinoy_antiskolzheniya/"">A00059 Опор с основанием из пластика и пластиной антискольжения.</a></li>
	<li><a target=""_blank"" href=""/catalog/gotovye_izdeliya_iz_konstruktsionnogo_profilya/am03045_stoly_slesarnye_sborochnye_beztumbovye/"">AM03045 Сборочных слесарных безтумбовых столов.</a></li>
	<li><a target=""_blank"" href=""/catalog/osnovaniya_dlya_opor/k0415_osnovaniya_sharnirnykh_opor_iz_plastika_20/"">K0415 Оснований шарнирных опор из пластика, 20°.</a></li>
</ul>";A00019.2040;;Белый;31;;;;2403;54,9;;Без отверстий;-;40;;;;;;;;;;;;;;;;;;;;;;;;;;;;;;;;;;;;;;;;;
A00019 Пластины антискольжения для шарнирных опор, 20°;https://alterv.ru/catalog/plastiny_antiskolzheniya_dlya_opor/a00019_plastiny_antiskolzheniya_dlya_sharnirnykh_opor_20/;Алтервиа (Россия);Главная > Каталог > Промышленная фурнитура > Опоры > Опоры сборные > Пластины антискольжения для опор > A00019 Пластины антискольжения для шарнирных опор, 20°;https://alterv.ru/upload/iblock/e7c/2dpz497o37mdvoti1lsst0si2n1xo1jc/a00019_plastiny_antiskolzheniya.png, https://alterv.ru/upload/iblock/d3f/wds4qse0a25dx71qn1ug0pblxr4txsgb/a00019_plastiny_sverhu.png, https://alterv.ru/upload/iblock/b9e/k2bjxgtftvzelxapre8zrcthbswhal3j/a00019_plastiny_snizu.png, https://alterv.ru/upload/iblock/ab6/e5oamg523tjynsehw5ant6p4muznwvpx/a00019_plastiny_sboku.png;https://alterv.ru/upload/iblock/9ba/uv7zpvfwz553msh4vay1lct3ktqfv4pv/a00019_plastiny_antiskolzheniya_chertezh.png;"<h2><span style=""font-size: 13pt;"">Материал:</span></h2>
<ul>
	<li>Термоэластопласт литой под давлением PolygoPlast 811.901.A70.</li>
</ul>
<hr>
<h2><span style=""font-size: 13pt;"">Исполнение (на выбор):</span></h2>
<ul>
	<li>Черного цвета без отверстий (только для пластин с D≤49).</li>
	<li>Белого цвета без отверстий (только для пластин с D≤49).</li>
	<li>Черного цвета с отверстиями (только для пластин с D≥69).</li>
	<li>Белого цвета с отверстиями (только для пластин с D≥69).</li>
</ul>
<hr>
<h2><span style=""font-size: 13pt;"">Пластины подходят для:</span></h2>
<ul>
	<li><a target=""_blank"" href=""/catalog/osnovaniya_dlya_opor/a00015_osnovaniya_sharnirnykh_opor_iz_plastika_20/"">A00015 Оснований шарнирных опор из пластика, 20°.</a></li>
	<li><a target=""_blank"" href=""/catalog/osnovaniya_dlya_opor/a00016_osnovaniya_sharnirnykh_opor_s_krepezhnymi_otverstiyami_20/"">A00016 Оснований шарнирных опор с крепежными отверстиями, 20°.</a></li>
	<li><a target=""_blank"" href=""/catalog/opory_s_podvizhnym_vintom/a00021_opory_sharnirnye_diskovye_s_osnovaniem_iz_plastika_20/"">A00021 Шарнирных дисковых опор с основанием из пластика, 20°.</a></li>
	<li><a target=""_blank"" href=""/catalog/opory_s_podvizhnym_vintom/a00022_opory_s_osnovaniem_iz_plastika_i_krepezhnymi_otverstiyami_20/"">A00022 Опор с основанием из пластика с крепежными отверстиями, 20°.</a></li>
	<li><a target=""_blank"" href=""/catalog/opory_s_podvizhnym_vintom/a00023_opory_s_osnovaniem_iz_plastika_i_plastinoy_antiskolzheniya_20/"">A00023 Опор с основанием из пластика и пластиной антискольжения, 20°.</a></li>
	<li><a target=""_blank"" href=""/catalog/opory_s_podvizhnym_vintom/a00024_opory_s_krepezhnymi_otverstiyami_i_plastinoy_antiskolzheniya_20/"">A00024 Опор с крепежными отверстиями и пластиной антискольжения, 20°.</a></li>
	<li><a target=""_blank"" href=""/catalog/opory_s_podvizhnym_vintom/a00053_opory_sharnirnye_diskovye_20/"">A00053 Шарнирных дисковых опор, 20°.</a></li>
	<li><a target=""_blank"" href=""/catalog/opory_s_podvizhnym_vintom/a00054_opory_sharnirnye_diskovye_so_skvoznymi_otverstiyami_20/"">A00054 Шарнирных дисковых опор со сквозными отверстиями, 20°.</a></li>
	<li><a target=""_blank"" href=""/catalog/opory_s_podvizhnym_vintom/a00055_opory_sharnirnye_diskovye_c_plastinoy_antiskolzheniya_20/"">A00055 Шарнирных дисковых опор c пластиной антискольжения, 20°.</a></li>
	<li><a target=""_blank"" href=""/catalog/opory_s_podvizhnym_vintom/a00056_opory_co_skvoznymi_otverstiyami_i_plastinoy_antiskolzheniya_20/"">A00056 Опор cо сквозными отверстиями и пластиной антискольжения, 20°.</a></li>
	<li><a target=""_blank"" href=""/catalog/opory_diskovye/a00058_opory_diskovye_c_osnovaniem_iz_plastika_i_vintom_iz_stali/"">A00058 Дисковых опор c основанием из пластика и винтом из стали.</a></li>
	<li><a target=""_blank"" href=""/catalog/opory_diskovye/a00059_opory_s_osnovaniem_iz_plastika_i_plastinoy_antiskolzheniya/"">A00059 Опор с основанием из пластика и пластиной антискольжения.</a></li>
	<li><a target=""_blank"" href=""/catalog/gotovye_izdeliya_iz_konstruktsionnogo_profilya/am03045_stoly_slesarnye_sborochnye_beztumbovye/"">AM03045 Сборочных слесарных безтумбовых столов.</a></li>
	<li><a target=""_blank"" href=""/catalog/osnovaniya_dlya_opor/k0415_osnovaniya_sharnirnykh_opor_iz_plastika_20/"">K0415 Оснований шарнирных опор из пластика, 20°.</a></li>
</ul>";A00019.1045;;Черный;36;;;;16088;51,85;;Без отверстий;-;45;;;;;;;;;;;;;;;;;;;;;;;;;;;;;;;;;;;;;;;;;
A00019 Пластины антискольжения для шарнирных опор, 20°;https://alterv.ru/catalog/plastiny_antiskolzheniya_dlya_opor/a00019_plastiny_antiskolzheniya_dlya_sharnirnykh_opor_20/;Алтервиа (Россия);Главная > Каталог > Промышленная фурнитура > Опоры > Опоры сборные > Пластины антискольжения для опор > A00019 Пластины антискольжения для шарнирных опор, 20°;https://alterv.ru/upload/iblock/e7c/2dpz497o37mdvoti1lsst0si2n1xo1jc/a00019_plastiny_antiskolzheniya.png, https://alterv.ru/upload/iblock/d3f/wds4qse0a25dx71qn1ug0pblxr4txsgb/a00019_plastiny_sverhu.png, https://alterv.ru/upload/iblock/b9e/k2bjxgtftvzelxapre8zrcthbswhal3j/a00019_plastiny_snizu.png, https://alterv.ru/upload/iblock/ab6/e5oamg523tjynsehw5ant6p4muznwvpx/a00019_plastiny_sboku.png;https://alterv.ru/upload/iblock/9ba/uv7zpvfwz553msh4vay1lct3ktqfv4pv/a00019_plastiny_antiskolzheniya_chertezh.png;"<h2><span style=""font-size: 13pt;"">Материал:</span></h2>
<ul>
	<li>Термоэластопласт литой под давлением PolygoPlast 811.901.A70.</li>
</ul>
<hr>
<h2><span style=""font-size: 13pt;"">Исполнение (на выбор):</span></h2>
<ul>
	<li>Черного цвета без отверстий (только для пластин с D≤49).</li>
	<li>Белого цвета без отверстий (только для пластин с D≤49).</li>
	<li>Черного цвета с отверстиями (только для пластин с D≥69).</li>
	<li>Белого цвета с отверстиями (только для пластин с D≥69).</li>
</ul>
<hr>
<h2><span style=""font-size: 13pt;"">Пластины подходят для:</span></h2>
<ul>
	<li><a target=""_blank"" href=""/catalog/osnovaniya_dlya_opor/a00015_osnovaniya_sharnirnykh_opor_iz_plastika_20/"">A00015 Оснований шарнирных опор из пластика, 20°.</a></li>
	<li><a target=""_blank"" href=""/catalog/osnovaniya_dlya_opor/a00016_osnovaniya_sharnirnykh_opor_s_krepezhnymi_otverstiyami_20/"">A00016 Оснований шарнирных опор с крепежными отверстиями, 20°.</a></li>
	<li><a target=""_blank"" href=""/catalog/opory_s_podvizhnym_vintom/a00021_opory_sharnirnye_diskovye_s_osnovaniem_iz_plastika_20/"">A00021 Шарнирных дисковых опор с основанием из пластика, 20°.</a></li>
	<li><a target=""_blank"" href=""/catalog/opory_s_podvizhnym_vintom/a00022_opory_s_osnovaniem_iz_plastika_i_krepezhnymi_otverstiyami_20/"">A00022 Опор с основанием из пластика с крепежными отверстиями, 20°.</a></li>
	<li><a target=""_blank"" href=""/catalog/opory_s_podvizhnym_vintom/a00023_opory_s_osnovaniem_iz_plastika_i_plastinoy_antiskolzheniya_20/"">A00023 Опор с основанием из пластика и пластиной антискольжения, 20°.</a></li>
	<li><a target=""_blank"" href=""/catalog/opory_s_podvizhnym_vintom/a00024_opory_s_krepezhnymi_otverstiyami_i_plastinoy_antiskolzheniya_20/"">A00024 Опор с крепежными отверстиями и пластиной антискольжения, 20°.</a></li>
	<li><a target=""_blank"" href=""/catalog/opory_s_podvizhnym_vintom/a00053_opory_sharnirnye_diskovye_20/"">A00053 Шарнирных дисковых опор, 20°.</a></li>
	<li><a target=""_blank"" href=""/catalog/opory_s_podvizhnym_vintom/a00054_opory_sharnirnye_diskovye_so_skvoznymi_otverstiyami_20/"">A00054 Шарнирных дисковых опор со сквозными отверстиями, 20°.</a></li>
	<li><a target=""_blank"" href=""/catalog/opory_s_podvizhnym_vintom/a00055_opory_sharnirnye_diskovye_c_plastinoy_antiskolzheniya_20/"">A00055 Шарнирных дисковых опор c пластиной антискольжения, 20°.</a></li>
	<li><a target=""_blank"" href=""/catalog/opory_s_podvizhnym_vintom/a00056_opory_co_skvoznymi_otverstiyami_i_plastinoy_antiskolzheniya_20/"">A00056 Опор cо сквозными отверстиями и пластиной антискольжения, 20°.</a></li>
	<li><a target=""_blank"" href=""/catalog/opory_diskovye/a00058_opory_diskovye_c_osnovaniem_iz_plastika_i_vintom_iz_stali/"">A00058 Дисковых опор c основанием из пластика и винтом из стали.</a></li>
	<li><a target=""_blank"" href=""/catalog/opory_diskovye/a00059_opory_s_osnovaniem_iz_plastika_i_plastinoy_antiskolzheniya/"">A00059 Опор с основанием из пластика и пластиной антискольжения.</a></li>
	<li><a target=""_blank"" href=""/catalog/gotovye_izdeliya_iz_konstruktsionnogo_profilya/am03045_stoly_slesarnye_sborochnye_beztumbovye/"">AM03045 Сборочных слесарных безтумбовых столов.</a></li>
	<li><a target=""_blank"" href=""/catalog/osnovaniya_dlya_opor/k0415_osnovaniya_sharnirnykh_opor_iz_plastika_20/"">K0415 Оснований шарнирных опор из пластика, 20°.</a></li>
</ul>";A00019.2045;;Белый;36;;;;2716;64,05;;Без отверстий;-;45;;;;;;;;;;;;;;;;;;;;;;;;;;;;;;;;;;;;;;;;;
A00019 Пластины антискольжения для шарнирных опор, 20°;https://alterv.ru/catalog/plastiny_antiskolzheniya_dlya_opor/a00019_plastiny_antiskolzheniya_dlya_sharnirnykh_opor_20/;Алтервиа (Россия);Главная > Каталог > Промышленная фурнитура > Опоры > Опоры сборные > Пластины антискольжения для опор > A00019 Пластины антискольжения для шарнирных опор, 20°;https://alterv.ru/upload/iblock/e7c/2dpz497o37mdvoti1lsst0si2n1xo1jc/a00019_plastiny_antiskolzheniya.png, https://alterv.ru/upload/iblock/d3f/wds4qse0a25dx71qn1ug0pblxr4txsgb/a00019_plastiny_sverhu.png, https://alterv.ru/upload/iblock/b9e/k2bjxgtftvzelxapre8zrcthbswhal3j/a00019_plastiny_snizu.png, https://alterv.ru/upload/iblock/ab6/e5oamg523tjynsehw5ant6p4muznwvpx/a00019_plastiny_sboku.png;https://alterv.ru/upload/iblock/9ba/uv7zpvfwz553msh4vay1lct3ktqfv4pv/a00019_plastiny_antiskolzheniya_chertezh.png;"<h2><span style=""font-size: 13pt;"">Материал:</span></h2>
<ul>
	<li>Термоэластопласт литой под давлением PolygoPlast 811.901.A70.</li>
</ul>
<hr>
<h2><span style=""font-size: 13pt;"">Исполнение (на выбор):</span></h2>
<ul>
	<li>Черного цвета без отверстий (только для пластин с D≤49).</li>
	<li>Белого цвета без отверстий (только для пластин с D≤49).</li>
	<li>Черного цвета с отверстиями (только для пластин с D≥69).</li>
	<li>Белого цвета с отверстиями (только для пластин с D≥69).</li>
</ul>
<hr>
<h2><span style=""font-size: 13pt;"">Пластины подходят для:</span></h2>
<ul>
	<li><a target=""_blank"" href=""/catalog/osnovaniya_dlya_opor/a00015_osnovaniya_sharnirnykh_opor_iz_plastika_20/"">A00015 Оснований шарнирных опор из пластика, 20°.</a></li>
	<li><a target=""_blank"" href=""/catalog/osnovaniya_dlya_opor/a00016_osnovaniya_sharnirnykh_opor_s_krepezhnymi_otverstiyami_20/"">A00016 Оснований шарнирных опор с крепежными отверстиями, 20°.</a></li>
	<li><a target=""_blank"" href=""/catalog/opory_s_podvizhnym_vintom/a00021_opory_sharnirnye_diskovye_s_osnovaniem_iz_plastika_20/"">A00021 Шарнирных дисковых опор с основанием из пластика, 20°.</a></li>
	<li><a target=""_blank"" href=""/catalog/opory_s_podvizhnym_vintom/a00022_opory_s_osnovaniem_iz_plastika_i_krepezhnymi_otverstiyami_20/"">A00022 Опор с основанием из пластика с крепежными отверстиями, 20°.</a></li>
	<li><a target=""_blank"" href=""/catalog/opory_s_podvizhnym_vintom/a00023_opory_s_osnovaniem_iz_plastika_i_plastinoy_antiskolzheniya_20/"">A00023 Опор с основанием из пластика и пластиной антискольжения, 20°.</a></li>
	<li><a target=""_blank"" href=""/catalog/opory_s_podvizhnym_vintom/a00024_opory_s_krepezhnymi_otverstiyami_i_plastinoy_antiskolzheniya_20/"">A00024 Опор с крепежными отверстиями и пластиной антискольжения, 20°.</a></li>
	<li><a target=""_blank"" href=""/catalog/opory_s_podvizhnym_vintom/a00053_opory_sharnirnye_diskovye_20/"">A00053 Шарнирных дисковых опор, 20°.</a></li>
	<li><a target=""_blank"" href=""/catalog/opory_s_podvizhnym_vintom/a00054_opory_sharnirnye_diskovye_so_skvoznymi_otverstiyami_20/"">A00054 Шарнирных дисковых опор со сквозными отверстиями, 20°.</a></li>
	<li><a target=""_blank"" href=""/catalog/opory_s_podvizhnym_vintom/a00055_opory_sharnirnye_diskovye_c_plastinoy_antiskolzheniya_20/"">A00055 Шарнирных дисковых опор c пластиной антискольжения, 20°.</a></li>
	<li><a target=""_blank"" href=""/catalog/opory_s_podvizhnym_vintom/a00056_opory_co_skvoznymi_otverstiyami_i_plastinoy_antiskolzheniya_20/"">A00056 Опор cо сквозными отверстиями и пластиной антискольжения, 20°.</a></li>
	<li><a target=""_blank"" href=""/catalog/opory_diskovye/a00058_opory_diskovye_c_osnovaniem_iz_plastika_i_vintom_iz_stali/"">A00058 Дисковых опор c основанием из пластика и винтом из стали.</a></li>
	<li><a target=""_blank"" href=""/catalog/opory_diskovye/a00059_opory_s_osnovaniem_iz_plastika_i_plastinoy_antiskolzheniya/"">A00059 Опор с основанием из пластика и пластиной антискольжения.</a></li>
	<li><a target=""_blank"" href=""/catalog/gotovye_izdeliya_iz_konstruktsionnogo_profilya/am03045_stoly_slesarnye_sborochnye_beztumbovye/"">AM03045 Сборочных слесарных безтумбовых столов.</a></li>
	<li><a target=""_blank"" href=""/catalog/osnovaniya_dlya_opor/k0415_osnovaniya_sharnirnykh_opor_iz_plastika_20/"">K0415 Оснований шарнирных опор из пластика, 20°.</a></li>
</ul>";A00019.1050;;Черный;38;;;;10278;57,95;;Без отверстий;-;50;;;;;;;;;;;;;;;;;;;;;;;;;;;;;;;;;;;;;;;;;
A00019 Пластины антискольжения для шарнирных опор, 20°;https://alterv.ru/catalog/plastiny_antiskolzheniya_dlya_opor/a00019_plastiny_antiskolzheniya_dlya_sharnirnykh_opor_20/;Алтервиа (Россия);Главная > Каталог > Промышленная фурнитура > Опоры > Опоры сборные > Пластины антискольжения для опор > A00019 Пластины антискольжения для шарнирных опор, 20°;https://alterv.ru/upload/iblock/e7c/2dpz497o37mdvoti1lsst0si2n1xo1jc/a00019_plastiny_antiskolzheniya.png, https://alterv.ru/upload/iblock/d3f/wds4qse0a25dx71qn1ug0pblxr4txsgb/a00019_plastiny_sverhu.png, https://alterv.ru/upload/iblock/b9e/k2bjxgtftvzelxapre8zrcthbswhal3j/a00019_plastiny_snizu.png, https://alterv.ru/upload/iblock/ab6/e5oamg523tjynsehw5ant6p4muznwvpx/a00019_plastiny_sboku.png;https://alterv.ru/upload/iblock/9ba/uv7zpvfwz553msh4vay1lct3ktqfv4pv/a00019_plastiny_antiskolzheniya_chertezh.png;"<h2><span style=""font-size: 13pt;"">Материал:</span></h2>
<ul>
	<li>Термоэластопласт литой под давлением PolygoPlast 811.901.A70.</li>
</ul>
<hr>
<h2><span style=""font-size: 13pt;"">Исполнение (на выбор):</span></h2>
<ul>
	<li>Черного цвета без отверстий (только для пластин с D≤49).</li>
	<li>Белого цвета без отверстий (только для пластин с D≤49).</li>
	<li>Черного цвета с отверстиями (только для пластин с D≥69).</li>
	<li>Белого цвета с отверстиями (только для пластин с D≥69).</li>
</ul>
<hr>
<h2><span style=""font-size: 13pt;"">Пластины подходят для:</span></h2>
<ul>
	<li><a target=""_blank"" href=""/catalog/osnovaniya_dlya_opor/a00015_osnovaniya_sharnirnykh_opor_iz_plastika_20/"">A00015 Оснований шарнирных опор из пластика, 20°.</a></li>
	<li><a target=""_blank"" href=""/catalog/osnovaniya_dlya_opor/a00016_osnovaniya_sharnirnykh_opor_s_krepezhnymi_otverstiyami_20/"">A00016 Оснований шарнирных опор с крепежными отверстиями, 20°.</a></li>
	<li><a target=""_blank"" href=""/catalog/opory_s_podvizhnym_vintom/a00021_opory_sharnirnye_diskovye_s_osnovaniem_iz_plastika_20/"">A00021 Шарнирных дисковых опор с основанием из пластика, 20°.</a></li>
	<li><a target=""_blank"" href=""/catalog/opory_s_podvizhnym_vintom/a00022_opory_s_osnovaniem_iz_plastika_i_krepezhnymi_otverstiyami_20/"">A00022 Опор с основанием из пластика с крепежными отверстиями, 20°.</a></li>
	<li><a target=""_blank"" href=""/catalog/opory_s_podvizhnym_vintom/a00023_opory_s_osnovaniem_iz_plastika_i_plastinoy_antiskolzheniya_20/"">A00023 Опор с основанием из пластика и пластиной антискольжения, 20°.</a></li>
	<li><a target=""_blank"" href=""/catalog/opory_s_podvizhnym_vintom/a00024_opory_s_krepezhnymi_otverstiyami_i_plastinoy_antiskolzheniya_20/"">A00024 Опор с крепежными отверстиями и пластиной антискольжения, 20°.</a></li>
	<li><a target=""_blank"" href=""/catalog/opory_s_podvizhnym_vintom/a00053_opory_sharnirnye_diskovye_20/"">A00053 Шарнирных дисковых опор, 20°.</a></li>
	<li><a target=""_blank"" href=""/catalog/opory_s_podvizhnym_vintom/a00054_opory_sharnirnye_diskovye_so_skvoznymi_otverstiyami_20/"">A00054 Шарнирных дисковых опор со сквозными отверстиями, 20°.</a></li>
	<li><a target=""_blank"" href=""/catalog/opory_s_podvizhnym_vintom/a00055_opory_sharnirnye_diskovye_c_plastinoy_antiskolzheniya_20/"">A00055 Шарнирных дисковых опор c пластиной антискольжения, 20°.</a></li>
	<li><a target=""_blank"" href=""/catalog/opory_s_podvizhnym_vintom/a00056_opory_co_skvoznymi_otverstiyami_i_plastinoy_antiskolzheniya_20/"">A00056 Опор cо сквозными отверстиями и пластиной антискольжения, 20°.</a></li>
	<li><a target=""_blank"" href=""/catalog/opory_diskovye/a00058_opory_diskovye_c_osnovaniem_iz_plastika_i_vintom_iz_stali/"">A00058 Дисковых опор c основанием из пластика и винтом из стали.</a></li>
	<li><a target=""_blank"" href=""/catalog/opory_diskovye/a00059_opory_s_osnovaniem_iz_plastika_i_plastinoy_antiskolzheniya/"">A00059 Опор с основанием из пластика и пластиной антискольжения.</a></li>
	<li><a target=""_blank"" href=""/catalog/gotovye_izdeliya_iz_konstruktsionnogo_profilya/am03045_stoly_slesarnye_sborochnye_beztumbovye/"">AM03045 Сборочных слесарных безтумбовых столов.</a></li>
	<li><a target=""_blank"" href=""/catalog/osnovaniya_dlya_opor/k0415_osnovaniya_sharnirnykh_opor_iz_plastika_20/"">K0415 Оснований шарнирных опор из пластика, 20°.</a></li>
</ul>";A00019.2050;;Белый;38;;;;2150;70,15;;Без отверстий;-;50;;;;;;;;;;;;;;;;;;;;;;;;;;;;;;;;;;;;;;;;;
A00019 Пластины антискольжения для шарнирных опор, 20°;https://alterv.ru/catalog/plastiny_antiskolzheniya_dlya_opor/a00019_plastiny_antiskolzheniya_dlya_sharnirnykh_opor_20/;Алтервиа (Россия);Главная > Каталог > Промышленная фурнитура > Опоры > Опоры сборные > Пластины антискольжения для опор > A00019 Пластины антискольжения для шарнирных опор, 20°;https://alterv.ru/upload/iblock/e7c/2dpz497o37mdvoti1lsst0si2n1xo1jc/a00019_plastiny_antiskolzheniya.png, https://alterv.ru/upload/iblock/d3f/wds4qse0a25dx71qn1ug0pblxr4txsgb/a00019_plastiny_sverhu.png, https://alterv.ru/upload/iblock/b9e/k2bjxgtftvzelxapre8zrcthbswhal3j/a00019_plastiny_snizu.png, https://alterv.ru/upload/iblock/ab6/e5oamg523tjynsehw5ant6p4muznwvpx/a00019_plastiny_sboku.png;https://alterv.ru/upload/iblock/9ba/uv7zpvfwz553msh4vay1lct3ktqfv4pv/a00019_plastiny_antiskolzheniya_chertezh.png;"<h2><span style=""font-size: 13pt;"">Материал:</span></h2>
<ul>
	<li>Термоэластопласт литой под давлением PolygoPlast 811.901.A70.</li>
</ul>
<hr>
<h2><span style=""font-size: 13pt;"">Исполнение (на выбор):</span></h2>
<ul>
	<li>Черного цвета без отверстий (только для пластин с D≤49).</li>
	<li>Белого цвета без отверстий (только для пластин с D≤49).</li>
	<li>Черного цвета с отверстиями (только для пластин с D≥69).</li>
	<li>Белого цвета с отверстиями (только для пластин с D≥69).</li>
</ul>
<hr>
<h2><span style=""font-size: 13pt;"">Пластины подходят для:</span></h2>
<ul>
	<li><a target=""_blank"" href=""/catalog/osnovaniya_dlya_opor/a00015_osnovaniya_sharnirnykh_opor_iz_plastika_20/"">A00015 Оснований шарнирных опор из пластика, 20°.</a></li>
	<li><a target=""_blank"" href=""/catalog/osnovaniya_dlya_opor/a00016_osnovaniya_sharnirnykh_opor_s_krepezhnymi_otverstiyami_20/"">A00016 Оснований шарнирных опор с крепежными отверстиями, 20°.</a></li>
	<li><a target=""_blank"" href=""/catalog/opory_s_podvizhnym_vintom/a00021_opory_sharnirnye_diskovye_s_osnovaniem_iz_plastika_20/"">A00021 Шарнирных дисковых опор с основанием из пластика, 20°.</a></li>
	<li><a target=""_blank"" href=""/catalog/opory_s_podvizhnym_vintom/a00022_opory_s_osnovaniem_iz_plastika_i_krepezhnymi_otverstiyami_20/"">A00022 Опор с основанием из пластика с крепежными отверстиями, 20°.</a></li>
	<li><a target=""_blank"" href=""/catalog/opory_s_podvizhnym_vintom/a00023_opory_s_osnovaniem_iz_plastika_i_plastinoy_antiskolzheniya_20/"">A00023 Опор с основанием из пластика и пластиной антискольжения, 20°.</a></li>
	<li><a target=""_blank"" href=""/catalog/opory_s_podvizhnym_vintom/a00024_opory_s_krepezhnymi_otverstiyami_i_plastinoy_antiskolzheniya_20/"">A00024 Опор с крепежными отверстиями и пластиной антискольжения, 20°.</a></li>
	<li><a target=""_blank"" href=""/catalog/opory_s_podvizhnym_vintom/a00053_opory_sharnirnye_diskovye_20/"">A00053 Шарнирных дисковых опор, 20°.</a></li>
	<li><a target=""_blank"" href=""/catalog/opory_s_podvizhnym_vintom/a00054_opory_sharnirnye_diskovye_so_skvoznymi_otverstiyami_20/"">A00054 Шарнирных дисковых опор со сквозными отверстиями, 20°.</a></li>
	<li><a target=""_blank"" href=""/catalog/opory_s_podvizhnym_vintom/a00055_opory_sharnirnye_diskovye_c_plastinoy_antiskolzheniya_20/"">A00055 Шарнирных дисковых опор c пластиной антискольжения, 20°.</a></li>
	<li><a target=""_blank"" href=""/catalog/opory_s_podvizhnym_vintom/a00056_opory_co_skvoznymi_otverstiyami_i_plastinoy_antiskolzheniya_20/"">A00056 Опор cо сквозными отверстиями и пластиной антискольжения, 20°.</a></li>
	<li><a target=""_blank"" href=""/catalog/opory_diskovye/a00058_opory_diskovye_c_osnovaniem_iz_plastika_i_vintom_iz_stali/"">A00058 Дисковых опор c основанием из пластика и винтом из стали.</a></li>
	<li><a target=""_blank"" href=""/catalog/opory_diskovye/a00059_opory_s_osnovaniem_iz_plastika_i_plastinoy_antiskolzheniya/"">A00059 Опор с основанием из пластика и пластиной антискольжения.</a></li>
	<li><a target=""_blank"" href=""/catalog/gotovye_izdeliya_iz_konstruktsionnogo_profilya/am03045_stoly_slesarnye_sborochnye_beztumbovye/"">AM03045 Сборочных слесарных безтумбовых столов.</a></li>
	<li><a target=""_blank"" href=""/catalog/osnovaniya_dlya_opor/k0415_osnovaniya_sharnirnykh_opor_iz_plastika_20/"">K0415 Оснований шарнирных опор из пластика, 20°.</a></li>
</ul>";A00019.1060;;Черный;49;;;;1258;70,15;;С отверстиями;32;60;;;;;;;;;;;;;;;;;;;;;;;;;;;;;;;;;;;;;;;;;
A00019 Пластины антискольжения для шарнирных опор, 20°;https://alterv.ru/catalog/plastiny_antiskolzheniya_dlya_opor/a00019_plastiny_antiskolzheniya_dlya_sharnirnykh_opor_20/;Алтервиа (Россия);Главная > Каталог > Промышленная фурнитура > Опоры > Опоры сборные > Пластины антискольжения для опор > A00019 Пластины антискольжения для шарнирных опор, 20°;https://alterv.ru/upload/iblock/e7c/2dpz497o37mdvoti1lsst0si2n1xo1jc/a00019_plastiny_antiskolzheniya.png, https://alterv.ru/upload/iblock/d3f/wds4qse0a25dx71qn1ug0pblxr4txsgb/a00019_plastiny_sverhu.png, https://alterv.ru/upload/iblock/b9e/k2bjxgtftvzelxapre8zrcthbswhal3j/a00019_plastiny_snizu.png, https://alterv.ru/upload/iblock/ab6/e5oamg523tjynsehw5ant6p4muznwvpx/a00019_plastiny_sboku.png;https://alterv.ru/upload/iblock/9ba/uv7zpvfwz553msh4vay1lct3ktqfv4pv/a00019_plastiny_antiskolzheniya_chertezh.png;"<h2><span style=""font-size: 13pt;"">Материал:</span></h2>
<ul>
	<li>Термоэластопласт литой под давлением PolygoPlast 811.901.A70.</li>
</ul>
<hr>
<h2><span style=""font-size: 13pt;"">Исполнение (на выбор):</span></h2>
<ul>
	<li>Черного цвета без отверстий (только для пластин с D≤49).</li>
	<li>Белого цвета без отверстий (только для пластин с D≤49).</li>
	<li>Черного цвета с отверстиями (только для пластин с D≥69).</li>
	<li>Белого цвета с отверстиями (только для пластин с D≥69).</li>
</ul>
<hr>
<h2><span style=""font-size: 13pt;"">Пластины подходят для:</span></h2>
<ul>
	<li><a target=""_blank"" href=""/catalog/osnovaniya_dlya_opor/a00015_osnovaniya_sharnirnykh_opor_iz_plastika_20/"">A00015 Оснований шарнирных опор из пластика, 20°.</a></li>
	<li><a target=""_blank"" href=""/catalog/osnovaniya_dlya_opor/a00016_osnovaniya_sharnirnykh_opor_s_krepezhnymi_otverstiyami_20/"">A00016 Оснований шарнирных опор с крепежными отверстиями, 20°.</a></li>
	<li><a target=""_blank"" href=""/catalog/opory_s_podvizhnym_vintom/a00021_opory_sharnirnye_diskovye_s_osnovaniem_iz_plastika_20/"">A00021 Шарнирных дисковых опор с основанием из пластика, 20°.</a></li>
	<li><a target=""_blank"" href=""/catalog/opory_s_podvizhnym_vintom/a00022_opory_s_osnovaniem_iz_plastika_i_krepezhnymi_otverstiyami_20/"">A00022 Опор с основанием из пластика с крепежными отверстиями, 20°.</a></li>
	<li><a target=""_blank"" href=""/catalog/opory_s_podvizhnym_vintom/a00023_opory_s_osnovaniem_iz_plastika_i_plastinoy_antiskolzheniya_20/"">A00023 Опор с основанием из пластика и пластиной антискольжения, 20°.</a></li>
	<li><a target=""_blank"" href=""/catalog/opory_s_podvizhnym_vintom/a00024_opory_s_krepezhnymi_otverstiyami_i_plastinoy_antiskolzheniya_20/"">A00024 Опор с крепежными отверстиями и пластиной антискольжения, 20°.</a></li>
	<li><a target=""_blank"" href=""/catalog/opory_s_podvizhnym_vintom/a00053_opory_sharnirnye_diskovye_20/"">A00053 Шарнирных дисковых опор, 20°.</a></li>
	<li><a target=""_blank"" href=""/catalog/opory_s_podvizhnym_vintom/a00054_opory_sharnirnye_diskovye_so_skvoznymi_otverstiyami_20/"">A00054 Шарнирных дисковых опор со сквозными отверстиями, 20°.</a></li>
	<li><a target=""_blank"" href=""/catalog/opory_s_podvizhnym_vintom/a00055_opory_sharnirnye_diskovye_c_plastinoy_antiskolzheniya_20/"">A00055 Шарнирных дисковых опор c пластиной антискольжения, 20°.</a></li>
	<li><a target=""_blank"" href=""/catalog/opory_s_podvizhnym_vintom/a00056_opory_co_skvoznymi_otverstiyami_i_plastinoy_antiskolzheniya_20/"">A00056 Опор cо сквозными отверстиями и пластиной антискольжения, 20°.</a></li>
	<li><a target=""_blank"" href=""/catalog/opory_diskovye/a00058_opory_diskovye_c_osnovaniem_iz_plastika_i_vintom_iz_stali/"">A00058 Дисковых опор c основанием из пластика и винтом из стали.</a></li>
	<li><a target=""_blank"" href=""/catalog/opory_diskovye/a00059_opory_s_osnovaniem_iz_plastika_i_plastinoy_antiskolzheniya/"">A00059 Опор с основанием из пластика и пластиной антискольжения.</a></li>
	<li><a target=""_blank"" href=""/catalog/gotovye_izdeliya_iz_konstruktsionnogo_profilya/am03045_stoly_slesarnye_sborochnye_beztumbovye/"">AM03045 Сборочных слесарных безтумбовых столов.</a></li>
	<li><a target=""_blank"" href=""/catalog/osnovaniya_dlya_opor/k0415_osnovaniya_sharnirnykh_opor_iz_plastika_20/"">K0415 Оснований шарнирных опор из пластика, 20°.</a></li>
</ul>";A00019.2060;;Белый;49;;;;1650;76,25;;С отверстиями;32;60;;;;;;;;;;;;;;;;;;;;;;;;;;;;;;;;;;;;;;;;;
A00019 Пластины антискольжения для шарнирных опор, 20°;https://alterv.ru/catalog/plastiny_antiskolzheniya_dlya_opor/a00019_plastiny_antiskolzheniya_dlya_sharnirnykh_opor_20/;Алтервиа (Россия);Главная > Каталог > Промышленная фурнитура > Опоры > Опоры сборные > Пластины антискольжения для опор > A00019 Пластины антискольжения для шарнирных опор, 20°;https://alterv.ru/upload/iblock/e7c/2dpz497o37mdvoti1lsst0si2n1xo1jc/a00019_plastiny_antiskolzheniya.png, https://alterv.ru/upload/iblock/d3f/wds4qse0a25dx71qn1ug0pblxr4txsgb/a00019_plastiny_sverhu.png, https://alterv.ru/upload/iblock/b9e/k2bjxgtftvzelxapre8zrcthbswhal3j/a00019_plastiny_snizu.png, https://alterv.ru/upload/iblock/ab6/e5oamg523tjynsehw5ant6p4muznwvpx/a00019_plastiny_sboku.png;https://alterv.ru/upload/iblock/9ba/uv7zpvfwz553msh4vay1lct3ktqfv4pv/a00019_plastiny_antiskolzheniya_chertezh.png;"<h2><span style=""font-size: 13pt;"">Материал:</span></h2>
<ul>
	<li>Термоэластопласт литой под давлением PolygoPlast 811.901.A70.</li>
</ul>
<hr>
<h2><span style=""font-size: 13pt;"">Исполнение (на выбор):</span></h2>
<ul>
	<li>Черного цвета без отверстий (только для пластин с D≤49).</li>
	<li>Белого цвета без отверстий (только для пластин с D≤49).</li>
	<li>Черного цвета с отверстиями (только для пластин с D≥69).</li>
	<li>Белого цвета с отверстиями (только для пластин с D≥69).</li>
</ul>
<hr>
<h2><span style=""font-size: 13pt;"">Пластины подходят для:</span></h2>
<ul>
	<li><a target=""_blank"" href=""/catalog/osnovaniya_dlya_opor/a00015_osnovaniya_sharnirnykh_opor_iz_plastika_20/"">A00015 Оснований шарнирных опор из пластика, 20°.</a></li>
	<li><a target=""_blank"" href=""/catalog/osnovaniya_dlya_opor/a00016_osnovaniya_sharnirnykh_opor_s_krepezhnymi_otverstiyami_20/"">A00016 Оснований шарнирных опор с крепежными отверстиями, 20°.</a></li>
	<li><a target=""_blank"" href=""/catalog/opory_s_podvizhnym_vintom/a00021_opory_sharnirnye_diskovye_s_osnovaniem_iz_plastika_20/"">A00021 Шарнирных дисковых опор с основанием из пластика, 20°.</a></li>
	<li><a target=""_blank"" href=""/catalog/opory_s_podvizhnym_vintom/a00022_opory_s_osnovaniem_iz_plastika_i_krepezhnymi_otverstiyami_20/"">A00022 Опор с основанием из пластика с крепежными отверстиями, 20°.</a></li>
	<li><a target=""_blank"" href=""/catalog/opory_s_podvizhnym_vintom/a00023_opory_s_osnovaniem_iz_plastika_i_plastinoy_antiskolzheniya_20/"">A00023 Опор с основанием из пластика и пластиной антискольжения, 20°.</a></li>
	<li><a target=""_blank"" href=""/catalog/opory_s_podvizhnym_vintom/a00024_opory_s_krepezhnymi_otverstiyami_i_plastinoy_antiskolzheniya_20/"">A00024 Опор с крепежными отверстиями и пластиной антискольжения, 20°.</a></li>
	<li><a target=""_blank"" href=""/catalog/opory_s_podvizhnym_vintom/a00053_opory_sharnirnye_diskovye_20/"">A00053 Шарнирных дисковых опор, 20°.</a></li>
	<li><a target=""_blank"" href=""/catalog/opory_s_podvizhnym_vintom/a00054_opory_sharnirnye_diskovye_so_skvoznymi_otverstiyami_20/"">A00054 Шарнирных дисковых опор со сквозными отверстиями, 20°.</a></li>
	<li><a target=""_blank"" href=""/catalog/opory_s_podvizhnym_vintom/a00055_opory_sharnirnye_diskovye_c_plastinoy_antiskolzheniya_20/"">A00055 Шарнирных дисковых опор c пластиной антискольжения, 20°.</a></li>
	<li><a target=""_blank"" href=""/catalog/opory_s_podvizhnym_vintom/a00056_opory_co_skvoznymi_otverstiyami_i_plastinoy_antiskolzheniya_20/"">A00056 Опор cо сквозными отверстиями и пластиной антискольжения, 20°.</a></li>
	<li><a target=""_blank"" href=""/catalog/opory_diskovye/a00058_opory_diskovye_c_osnovaniem_iz_plastika_i_vintom_iz_stali/"">A00058 Дисковых опор c основанием из пластика и винтом из стали.</a></li>
	<li><a target=""_blank"" href=""/catalog/opory_diskovye/a00059_opory_s_osnovaniem_iz_plastika_i_plastinoy_antiskolzheniya/"">A00059 Опор с основанием из пластика и пластиной антискольжения.</a></li>
	<li><a target=""_blank"" href=""/catalog/gotovye_izdeliya_iz_konstruktsionnogo_profilya/am03045_stoly_slesarnye_sborochnye_beztumbovye/"">AM03045 Сборочных слесарных безтумбовых столов.</a></li>
	<li><a target=""_blank"" href=""/catalog/osnovaniya_dlya_opor/k0415_osnovaniya_sharnirnykh_opor_iz_plastika_20/"">K0415 Оснований шарнирных опор из пластика, 20°.</a></li>
</ul>";A00019.1080;;Черный;69;;;;98;85,4;;С отверстиями;55;80;;;;;;;;;;;;;;;;;;;;;;;;;;;;;;;;;;;;;;;;;
A00019 Пластины антискольжения для шарнирных опор, 20°;https://alterv.ru/catalog/plastiny_antiskolzheniya_dlya_opor/a00019_plastiny_antiskolzheniya_dlya_sharnirnykh_opor_20/;Алтервиа (Россия);Главная > Каталог > Промышленная фурнитура > Опоры > Опоры сборные > Пластины антискольжения для опор > A00019 Пластины антискольжения для шарнирных опор, 20°;https://alterv.ru/upload/iblock/e7c/2dpz497o37mdvoti1lsst0si2n1xo1jc/a00019_plastiny_antiskolzheniya.png, https://alterv.ru/upload/iblock/d3f/wds4qse0a25dx71qn1ug0pblxr4txsgb/a00019_plastiny_sverhu.png, https://alterv.ru/upload/iblock/b9e/k2bjxgtftvzelxapre8zrcthbswhal3j/a00019_plastiny_snizu.png, https://alterv.ru/upload/iblock/ab6/e5oamg523tjynsehw5ant6p4muznwvpx/a00019_plastiny_sboku.png;https://alterv.ru/upload/iblock/9ba/uv7zpvfwz553msh4vay1lct3ktqfv4pv/a00019_plastiny_antiskolzheniya_chertezh.png;"<h2><span style=""font-size: 13pt;"">Материал:</span></h2>
<ul>
	<li>Термоэластопласт литой под давлением PolygoPlast 811.901.A70.</li>
</ul>
<hr>
<h2><span style=""font-size: 13pt;"">Исполнение (на выбор):</span></h2>
<ul>
	<li>Черного цвета без отверстий (только для пластин с D≤49).</li>
	<li>Белого цвета без отверстий (только для пластин с D≤49).</li>
	<li>Черного цвета с отверстиями (только для пластин с D≥69).</li>
	<li>Белого цвета с отверстиями (только для пластин с D≥69).</li>
</ul>
<hr>
<h2><span style=""font-size: 13pt;"">Пластины подходят для:</span></h2>
<ul>
	<li><a target=""_blank"" href=""/catalog/osnovaniya_dlya_opor/a00015_osnovaniya_sharnirnykh_opor_iz_plastika_20/"">A00015 Оснований шарнирных опор из пластика, 20°.</a></li>
	<li><a target=""_blank"" href=""/catalog/osnovaniya_dlya_opor/a00016_osnovaniya_sharnirnykh_opor_s_krepezhnymi_otverstiyami_20/"">A00016 Оснований шарнирных опор с крепежными отверстиями, 20°.</a></li>
	<li><a target=""_blank"" href=""/catalog/opory_s_podvizhnym_vintom/a00021_opory_sharnirnye_diskovye_s_osnovaniem_iz_plastika_20/"">A00021 Шарнирных дисковых опор с основанием из пластика, 20°.</a></li>
	<li><a target=""_blank"" href=""/catalog/opory_s_podvizhnym_vintom/a00022_opory_s_osnovaniem_iz_plastika_i_krepezhnymi_otverstiyami_20/"">A00022 Опор с основанием из пластика с крепежными отверстиями, 20°.</a></li>
	<li><a target=""_blank"" href=""/catalog/opory_s_podvizhnym_vintom/a00023_opory_s_osnovaniem_iz_plastika_i_plastinoy_antiskolzheniya_20/"">A00023 Опор с основанием из пластика и пластиной антискольжения, 20°.</a></li>
	<li><a target=""_blank"" href=""/catalog/opory_s_podvizhnym_vintom/a00024_opory_s_krepezhnymi_otverstiyami_i_plastinoy_antiskolzheniya_20/"">A00024 Опор с крепежными отверстиями и пластиной антискольжения, 20°.</a></li>
	<li><a target=""_blank"" href=""/catalog/opory_s_podvizhnym_vintom/a00053_opory_sharnirnye_diskovye_20/"">A00053 Шарнирных дисковых опор, 20°.</a></li>
	<li><a target=""_blank"" href=""/catalog/opory_s_podvizhnym_vintom/a00054_opory_sharnirnye_diskovye_so_skvoznymi_otverstiyami_20/"">A00054 Шарнирных дисковых опор со сквозными отверстиями, 20°.</a></li>
	<li><a target=""_blank"" href=""/catalog/opory_s_podvizhnym_vintom/a00055_opory_sharnirnye_diskovye_c_plastinoy_antiskolzheniya_20/"">A00055 Шарнирных дисковых опор c пластиной антискольжения, 20°.</a></li>
	<li><a target=""_blank"" href=""/catalog/opory_s_podvizhnym_vintom/a00056_opory_co_skvoznymi_otverstiyami_i_plastinoy_antiskolzheniya_20/"">A00056 Опор cо сквозными отверстиями и пластиной антискольжения, 20°.</a></li>
	<li><a target=""_blank"" href=""/catalog/opory_diskovye/a00058_opory_diskovye_c_osnovaniem_iz_plastika_i_vintom_iz_stali/"">A00058 Дисковых опор c основанием из пластика и винтом из стали.</a></li>
	<li><a target=""_blank"" href=""/catalog/opory_diskovye/a00059_opory_s_osnovaniem_iz_plastika_i_plastinoy_antiskolzheniya/"">A00059 Опор с основанием из пластика и пластиной антискольжения.</a></li>
	<li><a target=""_blank"" href=""/catalog/gotovye_izdeliya_iz_konstruktsionnogo_profilya/am03045_stoly_slesarnye_sborochnye_beztumbovye/"">AM03045 Сборочных слесарных безтумбовых столов.</a></li>
	<li><a target=""_blank"" href=""/catalog/osnovaniya_dlya_opor/k0415_osnovaniya_sharnirnykh_opor_iz_plastika_20/"">K0415 Оснований шарнирных опор из пластика, 20°.</a></li>
</ul>";A00019.2080;;Белый;69;;;;1030;90,99;;С отверстиями;55;80;;;;;;;;;;;;;;;;;;;;;;;;;;;;;;;;;;;;;;;;;
A00019 Пластины антискольжения для шарнирных опор, 20°;https://alterv.ru/catalog/plastiny_antiskolzheniya_dlya_opor/a00019_plastiny_antiskolzheniya_dlya_sharnirnykh_opor_20/;Алтервиа (Россия);Главная > Каталог > Промышленная фурнитура > Опоры > Опоры сборные > Пластины антискольжения для опор > A00019 Пластины антискольжения для шарнирных опор, 20°;https://alterv.ru/upload/iblock/e7c/2dpz497o37mdvoti1lsst0si2n1xo1jc/a00019_plastiny_antiskolzheniya.png, https://alterv.ru/upload/iblock/d3f/wds4qse0a25dx71qn1ug0pblxr4txsgb/a00019_plastiny_sverhu.png, https://alterv.ru/upload/iblock/b9e/k2bjxgtftvzelxapre8zrcthbswhal3j/a00019_plastiny_snizu.png, https://alterv.ru/upload/iblock/ab6/e5oamg523tjynsehw5ant6p4muznwvpx/a00019_plastiny_sboku.png;https://alterv.ru/upload/iblock/9ba/uv7zpvfwz553msh4vay1lct3ktqfv4pv/a00019_plastiny_antiskolzheniya_chertezh.png;"<h2><span style=""font-size: 13pt;"">Материал:</span></h2>
<ul>
	<li>Термоэластопласт литой под давлением PolygoPlast 811.901.A70.</li>
</ul>
<hr>
<h2><span style=""font-size: 13pt;"">Исполнение (на выбор):</span></h2>
<ul>
	<li>Черного цвета без отверстий (только для пластин с D≤49).</li>
	<li>Белого цвета без отверстий (только для пластин с D≤49).</li>
	<li>Черного цвета с отверстиями (только для пластин с D≥69).</li>
	<li>Белого цвета с отверстиями (только для пластин с D≥69).</li>
</ul>
<hr>
<h2><span style=""font-size: 13pt;"">Пластины подходят для:</span></h2>
<ul>
	<li><a target=""_blank"" href=""/catalog/osnovaniya_dlya_opor/a00015_osnovaniya_sharnirnykh_opor_iz_plastika_20/"">A00015 Оснований шарнирных опор из пластика, 20°.</a></li>
	<li><a target=""_blank"" href=""/catalog/osnovaniya_dlya_opor/a00016_osnovaniya_sharnirnykh_opor_s_krepezhnymi_otverstiyami_20/"">A00016 Оснований шарнирных опор с крепежными отверстиями, 20°.</a></li>
	<li><a target=""_blank"" href=""/catalog/opory_s_podvizhnym_vintom/a00021_opory_sharnirnye_diskovye_s_osnovaniem_iz_plastika_20/"">A00021 Шарнирных дисковых опор с основанием из пластика, 20°.</a></li>
	<li><a target=""_blank"" href=""/catalog/opory_s_podvizhnym_vintom/a00022_opory_s_osnovaniem_iz_plastika_i_krepezhnymi_otverstiyami_20/"">A00022 Опор с основанием из пластика с крепежными отверстиями, 20°.</a></li>
	<li><a target=""_blank"" href=""/catalog/opory_s_podvizhnym_vintom/a00023_opory_s_osnovaniem_iz_plastika_i_plastinoy_antiskolzheniya_20/"">A00023 Опор с основанием из пластика и пластиной антискольжения, 20°.</a></li>
	<li><a target=""_blank"" href=""/catalog/opory_s_podvizhnym_vintom/a00024_opory_s_krepezhnymi_otverstiyami_i_plastinoy_antiskolzheniya_20/"">A00024 Опор с крепежными отверстиями и пластиной антискольжения, 20°.</a></li>
	<li><a target=""_blank"" href=""/catalog/opory_s_podvizhnym_vintom/a00053_opory_sharnirnye_diskovye_20/"">A00053 Шарнирных дисковых опор, 20°.</a></li>
	<li><a target=""_blank"" href=""/catalog/opory_s_podvizhnym_vintom/a00054_opory_sharnirnye_diskovye_so_skvoznymi_otverstiyami_20/"">A00054 Шарнирных дисковых опор со сквозными отверстиями, 20°.</a></li>
	<li><a target=""_blank"" href=""/catalog/opory_s_podvizhnym_vintom/a00055_opory_sharnirnye_diskovye_c_plastinoy_antiskolzheniya_20/"">A00055 Шарнирных дисковых опор c пластиной антискольжения, 20°.</a></li>
	<li><a target=""_blank"" href=""/catalog/opory_s_podvizhnym_vintom/a00056_opory_co_skvoznymi_otverstiyami_i_plastinoy_antiskolzheniya_20/"">A00056 Опор cо сквозными отверстиями и пластиной антискольжения, 20°.</a></li>
	<li><a target=""_blank"" href=""/catalog/opory_diskovye/a00058_opory_diskovye_c_osnovaniem_iz_plastika_i_vintom_iz_stali/"">A00058 Дисковых опор c основанием из пластика и винтом из стали.</a></li>
	<li><a target=""_blank"" href=""/catalog/opory_diskovye/a00059_opory_s_osnovaniem_iz_plastika_i_plastinoy_antiskolzheniya/"">A00059 Опор с основанием из пластика и пластиной антискольжения.</a></li>
	<li><a target=""_blank"" href=""/catalog/gotovye_izdeliya_iz_konstruktsionnogo_profilya/am03045_stoly_slesarnye_sborochnye_beztumbovye/"">AM03045 Сборочных слесарных безтумбовых столов.</a></li>
	<li><a target=""_blank"" href=""/catalog/osnovaniya_dlya_opor/k0415_osnovaniya_sharnirnykh_opor_iz_plastika_20/"">K0415 Оснований шарнирных опор из пластика, 20°.</a></li>
</ul>";A00019.1100;;Черный;88;;;;5284;128,1;;С отверстиями;74;100;;;;;;;;;;;;;;;;;;;;;;;;;;;;;;;;;;;;;;;;;
A00019 Пластины антискольжения для шарнирных опор, 20°;https://alterv.ru/catalog/plastiny_antiskolzheniya_dlya_opor/a00019_plastiny_antiskolzheniya_dlya_sharnirnykh_opor_20/;Алтервиа (Россия);Главная > Каталог > Промышленная фурнитура > Опоры > Опоры сборные > Пластины антискольжения для опор > A00019 Пластины антискольжения для шарнирных опор, 20°;https://alterv.ru/upload/iblock/e7c/2dpz497o37mdvoti1lsst0si2n1xo1jc/a00019_plastiny_antiskolzheniya.png, https://alterv.ru/upload/iblock/d3f/wds4qse0a25dx71qn1ug0pblxr4txsgb/a00019_plastiny_sverhu.png, https://alterv.ru/upload/iblock/b9e/k2bjxgtftvzelxapre8zrcthbswhal3j/a00019_plastiny_snizu.png, https://alterv.ru/upload/iblock/ab6/e5oamg523tjynsehw5ant6p4muznwvpx/a00019_plastiny_sboku.png;https://alterv.ru/upload/iblock/9ba/uv7zpvfwz553msh4vay1lct3ktqfv4pv/a00019_plastiny_antiskolzheniya_chertezh.png;"<h2><span style=""font-size: 13pt;"">Материал:</span></h2>
<ul>
	<li>Термоэластопласт литой под давлением PolygoPlast 811.901.A70.</li>
</ul>
<hr>
<h2><span style=""font-size: 13pt;"">Исполнение (на выбор):</span></h2>
<ul>
	<li>Черного цвета без отверстий (только для пластин с D≤49).</li>
	<li>Белого цвета без отверстий (только для пластин с D≤49).</li>
	<li>Черного цвета с отверстиями (только для пластин с D≥69).</li>
	<li>Белого цвета с отверстиями (только для пластин с D≥69).</li>
</ul>
<hr>
<h2><span style=""font-size: 13pt;"">Пластины подходят для:</span></h2>
<ul>
	<li><a target=""_blank"" href=""/catalog/osnovaniya_dlya_opor/a00015_osnovaniya_sharnirnykh_opor_iz_plastika_20/"">A00015 Оснований шарнирных опор из пластика, 20°.</a></li>
	<li><a target=""_blank"" href=""/catalog/osnovaniya_dlya_opor/a00016_osnovaniya_sharnirnykh_opor_s_krepezhnymi_otverstiyami_20/"">A00016 Оснований шарнирных опор с крепежными отверстиями, 20°.</a></li>
	<li><a target=""_blank"" href=""/catalog/opory_s_podvizhnym_vintom/a00021_opory_sharnirnye_diskovye_s_osnovaniem_iz_plastika_20/"">A00021 Шарнирных дисковых опор с основанием из пластика, 20°.</a></li>
	<li><a target=""_blank"" href=""/catalog/opory_s_podvizhnym_vintom/a00022_opory_s_osnovaniem_iz_plastika_i_krepezhnymi_otverstiyami_20/"">A00022 Опор с основанием из пластика с крепежными отверстиями, 20°.</a></li>
	<li><a target=""_blank"" href=""/catalog/opory_s_podvizhnym_vintom/a00023_opory_s_osnovaniem_iz_plastika_i_plastinoy_antiskolzheniya_20/"">A00023 Опор с основанием из пластика и пластиной антискольжения, 20°.</a></li>
	<li><a target=""_blank"" href=""/catalog/opory_s_podvizhnym_vintom/a00024_opory_s_krepezhnymi_otverstiyami_i_plastinoy_antiskolzheniya_20/"">A00024 Опор с крепежными отверстиями и пластиной антискольжения, 20°.</a></li>
	<li><a target=""_blank"" href=""/catalog/opory_s_podvizhnym_vintom/a00053_opory_sharnirnye_diskovye_20/"">A00053 Шарнирных дисковых опор, 20°.</a></li>
	<li><a target=""_blank"" href=""/catalog/opory_s_podvizhnym_vintom/a00054_opory_sharnirnye_diskovye_so_skvoznymi_otverstiyami_20/"">A00054 Шарнирных дисковых опор со сквозными отверстиями, 20°.</a></li>
	<li><a target=""_blank"" href=""/catalog/opory_s_podvizhnym_vintom/a00055_opory_sharnirnye_diskovye_c_plastinoy_antiskolzheniya_20/"">A00055 Шарнирных дисковых опор c пластиной антискольжения, 20°.</a></li>
	<li><a target=""_blank"" href=""/catalog/opory_s_podvizhnym_vintom/a00056_opory_co_skvoznymi_otverstiyami_i_plastinoy_antiskolzheniya_20/"">A00056 Опор cо сквозными отверстиями и пластиной антискольжения, 20°.</a></li>
	<li><a target=""_blank"" href=""/catalog/opory_diskovye/a00058_opory_diskovye_c_osnovaniem_iz_plastika_i_vintom_iz_stali/"">A00058 Дисковых опор c основанием из пластика и винтом из стали.</a></li>
	<li><a target=""_blank"" href=""/catalog/opory_diskovye/a00059_opory_s_osnovaniem_iz_plastika_i_plastinoy_antiskolzheniya/"">A00059 Опор с основанием из пластика и пластиной антискольжения.</a></li>
	<li><a target=""_blank"" href=""/catalog/gotovye_izdeliya_iz_konstruktsionnogo_profilya/am03045_stoly_slesarnye_sborochnye_beztumbovye/"">AM03045 Сборочных слесарных безтумбовых столов.</a></li>
	<li><a target=""_blank"" href=""/catalog/osnovaniya_dlya_opor/k0415_osnovaniya_sharnirnykh_opor_iz_plastika_20/"">K0415 Оснований шарнирных опор из пластика, 20°.</a></li>
</ul>";A00019.2100;;Белый;88;;;;3670;141,32;;С отверстиями;74;100;;;;;;;;;;;;;;;;;;;;;;;;;;;;;;;;;;;;;;;;;
A00019 Пластины антискольжения для шарнирных опор, 20°;https://alterv.ru/catalog/plastiny_antiskolzheniya_dlya_opor/a00019_plastiny_antiskolzheniya_dlya_sharnirnykh_opor_20/;Алтервиа (Россия);Главная > Каталог > Промышленная фурнитура > Опоры > Опоры сборные > Пластины антискольжения для опор > A00019 Пластины антискольжения для шарнирных опор, 20°;https://alterv.ru/upload/iblock/e7c/2dpz497o37mdvoti1lsst0si2n1xo1jc/a00019_plastiny_antiskolzheniya.png, https://alterv.ru/upload/iblock/d3f/wds4qse0a25dx71qn1ug0pblxr4txsgb/a00019_plastiny_sverhu.png, https://alterv.ru/upload/iblock/b9e/k2bjxgtftvzelxapre8zrcthbswhal3j/a00019_plastiny_snizu.png, https://alterv.ru/upload/iblock/ab6/e5oamg523tjynsehw5ant6p4muznwvpx/a00019_plastiny_sboku.png;https://alterv.ru/upload/iblock/9ba/uv7zpvfwz553msh4vay1lct3ktqfv4pv/a00019_plastiny_antiskolzheniya_chertezh.png;"<h2><span style=""font-size: 13pt;"">Материал:</span></h2>
<ul>
	<li>Термоэластопласт литой под давлением PolygoPlast 811.901.A70.</li>
</ul>
<hr>
<h2><span style=""font-size: 13pt;"">Исполнение (на выбор):</span></h2>
<ul>
	<li>Черного цвета без отверстий (только для пластин с D≤49).</li>
	<li>Белого цвета без отверстий (только для пластин с D≤49).</li>
	<li>Черного цвета с отверстиями (только для пластин с D≥69).</li>
	<li>Белого цвета с отверстиями (только для пластин с D≥69).</li>
</ul>
<hr>
<h2><span style=""font-size: 13pt;"">Пластины подходят для:</span></h2>
<ul>
	<li><a target=""_blank"" href=""/catalog/osnovaniya_dlya_opor/a00015_osnovaniya_sharnirnykh_opor_iz_plastika_20/"">A00015 Оснований шарнирных опор из пластика, 20°.</a></li>
	<li><a target=""_blank"" href=""/catalog/osnovaniya_dlya_opor/a00016_osnovaniya_sharnirnykh_opor_s_krepezhnymi_otverstiyami_20/"">A00016 Оснований шарнирных опор с крепежными отверстиями, 20°.</a></li>
	<li><a target=""_blank"" href=""/catalog/opory_s_podvizhnym_vintom/a00021_opory_sharnirnye_diskovye_s_osnovaniem_iz_plastika_20/"">A00021 Шарнирных дисковых опор с основанием из пластика, 20°.</a></li>
	<li><a target=""_blank"" href=""/catalog/opory_s_podvizhnym_vintom/a00022_opory_s_osnovaniem_iz_plastika_i_krepezhnymi_otverstiyami_20/"">A00022 Опор с основанием из пластика с крепежными отверстиями, 20°.</a></li>
	<li><a target=""_blank"" href=""/catalog/opory_s_podvizhnym_vintom/a00023_opory_s_osnovaniem_iz_plastika_i_plastinoy_antiskolzheniya_20/"">A00023 Опор с основанием из пластика и пластиной антискольжения, 20°.</a></li>
	<li><a target=""_blank"" href=""/catalog/opory_s_podvizhnym_vintom/a00024_opory_s_krepezhnymi_otverstiyami_i_plastinoy_antiskolzheniya_20/"">A00024 Опор с крепежными отверстиями и пластиной антискольжения, 20°.</a></li>
	<li><a target=""_blank"" href=""/catalog/opory_s_podvizhnym_vintom/a00053_opory_sharnirnye_diskovye_20/"">A00053 Шарнирных дисковых опор, 20°.</a></li>
	<li><a target=""_blank"" href=""/catalog/opory_s_podvizhnym_vintom/a00054_opory_sharnirnye_diskovye_so_skvoznymi_otverstiyami_20/"">A00054 Шарнирных дисковых опор со сквозными отверстиями, 20°.</a></li>
	<li><a target=""_blank"" href=""/catalog/opory_s_podvizhnym_vintom/a00055_opory_sharnirnye_diskovye_c_plastinoy_antiskolzheniya_20/"">A00055 Шарнирных дисковых опор c пластиной антискольжения, 20°.</a></li>
	<li><a target=""_blank"" href=""/catalog/opory_s_podvizhnym_vintom/a00056_opory_co_skvoznymi_otverstiyami_i_plastinoy_antiskolzheniya_20/"">A00056 Опор cо сквозными отверстиями и пластиной антискольжения, 20°.</a></li>
	<li><a target=""_blank"" href=""/catalog/opory_diskovye/a00058_opory_diskovye_c_osnovaniem_iz_plastika_i_vintom_iz_stali/"">A00058 Дисковых опор c основанием из пластика и винтом из стали.</a></li>
	<li><a target=""_blank"" href=""/catalog/opory_diskovye/a00059_opory_s_osnovaniem_iz_plastika_i_plastinoy_antiskolzheniya/"">A00059 Опор с основанием из пластика и пластиной антискольжения.</a></li>
	<li><a target=""_blank"" href=""/catalog/gotovye_izdeliya_iz_konstruktsionnogo_profilya/am03045_stoly_slesarnye_sborochnye_beztumbovye/"">AM03045 Сборочных слесарных безтумбовых столов.</a></li>
	<li><a target=""_blank"" href=""/catalog/osnovaniya_dlya_opor/k0415_osnovaniya_sharnirnykh_opor_iz_plastika_20/"">K0415 Оснований шарнирных опор из пластика, 20°.</a></li>
</ul>";A00019.1120;;Черный;109;;;;9694;179,95;;С отверстиями;94;120;;;;;;;;;;;;;;;;;;;;;;;;;;;;;;;;;;;;;;;;;
A00019 Пластины антискольжения для шарнирных опор, 20°;https://alterv.ru/catalog/plastiny_antiskolzheniya_dlya_opor/a00019_plastiny_antiskolzheniya_dlya_sharnirnykh_opor_20/;Алтервиа (Россия);Главная > Каталог > Промышленная фурнитура > Опоры > Опоры сборные > Пластины антискольжения для опор > A00019 Пластины антискольжения для шарнирных опор, 20°;https://alterv.ru/upload/iblock/e7c/2dpz497o37mdvoti1lsst0si2n1xo1jc/a00019_plastiny_antiskolzheniya.png, https://alterv.ru/upload/iblock/d3f/wds4qse0a25dx71qn1ug0pblxr4txsgb/a00019_plastiny_sverhu.png, https://alterv.ru/upload/iblock/b9e/k2bjxgtftvzelxapre8zrcthbswhal3j/a00019_plastiny_snizu.png, https://alterv.ru/upload/iblock/ab6/e5oamg523tjynsehw5ant6p4muznwvpx/a00019_plastiny_sboku.png;https://alterv.ru/upload/iblock/9ba/uv7zpvfwz553msh4vay1lct3ktqfv4pv/a00019_plastiny_antiskolzheniya_chertezh.png;"<h2><span style=""font-size: 13pt;"">Материал:</span></h2>
<ul>
	<li>Термоэластопласт литой под давлением PolygoPlast 811.901.A70.</li>
</ul>
<hr>
<h2><span style=""font-size: 13pt;"">Исполнение (на выбор):</span></h2>
<ul>
	<li>Черного цвета без отверстий (только для пластин с D≤49).</li>
	<li>Белого цвета без отверстий (только для пластин с D≤49).</li>
	<li>Черного цвета с отверстиями (только для пластин с D≥69).</li>
	<li>Белого цвета с отверстиями (только для пластин с D≥69).</li>
</ul>
<hr>
<h2><span style=""font-size: 13pt;"">Пластины подходят для:</span></h2>
<ul>
	<li><a target=""_blank"" href=""/catalog/osnovaniya_dlya_opor/a00015_osnovaniya_sharnirnykh_opor_iz_plastika_20/"">A00015 Оснований шарнирных опор из пластика, 20°.</a></li>
	<li><a target=""_blank"" href=""/catalog/osnovaniya_dlya_opor/a00016_osnovaniya_sharnirnykh_opor_s_krepezhnymi_otverstiyami_20/"">A00016 Оснований шарнирных опор с крепежными отверстиями, 20°.</a></li>
	<li><a target=""_blank"" href=""/catalog/opory_s_podvizhnym_vintom/a00021_opory_sharnirnye_diskovye_s_osnovaniem_iz_plastika_20/"">A00021 Шарнирных дисковых опор с основанием из пластика, 20°.</a></li>
	<li><a target=""_blank"" href=""/catalog/opory_s_podvizhnym_vintom/a00022_opory_s_osnovaniem_iz_plastika_i_krepezhnymi_otverstiyami_20/"">A00022 Опор с основанием из пластика с крепежными отверстиями, 20°.</a></li>
	<li><a target=""_blank"" href=""/catalog/opory_s_podvizhnym_vintom/a00023_opory_s_osnovaniem_iz_plastika_i_plastinoy_antiskolzheniya_20/"">A00023 Опор с основанием из пластика и пластиной антискольжения, 20°.</a></li>
	<li><a target=""_blank"" href=""/catalog/opory_s_podvizhnym_vintom/a00024_opory_s_krepezhnymi_otverstiyami_i_plastinoy_antiskolzheniya_20/"">A00024 Опор с крепежными отверстиями и пластиной антискольжения, 20°.</a></li>
	<li><a target=""_blank"" href=""/catalog/opory_s_podvizhnym_vintom/a00053_opory_sharnirnye_diskovye_20/"">A00053 Шарнирных дисковых опор, 20°.</a></li>
	<li><a target=""_blank"" href=""/catalog/opory_s_podvizhnym_vintom/a00054_opory_sharnirnye_diskovye_so_skvoznymi_otverstiyami_20/"">A00054 Шарнирных дисковых опор со сквозными отверстиями, 20°.</a></li>
	<li><a target=""_blank"" href=""/catalog/opory_s_podvizhnym_vintom/a00055_opory_sharnirnye_diskovye_c_plastinoy_antiskolzheniya_20/"">A00055 Шарнирных дисковых опор c пластиной антискольжения, 20°.</a></li>
	<li><a target=""_blank"" href=""/catalog/opory_s_podvizhnym_vintom/a00056_opory_co_skvoznymi_otverstiyami_i_plastinoy_antiskolzheniya_20/"">A00056 Опор cо сквозными отверстиями и пластиной антискольжения, 20°.</a></li>
	<li><a target=""_blank"" href=""/catalog/opory_diskovye/a00058_opory_diskovye_c_osnovaniem_iz_plastika_i_vintom_iz_stali/"">A00058 Дисковых опор c основанием из пластика и винтом из стали.</a></li>
	<li><a target=""_blank"" href=""/catalog/opory_diskovye/a00059_opory_s_osnovaniem_iz_plastika_i_plastinoy_antiskolzheniya/"">A00059 Опор с основанием из пластика и пластиной антискольжения.</a></li>
	<li><a target=""_blank"" href=""/catalog/gotovye_izdeliya_iz_konstruktsionnogo_profilya/am03045_stoly_slesarnye_sborochnye_beztumbovye/"">AM03045 Сборочных слесарных безтумбовых столов.</a></li>
	<li><a target=""_blank"" href=""/catalog/osnovaniya_dlya_opor/k0415_osnovaniya_sharnirnykh_opor_iz_plastika_20/"">K0415 Оснований шарнирных опор из пластика, 20°.</a></li>
</ul>";A00019.2120;;Белый;109;;;;4852;192,15;;С отверстиями;94;120;;;;;;;;;;;;;;;;;;;;;;;;;;;;;;;;;;;;;;;;;
PAM Пластины антискольжения для шарнирных опор;https://alterv.ru/catalog/plastiny_antiskolzheniya_dlya_opor/pam_plastiny_antiskolzheniya_dlya_sharnirnykh_opor/;EMES;Главная > Каталог > Промышленная фурнитура > Опоры > Опоры сборные > Пластины антискольжения для опор > PAM Пластины антискольжения для шарнирных опор;https://alterv.ru/upload/iblock/723/ulgsjwyt63oh9jxal41wlnnicyc6rww1/pam_plastiny_antiskolzheniya.png, https://alterv.ru/upload/iblock/4f8/bp5qbj5ddarhbqqaam20t051d5ev1yik/pam_plastiny_sverhu.png;;"<h2><span style=""font-size: 13pt;"">Материал:</span></h2>
<ul>
	<li>Каучук.</li>
</ul>
<hr>
<h2><span style=""font-size: 13pt;"">Исполнение:</span></h2>
<ul>
	<li>Каучук черного цвета.</li>
</ul>";PAM50RUBBER;Каучук;;;;;;60;81,82;;;;50;;;;;;;;;;;;;;;;;;;;;;;;41;;;;;;;;;;;;;;;;;PAM500845, PAM500860, PAM501090, PAM501250
PAM Пластины антискольжения для шарнирных опор;https://alterv.ru/catalog/plastiny_antiskolzheniya_dlya_opor/pam_plastiny_antiskolzheniya_dlya_sharnirnykh_opor/;EMES;Главная > Каталог > Промышленная фурнитура > Опоры > Опоры сборные > Пластины антискольжения для опор > PAM Пластины антискольжения для шарнирных опор;https://alterv.ru/upload/iblock/723/ulgsjwyt63oh9jxal41wlnnicyc6rww1/pam_plastiny_antiskolzheniya.png, https://alterv.ru/upload/iblock/4f8/bp5qbj5ddarhbqqaam20t051d5ev1yik/pam_plastiny_sverhu.png;;"<h2><span style=""font-size: 13pt;"">Материал:</span></h2>
<ul>
	<li>Каучук.</li>
</ul>
<hr>
<h2><span style=""font-size: 13pt;"">Исполнение:</span></h2>
<ul>
	<li>Каучук черного цвета.</li>
</ul>";PAM60RUBBER;Каучук;;;;;;61;133,14;;;;60;;;;;;;;;;;;;;;;;;;;;;;;51;;;;;;;;;;;;;;;;;PAM600845, PAM601050, PAM601090, PAM601215, PAM601610, PAM601615, PAM602010
K0419 Основания шарнирных опор виброизолирующие, 20°;https://alterv.ru/catalog/osnovaniya_dlya_opor/k0419_osnovaniya_sharnirnykh_opor_vibroizoliruyushchie_20/;Kipp;Главная > Каталог > Промышленная фурнитура > Опоры > Опоры сборные > Основания шарнирных опор > K0419 Основания шарнирных опор виброизолирующие, 20°;https://alterv.ru/upload/iblock/6cc/6cca23070167bef28ae589229e0e44f4.png;https://alterv.ru/upload/iblock/ee5/k0419_opory_chertezh.jpg;"<h2><span style=""font-size: 13pt;"">Материал:</span></h2>
<ul>
	<li>Диск из цинкового сплава, или нержавеющей стали 1.4305.</li>
	<li>Изоляционная плита из полиуретан-эластомера (Sylomer V12).</li>
</ul>
<hr>
<h2><span style=""font-size: 13pt;"">Исполнение:</span></h2>
<ul>
	<li>Круглые основания опор.</li>
	<li>Диск из цинка c черным порошковым покрытием.</li>
	<li>Диск из нержавеющей стали без покрытия.</li>
	<li>Изоляционная пластина серая, клееная, нескользящая.</li>
</ul>
<hr>
<h2><span style=""font-size: 13pt;"">Указания по применению:</span></h2>
<ul>
	<li>Данные основания хорошо подходят для промышленного оборудования, станков (в том числе и с ЧПУ), производственных столов и мебели.</li>
	<li>Указанная в таблице допустимая нагрузка является рекомендацией, показывающей до какой перманентно-статической нагрузки может применяется данный элемент амортизации.</li>
	<li>Изоляционная пластина поглощает вибрации и предотвращает скольжение основания.</li>
	<li>Шарнирные опоры компонуются из основания и винта или шаровой головки.</li>
	<li>Каждое основание опоры может комбинироваться с любым винтом или шаровой головкой.</li>
	<li>Диапазон температур: от -30 °C до +70 °C.</li>
</ul>
<hr>
<h2><span style=""font-size: 13pt;"">Основания подходят для:</span></h2>
<ul>
	<li><a target=""_blank"" href=""/catalog/opory_s_podvizhnym_vintom/a00021_opory_sharnirnye_diskovye_s_osnovaniem_iz_plastika_20/"">A00021 Шарнирных дисковых опор с основанием из пластика, 20°.</a></li>
	<li><a target=""_blank"" href=""/catalog/opory_s_podvizhnym_vintom/a00022_opory_s_osnovaniem_iz_plastika_i_krepezhnymi_otverstiyami_20/"">A00022 Опор с основанием из пластика и крепежными отверстиями, 20°.</a></li>
	<li><a target=""_blank"" href=""/catalog/opory_s_podvizhnym_vintom/a00023_opory_s_osnovaniem_iz_plastika_i_plastinoy_antiskolzheniya_20/"">A00023 Опор с основанием из пластика и пластиной антискольжения, 20°.</a></li>
	<li><a target=""_blank"" href=""/catalog/opory_s_podvizhnym_vintom/a00024_opory_s_krepezhnymi_otverstiyami_i_plastinoy_antiskolzheniya_20/"">A00024 Опор с крепежными отверстиями и пластиной антискольжения, 20°.</a></li>
</ul>";K0419.20401;;;40;30,5;6,32;;18;1550,51;;;;;;;;;;;25;;7;;Цинк;;;;;;;;;;;;;;;;;;5,9;;;4,8;;;;;;;;;
K0419 Основания шарнирных опор виброизолирующие, 20°;https://alterv.ru/catalog/osnovaniya_dlya_opor/k0419_osnovaniya_sharnirnykh_opor_vibroizoliruyushchie_20/;Kipp;Главная > Каталог > Промышленная фурнитура > Опоры > Опоры сборные > Основания шарнирных опор > K0419 Основания шарнирных опор виброизолирующие, 20°;https://alterv.ru/upload/iblock/6cc/6cca23070167bef28ae589229e0e44f4.png;https://alterv.ru/upload/iblock/ee5/k0419_opory_chertezh.jpg;"<h2><span style=""font-size: 13pt;"">Материал:</span></h2>
<ul>
	<li>Диск из цинкового сплава, или нержавеющей стали 1.4305.</li>
	<li>Изоляционная плита из полиуретан-эластомера (Sylomer V12).</li>
</ul>
<hr>
<h2><span style=""font-size: 13pt;"">Исполнение:</span></h2>
<ul>
	<li>Круглые основания опор.</li>
	<li>Диск из цинка c черным порошковым покрытием.</li>
	<li>Диск из нержавеющей стали без покрытия.</li>
	<li>Изоляционная пластина серая, клееная, нескользящая.</li>
</ul>
<hr>
<h2><span style=""font-size: 13pt;"">Указания по применению:</span></h2>
<ul>
	<li>Данные основания хорошо подходят для промышленного оборудования, станков (в том числе и с ЧПУ), производственных столов и мебели.</li>
	<li>Указанная в таблице допустимая нагрузка является рекомендацией, показывающей до какой перманентно-статической нагрузки может применяется данный элемент амортизации.</li>
	<li>Изоляционная пластина поглощает вибрации и предотвращает скольжение основания.</li>
	<li>Шарнирные опоры компонуются из основания и винта или шаровой головки.</li>
	<li>Каждое основание опоры может комбинироваться с любым винтом или шаровой головкой.</li>
	<li>Диапазон температур: от -30 °C до +70 °C.</li>
</ul>
<hr>
<h2><span style=""font-size: 13pt;"">Основания подходят для:</span></h2>
<ul>
	<li><a target=""_blank"" href=""/catalog/opory_s_podvizhnym_vintom/a00021_opory_sharnirnye_diskovye_s_osnovaniem_iz_plastika_20/"">A00021 Шарнирных дисковых опор с основанием из пластика, 20°.</a></li>
	<li><a target=""_blank"" href=""/catalog/opory_s_podvizhnym_vintom/a00022_opory_s_osnovaniem_iz_plastika_i_krepezhnymi_otverstiyami_20/"">A00022 Опор с основанием из пластика и крепежными отверстиями, 20°.</a></li>
	<li><a target=""_blank"" href=""/catalog/opory_s_podvizhnym_vintom/a00023_opory_s_osnovaniem_iz_plastika_i_plastinoy_antiskolzheniya_20/"">A00023 Опор с основанием из пластика и пластиной антискольжения, 20°.</a></li>
	<li><a target=""_blank"" href=""/catalog/opory_s_podvizhnym_vintom/a00024_opory_s_krepezhnymi_otverstiyami_i_plastinoy_antiskolzheniya_20/"">A00024 Опор с крепежными отверстиями и пластиной антискольжения, 20°.</a></li>
</ul>";K0419.20501;;;50;40,5;21,62;;15;1886,08;;;;;;;;;;;25;;7;;Цинк;;;;;;;;;;;;;;;;;;5,9;;;4,8;;;;;;;;;
K0419 Основания шарнирных опор виброизолирующие, 20°;https://alterv.ru/catalog/osnovaniya_dlya_opor/k0419_osnovaniya_sharnirnykh_opor_vibroizoliruyushchie_20/;Kipp;Главная > Каталог > Промышленная фурнитура > Опоры > Опоры сборные > Основания шарнирных опор > K0419 Основания шарнирных опор виброизолирующие, 20°;https://alterv.ru/upload/iblock/6cc/6cca23070167bef28ae589229e0e44f4.png;https://alterv.ru/upload/iblock/ee5/k0419_opory_chertezh.jpg;"<h2><span style=""font-size: 13pt;"">Материал:</span></h2>
<ul>
	<li>Диск из цинкового сплава, или нержавеющей стали 1.4305.</li>
	<li>Изоляционная плита из полиуретан-эластомера (Sylomer V12).</li>
</ul>
<hr>
<h2><span style=""font-size: 13pt;"">Исполнение:</span></h2>
<ul>
	<li>Круглые основания опор.</li>
	<li>Диск из цинка c черным порошковым покрытием.</li>
	<li>Диск из нержавеющей стали без покрытия.</li>
	<li>Изоляционная пластина серая, клееная, нескользящая.</li>
</ul>
<hr>
<h2><span style=""font-size: 13pt;"">Указания по применению:</span></h2>
<ul>
	<li>Данные основания хорошо подходят для промышленного оборудования, станков (в том числе и с ЧПУ), производственных столов и мебели.</li>
	<li>Указанная в таблице допустимая нагрузка является рекомендацией, показывающей до какой перманентно-статической нагрузки может применяется данный элемент амортизации.</li>
	<li>Изоляционная пластина поглощает вибрации и предотвращает скольжение основания.</li>
	<li>Шарнирные опоры компонуются из основания и винта или шаровой головки.</li>
	<li>Каждое основание опоры может комбинироваться с любым винтом или шаровой головкой.</li>
	<li>Диапазон температур: от -30 °C до +70 °C.</li>
</ul>
<hr>
<h2><span style=""font-size: 13pt;"">Основания подходят для:</span></h2>
<ul>
	<li><a target=""_blank"" href=""/catalog/opory_s_podvizhnym_vintom/a00021_opory_sharnirnye_diskovye_s_osnovaniem_iz_plastika_20/"">A00021 Шарнирных дисковых опор с основанием из пластика, 20°.</a></li>
	<li><a target=""_blank"" href=""/catalog/opory_s_podvizhnym_vintom/a00022_opory_s_osnovaniem_iz_plastika_i_krepezhnymi_otverstiyami_20/"">A00022 Опор с основанием из пластика и крепежными отверстиями, 20°.</a></li>
	<li><a target=""_blank"" href=""/catalog/opory_s_podvizhnym_vintom/a00023_opory_s_osnovaniem_iz_plastika_i_plastinoy_antiskolzheniya_20/"">A00023 Опор с основанием из пластика и пластиной антискольжения, 20°.</a></li>
	<li><a target=""_blank"" href=""/catalog/opory_s_podvizhnym_vintom/a00024_opory_s_krepezhnymi_otverstiyami_i_plastinoy_antiskolzheniya_20/"">A00024 Опор с крепежными отверстиями и пластиной антискольжения, 20°.</a></li>
</ul>";K0419.20601;;;60;50;44,15;;16;2149,89;;;;;;;;;;;25;;7;;Цинк;;;;;;;;;;;;;;;;;;5,9;;;4,8;;;;;;;;;
K0419 Основания шарнирных опор виброизолирующие, 20°;https://alterv.ru/catalog/osnovaniya_dlya_opor/k0419_osnovaniya_sharnirnykh_opor_vibroizoliruyushchie_20/;Kipp;Главная > Каталог > Промышленная фурнитура > Опоры > Опоры сборные > Основания шарнирных опор > K0419 Основания шарнирных опор виброизолирующие, 20°;https://alterv.ru/upload/iblock/6cc/6cca23070167bef28ae589229e0e44f4.png;https://alterv.ru/upload/iblock/ee5/k0419_opory_chertezh.jpg;"<h2><span style=""font-size: 13pt;"">Материал:</span></h2>
<ul>
	<li>Диск из цинкового сплава, или нержавеющей стали 1.4305.</li>
	<li>Изоляционная плита из полиуретан-эластомера (Sylomer V12).</li>
</ul>
<hr>
<h2><span style=""font-size: 13pt;"">Исполнение:</span></h2>
<ul>
	<li>Круглые основания опор.</li>
	<li>Диск из цинка c черным порошковым покрытием.</li>
	<li>Диск из нержавеющей стали без покрытия.</li>
	<li>Изоляционная пластина серая, клееная, нескользящая.</li>
</ul>
<hr>
<h2><span style=""font-size: 13pt;"">Указания по применению:</span></h2>
<ul>
	<li>Данные основания хорошо подходят для промышленного оборудования, станков (в том числе и с ЧПУ), производственных столов и мебели.</li>
	<li>Указанная в таблице допустимая нагрузка является рекомендацией, показывающей до какой перманентно-статической нагрузки может применяется данный элемент амортизации.</li>
	<li>Изоляционная пластина поглощает вибрации и предотвращает скольжение основания.</li>
	<li>Шарнирные опоры компонуются из основания и винта или шаровой головки.</li>
	<li>Каждое основание опоры может комбинироваться с любым винтом или шаровой головкой.</li>
	<li>Диапазон температур: от -30 °C до +70 °C.</li>
</ul>
<hr>
<h2><span style=""font-size: 13pt;"">Основания подходят для:</span></h2>
<ul>
	<li><a target=""_blank"" href=""/catalog/opory_s_podvizhnym_vintom/a00021_opory_sharnirnye_diskovye_s_osnovaniem_iz_plastika_20/"">A00021 Шарнирных дисковых опор с основанием из пластика, 20°.</a></li>
	<li><a target=""_blank"" href=""/catalog/opory_s_podvizhnym_vintom/a00022_opory_s_osnovaniem_iz_plastika_i_krepezhnymi_otverstiyami_20/"">A00022 Опор с основанием из пластика и крепежными отверстиями, 20°.</a></li>
	<li><a target=""_blank"" href=""/catalog/opory_s_podvizhnym_vintom/a00023_opory_s_osnovaniem_iz_plastika_i_plastinoy_antiskolzheniya_20/"">A00023 Опор с основанием из пластика и пластиной антискольжения, 20°.</a></li>
	<li><a target=""_blank"" href=""/catalog/opory_s_podvizhnym_vintom/a00024_opory_s_krepezhnymi_otverstiyami_i_plastinoy_antiskolzheniya_20/"">A00024 Опор с крепежными отверстиями и пластиной антискольжения, 20°.</a></li>
</ul>";K0419.20801;;;80;68;62,61;;21;2841,84;;;;;;;;;;;25;;7;;Цинк;;;;;;;;;;;;;;;;;;5,9;;;4,8;;;;;;;;;
K0419 Основания шарнирных опор виброизолирующие, 20°;https://alterv.ru/catalog/osnovaniya_dlya_opor/k0419_osnovaniya_sharnirnykh_opor_vibroizoliruyushchie_20/;Kipp;Главная > Каталог > Промышленная фурнитура > Опоры > Опоры сборные > Основания шарнирных опор > K0419 Основания шарнирных опор виброизолирующие, 20°;https://alterv.ru/upload/iblock/6cc/6cca23070167bef28ae589229e0e44f4.png;https://alterv.ru/upload/iblock/ee5/k0419_opory_chertezh.jpg;"<h2><span style=""font-size: 13pt;"">Материал:</span></h2>
<ul>
	<li>Диск из цинкового сплава, или нержавеющей стали 1.4305.</li>
	<li>Изоляционная плита из полиуретан-эластомера (Sylomer V12).</li>
</ul>
<hr>
<h2><span style=""font-size: 13pt;"">Исполнение:</span></h2>
<ul>
	<li>Круглые основания опор.</li>
	<li>Диск из цинка c черным порошковым покрытием.</li>
	<li>Диск из нержавеющей стали без покрытия.</li>
	<li>Изоляционная пластина серая, клееная, нескользящая.</li>
</ul>
<hr>
<h2><span style=""font-size: 13pt;"">Указания по применению:</span></h2>
<ul>
	<li>Данные основания хорошо подходят для промышленного оборудования, станков (в том числе и с ЧПУ), производственных столов и мебели.</li>
	<li>Указанная в таблице допустимая нагрузка является рекомендацией, показывающей до какой перманентно-статической нагрузки может применяется данный элемент амортизации.</li>
	<li>Изоляционная пластина поглощает вибрации и предотвращает скольжение основания.</li>
	<li>Шарнирные опоры компонуются из основания и винта или шаровой головки.</li>
	<li>Каждое основание опоры может комбинироваться с любым винтом или шаровой головкой.</li>
	<li>Диапазон температур: от -30 °C до +70 °C.</li>
</ul>
<hr>
<h2><span style=""font-size: 13pt;"">Основания подходят для:</span></h2>
<ul>
	<li><a target=""_blank"" href=""/catalog/opory_s_podvizhnym_vintom/a00021_opory_sharnirnye_diskovye_s_osnovaniem_iz_plastika_20/"">A00021 Шарнирных дисковых опор с основанием из пластика, 20°.</a></li>
	<li><a target=""_blank"" href=""/catalog/opory_s_podvizhnym_vintom/a00022_opory_s_osnovaniem_iz_plastika_i_krepezhnymi_otverstiyami_20/"">A00022 Опор с основанием из пластика и крепежными отверстиями, 20°.</a></li>
	<li><a target=""_blank"" href=""/catalog/opory_s_podvizhnym_vintom/a00023_opory_s_osnovaniem_iz_plastika_i_plastinoy_antiskolzheniya_20/"">A00023 Опор с основанием из пластика и пластиной антискольжения, 20°.</a></li>
	<li><a target=""_blank"" href=""/catalog/opory_s_podvizhnym_vintom/a00024_opory_s_krepezhnymi_otverstiyami_i_plastinoy_antiskolzheniya_20/"">A00024 Опор с крепежными отверстиями и пластиной антискольжения, 20°.</a></li>
</ul>";K0419.20402;;;40;30,5;21,62;;Под заказ;5776,24;;;;;;;;;;;25;;7;;Нержавеющая сталь;;;;;;;;;;;;;;;;;;5,8;;;4,9;;;;;;;;;
K0419 Основания шарнирных опор виброизолирующие, 20°;https://alterv.ru/catalog/osnovaniya_dlya_opor/k0419_osnovaniya_sharnirnykh_opor_vibroizoliruyushchie_20/;Kipp;Главная > Каталог > Промышленная фурнитура > Опоры > Опоры сборные > Основания шарнирных опор > K0419 Основания шарнирных опор виброизолирующие, 20°;https://alterv.ru/upload/iblock/6cc/6cca23070167bef28ae589229e0e44f4.png;https://alterv.ru/upload/iblock/ee5/k0419_opory_chertezh.jpg;"<h2><span style=""font-size: 13pt;"">Материал:</span></h2>
<ul>
	<li>Диск из цинкового сплава, или нержавеющей стали 1.4305.</li>
	<li>Изоляционная плита из полиуретан-эластомера (Sylomer V12).</li>
</ul>
<hr>
<h2><span style=""font-size: 13pt;"">Исполнение:</span></h2>
<ul>
	<li>Круглые основания опор.</li>
	<li>Диск из цинка c черным порошковым покрытием.</li>
	<li>Диск из нержавеющей стали без покрытия.</li>
	<li>Изоляционная пластина серая, клееная, нескользящая.</li>
</ul>
<hr>
<h2><span style=""font-size: 13pt;"">Указания по применению:</span></h2>
<ul>
	<li>Данные основания хорошо подходят для промышленного оборудования, станков (в том числе и с ЧПУ), производственных столов и мебели.</li>
	<li>Указанная в таблице допустимая нагрузка является рекомендацией, показывающей до какой перманентно-статической нагрузки может применяется данный элемент амортизации.</li>
	<li>Изоляционная пластина поглощает вибрации и предотвращает скольжение основания.</li>
	<li>Шарнирные опоры компонуются из основания и винта или шаровой головки.</li>
	<li>Каждое основание опоры может комбинироваться с любым винтом или шаровой головкой.</li>
	<li>Диапазон температур: от -30 °C до +70 °C.</li>
</ul>
<hr>
<h2><span style=""font-size: 13pt;"">Основания подходят для:</span></h2>
<ul>
	<li><a target=""_blank"" href=""/catalog/opory_s_podvizhnym_vintom/a00021_opory_sharnirnye_diskovye_s_osnovaniem_iz_plastika_20/"">A00021 Шарнирных дисковых опор с основанием из пластика, 20°.</a></li>
	<li><a target=""_blank"" href=""/catalog/opory_s_podvizhnym_vintom/a00022_opory_s_osnovaniem_iz_plastika_i_krepezhnymi_otverstiyami_20/"">A00022 Опор с основанием из пластика и крепежными отверстиями, 20°.</a></li>
	<li><a target=""_blank"" href=""/catalog/opory_s_podvizhnym_vintom/a00023_opory_s_osnovaniem_iz_plastika_i_plastinoy_antiskolzheniya_20/"">A00023 Опор с основанием из пластика и пластиной антискольжения, 20°.</a></li>
	<li><a target=""_blank"" href=""/catalog/opory_s_podvizhnym_vintom/a00024_opory_s_krepezhnymi_otverstiyami_i_plastinoy_antiskolzheniya_20/"">A00024 Опор с крепежными отверстиями и пластиной антискольжения, 20°.</a></li>
</ul>";K0419.20502;;;50;40,5;44,36;;Под заказ;7585,96;;;;;;;;;;;25;;7;;Нержавеющая сталь;;;;;;;;;;;;;;;;;;5,8;;;4,9;;;;;;;;;
K0419 Основания шарнирных опор виброизолирующие, 20°;https://alterv.ru/catalog/osnovaniya_dlya_opor/k0419_osnovaniya_sharnirnykh_opor_vibroizoliruyushchie_20/;Kipp;Главная > Каталог > Промышленная фурнитура > Опоры > Опоры сборные > Основания шарнирных опор > K0419 Основания шарнирных опор виброизолирующие, 20°;https://alterv.ru/upload/iblock/6cc/6cca23070167bef28ae589229e0e44f4.png;https://alterv.ru/upload/iblock/ee5/k0419_opory_chertezh.jpg;"<h2><span style=""font-size: 13pt;"">Материал:</span></h2>
<ul>
	<li>Диск из цинкового сплава, или нержавеющей стали 1.4305.</li>
	<li>Изоляционная плита из полиуретан-эластомера (Sylomer V12).</li>
</ul>
<hr>
<h2><span style=""font-size: 13pt;"">Исполнение:</span></h2>
<ul>
	<li>Круглые основания опор.</li>
	<li>Диск из цинка c черным порошковым покрытием.</li>
	<li>Диск из нержавеющей стали без покрытия.</li>
	<li>Изоляционная пластина серая, клееная, нескользящая.</li>
</ul>
<hr>
<h2><span style=""font-size: 13pt;"">Указания по применению:</span></h2>
<ul>
	<li>Данные основания хорошо подходят для промышленного оборудования, станков (в том числе и с ЧПУ), производственных столов и мебели.</li>
	<li>Указанная в таблице допустимая нагрузка является рекомендацией, показывающей до какой перманентно-статической нагрузки может применяется данный элемент амортизации.</li>
	<li>Изоляционная пластина поглощает вибрации и предотвращает скольжение основания.</li>
	<li>Шарнирные опоры компонуются из основания и винта или шаровой головки.</li>
	<li>Каждое основание опоры может комбинироваться с любым винтом или шаровой головкой.</li>
	<li>Диапазон температур: от -30 °C до +70 °C.</li>
</ul>
<hr>
<h2><span style=""font-size: 13pt;"">Основания подходят для:</span></h2>
<ul>
	<li><a target=""_blank"" href=""/catalog/opory_s_podvizhnym_vintom/a00021_opory_sharnirnye_diskovye_s_osnovaniem_iz_plastika_20/"">A00021 Шарнирных дисковых опор с основанием из пластика, 20°.</a></li>
	<li><a target=""_blank"" href=""/catalog/opory_s_podvizhnym_vintom/a00022_opory_s_osnovaniem_iz_plastika_i_krepezhnymi_otverstiyami_20/"">A00022 Опор с основанием из пластика и крепежными отверстиями, 20°.</a></li>
	<li><a target=""_blank"" href=""/catalog/opory_s_podvizhnym_vintom/a00023_opory_s_osnovaniem_iz_plastika_i_plastinoy_antiskolzheniya_20/"">A00023 Опор с основанием из пластика и пластиной антискольжения, 20°.</a></li>
	<li><a target=""_blank"" href=""/catalog/opory_s_podvizhnym_vintom/a00024_opory_s_krepezhnymi_otverstiyami_i_plastinoy_antiskolzheniya_20/"">A00024 Опор с крепежными отверстиями и пластиной антискольжения, 20°.</a></li>
</ul>";K0419.20602;;;60;50;71,89;;Под заказ;9654,84;;;;;;;;;;;25;;7;;Нержавеющая сталь;;;;;;;;;;;;;;;;;;5,8;;;4,9;;;;;;;;;
K0419 Основания шарнирных опор виброизолирующие, 20°;https://alterv.ru/catalog/osnovaniya_dlya_opor/k0419_osnovaniya_sharnirnykh_opor_vibroizoliruyushchie_20/;Kipp;Главная > Каталог > Промышленная фурнитура > Опоры > Опоры сборные > Основания шарнирных опор > K0419 Основания шарнирных опор виброизолирующие, 20°;https://alterv.ru/upload/iblock/6cc/6cca23070167bef28ae589229e0e44f4.png;https://alterv.ru/upload/iblock/ee5/k0419_opory_chertezh.jpg;"<h2><span style=""font-size: 13pt;"">Материал:</span></h2>
<ul>
	<li>Диск из цинкового сплава, или нержавеющей стали 1.4305.</li>
	<li>Изоляционная плита из полиуретан-эластомера (Sylomer V12).</li>
</ul>
<hr>
<h2><span style=""font-size: 13pt;"">Исполнение:</span></h2>
<ul>
	<li>Круглые основания опор.</li>
	<li>Диск из цинка c черным порошковым покрытием.</li>
	<li>Диск из нержавеющей стали без покрытия.</li>
	<li>Изоляционная пластина серая, клееная, нескользящая.</li>
</ul>
<hr>
<h2><span style=""font-size: 13pt;"">Указания по применению:</span></h2>
<ul>
	<li>Данные основания хорошо подходят для промышленного оборудования, станков (в том числе и с ЧПУ), производственных столов и мебели.</li>
	<li>Указанная в таблице допустимая нагрузка является рекомендацией, показывающей до какой перманентно-статической нагрузки может применяется данный элемент амортизации.</li>
	<li>Изоляционная пластина поглощает вибрации и предотвращает скольжение основания.</li>
	<li>Шарнирные опоры компонуются из основания и винта или шаровой головки.</li>
	<li>Каждое основание опоры может комбинироваться с любым винтом или шаровой головкой.</li>
	<li>Диапазон температур: от -30 °C до +70 °C.</li>
</ul>
<hr>
<h2><span style=""font-size: 13pt;"">Основания подходят для:</span></h2>
<ul>
	<li><a target=""_blank"" href=""/catalog/opory_s_podvizhnym_vintom/a00021_opory_sharnirnye_diskovye_s_osnovaniem_iz_plastika_20/"">A00021 Шарнирных дисковых опор с основанием из пластика, 20°.</a></li>
	<li><a target=""_blank"" href=""/catalog/opory_s_podvizhnym_vintom/a00022_opory_s_osnovaniem_iz_plastika_i_krepezhnymi_otverstiyami_20/"">A00022 Опор с основанием из пластика и крепежными отверстиями, 20°.</a></li>
	<li><a target=""_blank"" href=""/catalog/opory_s_podvizhnym_vintom/a00023_opory_s_osnovaniem_iz_plastika_i_plastinoy_antiskolzheniya_20/"">A00023 Опор с основанием из пластика и пластиной антискольжения, 20°.</a></li>
	<li><a target=""_blank"" href=""/catalog/opory_s_podvizhnym_vintom/a00024_opory_s_krepezhnymi_otverstiyami_i_plastinoy_antiskolzheniya_20/"">A00024 Опор с крепежными отверстиями и пластиной антискольжения, 20°.</a></li>
</ul>";K0419.20802;;;80;68;139,91;;Под заказ;15273,73;;;;;;;;;;;25;;7;;Нержавеющая сталь;;;;;;;;;;;;;;;;;;5,8;;;4,9;;;;;;;;;
K0420 Опоры шарнирные виброизолирующие, 15°;https://alterv.ru/catalog/opory_s_podvizhnym_vintom/k0420_opory_sharnirnye_vibroizoliruyushchie_15/;Kipp;Главная > Каталог > Промышленная фурнитура > Опоры > Опоры в сборе регулируемые > Опоры с подвижным винтом регулируемые > K0420 Опоры шарнирные виброизолирующие, 15°;https://alterv.ru/upload/iblock/927/927fba449454f19fcb2bb404940f80e2.png;https://alterv.ru/upload/iblock/003/Z27806_nn_ru.jpg;"<h2><span style=""font-size: 13pt;"">Материалы:</span></h2>
<ul>
	<li>Конструкция из стали: основание из улучшенной стали, шарнирный элемент из автоматной стали.</li>
	<li>Конструкция из нержавеющей стали: основание и шарнирный элемент из нержавеющей стали, изоляционная пластина из полиуретан-эластомера (Sylomer V12).</li>
</ul>
<hr>
<h2><span style=""font-size: 13pt;"">Исполнение:</span></h2>
<ul>
	<li>Опоры с круглым основанием.</li>
	<li>Конструкция из стали: шарнирный элемент закаленный, вороненый, основание вороненное.</li>
	<li>Конструкция из нержавеющей стали без покрытия, изоляционная пластина серая, клееная, нескользящая.</li>
</ul>
<hr>
<h2><span style=""font-size: 13pt;"">Указания по применению:</span></h2>
<ul>
	<li>Данные опоры хорошо подходят для промышленного оборудования и станков (в том числе и с ЧПУ).</li>
	<li>Диапазон температур: от -30 °C до +70 °C.</li>
</ul>";K0420.110;;;32;M10;21,62;;1;1663,92;;;;;;;;17;;;30;;22;;Сталь;;;;;;;5;8;;;30,5;;;;;;10;;6,8;;;;;;;;;;;
K0420 Опоры шарнирные виброизолирующие, 15°;https://alterv.ru/catalog/opory_s_podvizhnym_vintom/k0420_opory_sharnirnye_vibroizoliruyushchie_15/;Kipp;Главная > Каталог > Промышленная фурнитура > Опоры > Опоры в сборе регулируемые > Опоры с подвижным винтом регулируемые > K0420 Опоры шарнирные виброизолирующие, 15°;https://alterv.ru/upload/iblock/927/927fba449454f19fcb2bb404940f80e2.png;https://alterv.ru/upload/iblock/003/Z27806_nn_ru.jpg;"<h2><span style=""font-size: 13pt;"">Материалы:</span></h2>
<ul>
	<li>Конструкция из стали: основание из улучшенной стали, шарнирный элемент из автоматной стали.</li>
	<li>Конструкция из нержавеющей стали: основание и шарнирный элемент из нержавеющей стали, изоляционная пластина из полиуретан-эластомера (Sylomer V12).</li>
</ul>
<hr>
<h2><span style=""font-size: 13pt;"">Исполнение:</span></h2>
<ul>
	<li>Опоры с круглым основанием.</li>
	<li>Конструкция из стали: шарнирный элемент закаленный, вороненый, основание вороненное.</li>
	<li>Конструкция из нержавеющей стали без покрытия, изоляционная пластина серая, клееная, нескользящая.</li>
</ul>
<hr>
<h2><span style=""font-size: 13pt;"">Указания по применению:</span></h2>
<ul>
	<li>Данные опоры хорошо подходят для промышленного оборудования и станков (в том числе и с ЧПУ).</li>
	<li>Диапазон температур: от -30 °C до +70 °C.</li>
</ul>";K0420.112;;;40;M12;21,62;;Под заказ;3716,6;;;;;;;;19;;;34;;26;;Сталь;;;;;;;6;8;;;30,5;;;;;;12;;6,8;;;;;;;;;;;
K0420 Опоры шарнирные виброизолирующие, 15°;https://alterv.ru/catalog/opory_s_podvizhnym_vintom/k0420_opory_sharnirnye_vibroizoliruyushchie_15/;Kipp;Главная > Каталог > Промышленная фурнитура > Опоры > Опоры в сборе регулируемые > Опоры с подвижным винтом регулируемые > K0420 Опоры шарнирные виброизолирующие, 15°;https://alterv.ru/upload/iblock/927/927fba449454f19fcb2bb404940f80e2.png;https://alterv.ru/upload/iblock/003/Z27806_nn_ru.jpg;"<h2><span style=""font-size: 13pt;"">Материалы:</span></h2>
<ul>
	<li>Конструкция из стали: основание из улучшенной стали, шарнирный элемент из автоматной стали.</li>
	<li>Конструкция из нержавеющей стали: основание и шарнирный элемент из нержавеющей стали, изоляционная пластина из полиуретан-эластомера (Sylomer V12).</li>
</ul>
<hr>
<h2><span style=""font-size: 13pt;"">Исполнение:</span></h2>
<ul>
	<li>Опоры с круглым основанием.</li>
	<li>Конструкция из стали: шарнирный элемент закаленный, вороненый, основание вороненное.</li>
	<li>Конструкция из нержавеющей стали без покрытия, изоляционная пластина серая, клееная, нескользящая.</li>
</ul>
<hr>
<h2><span style=""font-size: 13pt;"">Указания по применению:</span></h2>
<ul>
	<li>Данные опоры хорошо подходят для промышленного оборудования и станков (в том числе и с ЧПУ).</li>
	<li>Диапазон температур: от -30 °C до +70 °C.</li>
</ul>";K0420.116;;;50;M16;44,36;;Под заказ;4568,22;;;;;;;;24;;;40;;32;;Сталь;;;;;;;7;8;;;40,5;;;;;;14;;6,8;;;;;;;;;;;
K0420 Опоры шарнирные виброизолирующие, 15°;https://alterv.ru/catalog/opory_s_podvizhnym_vintom/k0420_opory_sharnirnye_vibroizoliruyushchie_15/;Kipp;Главная > Каталог > Промышленная фурнитура > Опоры > Опоры в сборе регулируемые > Опоры с подвижным винтом регулируемые > K0420 Опоры шарнирные виброизолирующие, 15°;https://alterv.ru/upload/iblock/927/927fba449454f19fcb2bb404940f80e2.png;https://alterv.ru/upload/iblock/003/Z27806_nn_ru.jpg;"<h2><span style=""font-size: 13pt;"">Материалы:</span></h2>
<ul>
	<li>Конструкция из стали: основание из улучшенной стали, шарнирный элемент из автоматной стали.</li>
	<li>Конструкция из нержавеющей стали: основание и шарнирный элемент из нержавеющей стали, изоляционная пластина из полиуретан-эластомера (Sylomer V12).</li>
</ul>
<hr>
<h2><span style=""font-size: 13pt;"">Исполнение:</span></h2>
<ul>
	<li>Опоры с круглым основанием.</li>
	<li>Конструкция из стали: шарнирный элемент закаленный, вороненый, основание вороненное.</li>
	<li>Конструкция из нержавеющей стали без покрытия, изоляционная пластина серая, клееная, нескользящая.</li>
</ul>
<hr>
<h2><span style=""font-size: 13pt;"">Указания по применению:</span></h2>
<ul>
	<li>Данные опоры хорошо подходят для промышленного оборудования и станков (в том числе и с ЧПУ).</li>
	<li>Диапазон температур: от -30 °C до +70 °C.</li>
</ul>";K0420.120;;;60;M20;71,89;;Под заказ;5924,36;;;;;;;;30;;;50;;42;;Сталь;;;;;;;8;8;;;50;;;;;;18;;6,8;;;;;;;;;;;
K0420 Опоры шарнирные виброизолирующие, 15°;https://alterv.ru/catalog/opory_s_podvizhnym_vintom/k0420_opory_sharnirnye_vibroizoliruyushchie_15/;Kipp;Главная > Каталог > Промышленная фурнитура > Опоры > Опоры в сборе регулируемые > Опоры с подвижным винтом регулируемые > K0420 Опоры шарнирные виброизолирующие, 15°;https://alterv.ru/upload/iblock/927/927fba449454f19fcb2bb404940f80e2.png;https://alterv.ru/upload/iblock/003/Z27806_nn_ru.jpg;"<h2><span style=""font-size: 13pt;"">Материалы:</span></h2>
<ul>
	<li>Конструкция из стали: основание из улучшенной стали, шарнирный элемент из автоматной стали.</li>
	<li>Конструкция из нержавеющей стали: основание и шарнирный элемент из нержавеющей стали, изоляционная пластина из полиуретан-эластомера (Sylomer V12).</li>
</ul>
<hr>
<h2><span style=""font-size: 13pt;"">Исполнение:</span></h2>
<ul>
	<li>Опоры с круглым основанием.</li>
	<li>Конструкция из стали: шарнирный элемент закаленный, вороненый, основание вороненное.</li>
	<li>Конструкция из нержавеющей стали без покрытия, изоляционная пластина серая, клееная, нескользящая.</li>
</ul>
<hr>
<h2><span style=""font-size: 13pt;"">Указания по применению:</span></h2>
<ul>
	<li>Данные опоры хорошо подходят для промышленного оборудования и станков (в том числе и с ЧПУ).</li>
	<li>Диапазон температур: от -30 °C до +70 °C.</li>
</ul>";K0420.310;;;32;M10;21,62;;3;3948,02;;;;;;;;17;;;30;;22;;Нержавеющая сталь;;;;;;;5;8;;;30,5;;;;;;10;;6,8;;;;;;;;;;;
K0420 Опоры шарнирные виброизолирующие, 15°;https://alterv.ru/catalog/opory_s_podvizhnym_vintom/k0420_opory_sharnirnye_vibroizoliruyushchie_15/;Kipp;Главная > Каталог > Промышленная фурнитура > Опоры > Опоры в сборе регулируемые > Опоры с подвижным винтом регулируемые > K0420 Опоры шарнирные виброизолирующие, 15°;https://alterv.ru/upload/iblock/927/927fba449454f19fcb2bb404940f80e2.png;https://alterv.ru/upload/iblock/003/Z27806_nn_ru.jpg;"<h2><span style=""font-size: 13pt;"">Материалы:</span></h2>
<ul>
	<li>Конструкция из стали: основание из улучшенной стали, шарнирный элемент из автоматной стали.</li>
	<li>Конструкция из нержавеющей стали: основание и шарнирный элемент из нержавеющей стали, изоляционная пластина из полиуретан-эластомера (Sylomer V12).</li>
</ul>
<hr>
<h2><span style=""font-size: 13pt;"">Исполнение:</span></h2>
<ul>
	<li>Опоры с круглым основанием.</li>
	<li>Конструкция из стали: шарнирный элемент закаленный, вороненый, основание вороненное.</li>
	<li>Конструкция из нержавеющей стали без покрытия, изоляционная пластина серая, клееная, нескользящая.</li>
</ul>
<hr>
<h2><span style=""font-size: 13pt;"">Указания по применению:</span></h2>
<ul>
	<li>Данные опоры хорошо подходят для промышленного оборудования и станков (в том числе и с ЧПУ).</li>
	<li>Диапазон температур: от -30 °C до +70 °C.</li>
</ul>";K0420.312;;;40;M12;21,62;;Под заказ;4512,7;;;;;;;;19;;;34;;26;;Нержавеющая сталь;;;;;;;6;8;;;30,5;;;;;;12;;6,8;;;;;;;;;;;
K0420 Опоры шарнирные виброизолирующие, 15°;https://alterv.ru/catalog/opory_s_podvizhnym_vintom/k0420_opory_sharnirnye_vibroizoliruyushchie_15/;Kipp;Главная > Каталог > Промышленная фурнитура > Опоры > Опоры в сборе регулируемые > Опоры с подвижным винтом регулируемые > K0420 Опоры шарнирные виброизолирующие, 15°;https://alterv.ru/upload/iblock/927/927fba449454f19fcb2bb404940f80e2.png;https://alterv.ru/upload/iblock/003/Z27806_nn_ru.jpg;"<h2><span style=""font-size: 13pt;"">Материалы:</span></h2>
<ul>
	<li>Конструкция из стали: основание из улучшенной стали, шарнирный элемент из автоматной стали.</li>
	<li>Конструкция из нержавеющей стали: основание и шарнирный элемент из нержавеющей стали, изоляционная пластина из полиуретан-эластомера (Sylomer V12).</li>
</ul>
<hr>
<h2><span style=""font-size: 13pt;"">Исполнение:</span></h2>
<ul>
	<li>Опоры с круглым основанием.</li>
	<li>Конструкция из стали: шарнирный элемент закаленный, вороненый, основание вороненное.</li>
	<li>Конструкция из нержавеющей стали без покрытия, изоляционная пластина серая, клееная, нескользящая.</li>
</ul>
<hr>
<h2><span style=""font-size: 13pt;"">Указания по применению:</span></h2>
<ul>
	<li>Данные опоры хорошо подходят для промышленного оборудования и станков (в том числе и с ЧПУ).</li>
	<li>Диапазон температур: от -30 °C до +70 °C.</li>
</ul>";K0420.316;;;50;M16;44,36;;Под заказ;5345,81;;;;;;;;24;;;40;;32;;Нержавеющая сталь;;;;;;;7;8;;;40,5;;;;;;14;;6,8;;;;;;;;;;;
K0420 Опоры шарнирные виброизолирующие, 15°;https://alterv.ru/catalog/opory_s_podvizhnym_vintom/k0420_opory_sharnirnye_vibroizoliruyushchie_15/;Kipp;Главная > Каталог > Промышленная фурнитура > Опоры > Опоры в сборе регулируемые > Опоры с подвижным винтом регулируемые > K0420 Опоры шарнирные виброизолирующие, 15°;https://alterv.ru/upload/iblock/927/927fba449454f19fcb2bb404940f80e2.png;https://alterv.ru/upload/iblock/003/Z27806_nn_ru.jpg;"<h2><span style=""font-size: 13pt;"">Материалы:</span></h2>
<ul>
	<li>Конструкция из стали: основание из улучшенной стали, шарнирный элемент из автоматной стали.</li>
	<li>Конструкция из нержавеющей стали: основание и шарнирный элемент из нержавеющей стали, изоляционная пластина из полиуретан-эластомера (Sylomer V12).</li>
</ul>
<hr>
<h2><span style=""font-size: 13pt;"">Исполнение:</span></h2>
<ul>
	<li>Опоры с круглым основанием.</li>
	<li>Конструкция из стали: шарнирный элемент закаленный, вороненый, основание вороненное.</li>
	<li>Конструкция из нержавеющей стали без покрытия, изоляционная пластина серая, клееная, нескользящая.</li>
</ul>
<hr>
<h2><span style=""font-size: 13pt;"">Указания по применению:</span></h2>
<ul>
	<li>Данные опоры хорошо подходят для промышленного оборудования и станков (в том числе и с ЧПУ).</li>
	<li>Диапазон температур: от -30 °C до +70 °C.</li>
</ul>";K0420.320;;;60;M20;71,89;;Под заказ;6836,15;;;;;;;;30;;;50;;42;;Нержавеющая сталь;;;;;;;8;8;;;50;;;;;;18;;6,8;;;;;;;;;;;
K0670 Основания опор дисковые виброизолирующие;https://alterv.ru/catalog/osnovaniya_dlya_opor/k0670_osnovaniya_opor_diskovye_vibroizoliruyushchie/;Kipp;Главная > Каталог > Промышленная фурнитура > Опоры > Опоры сборные > Основания шарнирных опор > K0670 Основания опор дисковые виброизолирующие;https://alterv.ru/upload/iblock/991/991ad40c63329e73eda97c5096ed7cba.png;https://alterv.ru/upload/iblock/203/Z27808_nn_ru.jpg;"<h2><span style=""font-size: 13pt;"">Материалы:</span></h2>
<ul>
	<li>Диск (на выбор): из стали или нержавеющей стали 1.4404.</li>
	<li>Изоляционная пластина из полиуретан-эластомера (Sylomer V12).</li>
</ul>
<hr>
<h2><span style=""font-size: 13pt;"">Исполнение:</span></h2>
<ul>
	<li>Круглые основания опор.</li>
	<li>Диск с синим пассивированием.</li>
	<li>Изоляционная пластина серая, клееная, нескользящая.</li>
</ul>
<hr>
<h2><span style=""font-size: 13pt;"">Указания по применению:</span></h2>
<ul>
	<li>Данные основания хорошо подходят для промышленного оборудования, станков (в том числе и с ЧПУ), производственных столов и мебели.</li>
	<li>Изоляционная пластина поглощает вибрации и предотвращает скольжение диска.</li>
	<li>Диапазон температур: от -30 до +70 °C.</li>
</ul>";K0670.036;;;36;30,5;21,62;;Под заказ;1893,01;5,5;;;;;;;;;;15;;4;;Сталь;;;;;;;;;;;;;;;;;;2,8;;;1,9;;;;;;;;;
K0670 Основания опор дисковые виброизолирующие;https://alterv.ru/catalog/osnovaniya_dlya_opor/k0670_osnovaniya_opor_diskovye_vibroizoliruyushchie/;Kipp;Главная > Каталог > Промышленная фурнитура > Опоры > Опоры сборные > Основания шарнирных опор > K0670 Основания опор дисковые виброизолирующие;https://alterv.ru/upload/iblock/991/991ad40c63329e73eda97c5096ed7cba.png;https://alterv.ru/upload/iblock/203/Z27808_nn_ru.jpg;"<h2><span style=""font-size: 13pt;"">Материалы:</span></h2>
<ul>
	<li>Диск (на выбор): из стали или нержавеющей стали 1.4404.</li>
	<li>Изоляционная пластина из полиуретан-эластомера (Sylomer V12).</li>
</ul>
<hr>
<h2><span style=""font-size: 13pt;"">Исполнение:</span></h2>
<ul>
	<li>Круглые основания опор.</li>
	<li>Диск с синим пассивированием.</li>
	<li>Изоляционная пластина серая, клееная, нескользящая.</li>
</ul>
<hr>
<h2><span style=""font-size: 13pt;"">Указания по применению:</span></h2>
<ul>
	<li>Данные основания хорошо подходят для промышленного оборудования, станков (в том числе и с ЧПУ), производственных столов и мебели.</li>
	<li>Изоляционная пластина поглощает вибрации и предотвращает скольжение диска.</li>
	<li>Диапазон температур: от -30 до +70 °C.</li>
</ul>";K0670.046;;;46;40,5;44,36;;Под заказ;2897,37;6,6;;;;;;;;;;17;;4;;Сталь;;;;;;;;;;;;;;;;;;2,8;;;1,9;;;;;;;;;
K0670 Основания опор дисковые виброизолирующие;https://alterv.ru/catalog/osnovaniya_dlya_opor/k0670_osnovaniya_opor_diskovye_vibroizoliruyushchie/;Kipp;Главная > Каталог > Промышленная фурнитура > Опоры > Опоры сборные > Основания шарнирных опор > K0670 Основания опор дисковые виброизолирующие;https://alterv.ru/upload/iblock/991/991ad40c63329e73eda97c5096ed7cba.png;https://alterv.ru/upload/iblock/203/Z27808_nn_ru.jpg;"<h2><span style=""font-size: 13pt;"">Материалы:</span></h2>
<ul>
	<li>Диск (на выбор): из стали или нержавеющей стали 1.4404.</li>
	<li>Изоляционная пластина из полиуретан-эластомера (Sylomer V12).</li>
</ul>
<hr>
<h2><span style=""font-size: 13pt;"">Исполнение:</span></h2>
<ul>
	<li>Круглые основания опор.</li>
	<li>Диск с синим пассивированием.</li>
	<li>Изоляционная пластина серая, клееная, нескользящая.</li>
</ul>
<hr>
<h2><span style=""font-size: 13pt;"">Указания по применению:</span></h2>
<ul>
	<li>Данные основания хорошо подходят для промышленного оборудования, станков (в том числе и с ЧПУ), производственных столов и мебели.</li>
	<li>Изоляционная пластина поглощает вибрации и предотвращает скольжение диска.</li>
	<li>Диапазон температур: от -30 до +70 °C.</li>
</ul>";K0670.056;;;56;50;71,89;;2;1867,57;9;;;;;;;;;;19;;4;;Сталь;;;;;;;;;;;;;;;;;;2,8;;;1,9;;;;;;;;;
K0670 Основания опор дисковые виброизолирующие;https://alterv.ru/catalog/osnovaniya_dlya_opor/k0670_osnovaniya_opor_diskovye_vibroizoliruyushchie/;Kipp;Главная > Каталог > Промышленная фурнитура > Опоры > Опоры сборные > Основания шарнирных опор > K0670 Основания опор дисковые виброизолирующие;https://alterv.ru/upload/iblock/991/991ad40c63329e73eda97c5096ed7cba.png;https://alterv.ru/upload/iblock/203/Z27808_nn_ru.jpg;"<h2><span style=""font-size: 13pt;"">Материалы:</span></h2>
<ul>
	<li>Диск (на выбор): из стали или нержавеющей стали 1.4404.</li>
	<li>Изоляционная пластина из полиуретан-эластомера (Sylomer V12).</li>
</ul>
<hr>
<h2><span style=""font-size: 13pt;"">Исполнение:</span></h2>
<ul>
	<li>Круглые основания опор.</li>
	<li>Диск с синим пассивированием.</li>
	<li>Изоляционная пластина серая, клееная, нескользящая.</li>
</ul>
<hr>
<h2><span style=""font-size: 13pt;"">Указания по применению:</span></h2>
<ul>
	<li>Данные основания хорошо подходят для промышленного оборудования, станков (в том числе и с ЧПУ), производственных столов и мебели.</li>
	<li>Изоляционная пластина поглощает вибрации и предотвращает скольжение диска.</li>
	<li>Диапазон температур: от -30 до +70 °C.</li>
</ul>";K0670.074;;;74;68;139,91;;Под заказ;5605;9;;;;;;;;;;21;;4;;Сталь;;;;;;;;;;;;;;;;;;2,8;;;1,9;;;;;;;;;
K0670 Основания опор дисковые виброизолирующие;https://alterv.ru/catalog/osnovaniya_dlya_opor/k0670_osnovaniya_opor_diskovye_vibroizoliruyushchie/;Kipp;Главная > Каталог > Промышленная фурнитура > Опоры > Опоры сборные > Основания шарнирных опор > K0670 Основания опор дисковые виброизолирующие;https://alterv.ru/upload/iblock/991/991ad40c63329e73eda97c5096ed7cba.png;https://alterv.ru/upload/iblock/203/Z27808_nn_ru.jpg;"<h2><span style=""font-size: 13pt;"">Материалы:</span></h2>
<ul>
	<li>Диск (на выбор): из стали или нержавеющей стали 1.4404.</li>
	<li>Изоляционная пластина из полиуретан-эластомера (Sylomer V12).</li>
</ul>
<hr>
<h2><span style=""font-size: 13pt;"">Исполнение:</span></h2>
<ul>
	<li>Круглые основания опор.</li>
	<li>Диск с синим пассивированием.</li>
	<li>Изоляционная пластина серая, клееная, нескользящая.</li>
</ul>
<hr>
<h2><span style=""font-size: 13pt;"">Указания по применению:</span></h2>
<ul>
	<li>Данные основания хорошо подходят для промышленного оборудования, станков (в том числе и с ЧПУ), производственных столов и мебели.</li>
	<li>Изоляционная пластина поглощает вибрации и предотвращает скольжение диска.</li>
	<li>Диапазон температур: от -30 до +70 °C.</li>
</ul>";K0670.1036;;;36;30,5;21,62;;Под заказ;2721,5;5,5;;;;;;;;;;15;;4;;Нержавеющая сталь;;;;;;;;;;;;;;;;;;2,8;;;1,9;;;;;;;;;
K0670 Основания опор дисковые виброизолирующие;https://alterv.ru/catalog/osnovaniya_dlya_opor/k0670_osnovaniya_opor_diskovye_vibroizoliruyushchie/;Kipp;Главная > Каталог > Промышленная фурнитура > Опоры > Опоры сборные > Основания шарнирных опор > K0670 Основания опор дисковые виброизолирующие;https://alterv.ru/upload/iblock/991/991ad40c63329e73eda97c5096ed7cba.png;https://alterv.ru/upload/iblock/203/Z27808_nn_ru.jpg;"<h2><span style=""font-size: 13pt;"">Материалы:</span></h2>
<ul>
	<li>Диск (на выбор): из стали или нержавеющей стали 1.4404.</li>
	<li>Изоляционная пластина из полиуретан-эластомера (Sylomer V12).</li>
</ul>
<hr>
<h2><span style=""font-size: 13pt;"">Исполнение:</span></h2>
<ul>
	<li>Круглые основания опор.</li>
	<li>Диск с синим пассивированием.</li>
	<li>Изоляционная пластина серая, клееная, нескользящая.</li>
</ul>
<hr>
<h2><span style=""font-size: 13pt;"">Указания по применению:</span></h2>
<ul>
	<li>Данные основания хорошо подходят для промышленного оборудования, станков (в том числе и с ЧПУ), производственных столов и мебели.</li>
	<li>Изоляционная пластина поглощает вибрации и предотвращает скольжение диска.</li>
	<li>Диапазон температур: от -30 до +70 °C.</li>
</ul>";K0670.1046;;;46;40,5;44,36;;Под заказ;4517,31;6,6;;;;;;;;;;17;;4;;Нержавеющая сталь;;;;;;;;;;;;;;;;;;2,8;;;1,9;;;;;;;;;
K0670 Основания опор дисковые виброизолирующие;https://alterv.ru/catalog/osnovaniya_dlya_opor/k0670_osnovaniya_opor_diskovye_vibroizoliruyushchie/;Kipp;Главная > Каталог > Промышленная фурнитура > Опоры > Опоры сборные > Основания шарнирных опор > K0670 Основания опор дисковые виброизолирующие;https://alterv.ru/upload/iblock/991/991ad40c63329e73eda97c5096ed7cba.png;https://alterv.ru/upload/iblock/203/Z27808_nn_ru.jpg;"<h2><span style=""font-size: 13pt;"">Материалы:</span></h2>
<ul>
	<li>Диск (на выбор): из стали или нержавеющей стали 1.4404.</li>
	<li>Изоляционная пластина из полиуретан-эластомера (Sylomer V12).</li>
</ul>
<hr>
<h2><span style=""font-size: 13pt;"">Исполнение:</span></h2>
<ul>
	<li>Круглые основания опор.</li>
	<li>Диск с синим пассивированием.</li>
	<li>Изоляционная пластина серая, клееная, нескользящая.</li>
</ul>
<hr>
<h2><span style=""font-size: 13pt;"">Указания по применению:</span></h2>
<ul>
	<li>Данные основания хорошо подходят для промышленного оборудования, станков (в том числе и с ЧПУ), производственных столов и мебели.</li>
	<li>Изоляционная пластина поглощает вибрации и предотвращает скольжение диска.</li>
	<li>Диапазон температур: от -30 до +70 °C.</li>
</ul>";K0670.1056;;;56;50;71,89;;Под заказ;5378,2;9;;;;;;;;;;19;;4;;Нержавеющая сталь;;;;;;;;;;;;;;;;;;2,8;;;1,9;;;;;;;;;
K0057 Опоры подводимые регулируемые самоустанавливающиеся;https://alterv.ru/catalog/prostavki_raspornye/k0057_prostavki_raspornye_podvizhnye_na_4/;Kipp;Главная > Каталог > Промышленная фурнитура > Опоры > Опоры подводимые регулируемые > K0057 Опоры подводимые регулируемые самоустанавливающиеся;https://alterv.ru/upload/iblock/762/k0057_prostavki_raspornye.jpg, https://alterv.ru/upload/iblock/3c8/k0057_prostavki_ustanovka.jpg;https://alterv.ru/upload/iblock/945/Z27707_nn_ru.jpg;"<h2><span style=""font-size: 13pt;"">Материалы (на выбор):</span></h2>
<ul>
	<li>Улучшенная сталь 1.7225 или нержавеющая сталь 1.4305.</li>
</ul>
<hr>
<h2><span style=""font-size: 13pt;"">Исполнение:</span></h2>
<ul>
	<li>Улучшенная сталь закаленная с гальванической оцинковкой, синим хроматированием.</li>
	<li>Нержавеющая сталь без покрытия.</li>
</ul>
<hr>
<h2><span style=""font-size: 13pt;"">Указания по применению:</span></h2>
<ul>
	<li>Распорные проставки хорошо подходят для монтажа и выравнивания различных двигателей, агрегатов, элементов привода и производственных линий.</li>
	<li>Подвижные проставки обеспечивают точность при монтаже наклонных опорных поверхностей с углом наклона до 4°.</li>
	<li>Распорные проставки отличаются большим диапазоном перемещения от 15 до 50 мм.</li>
</ul>";K0057.1506;Закаленная сталь;;6,6;M15x1;;;Под заказ;15954,11;25;;;;;;;;;;35-50;2;;;;;;;;;;;;;;;;;5;4;4078,86;;;;;;;;;;;;4°;;
K0057 Опоры подводимые регулируемые самоустанавливающиеся;https://alterv.ru/catalog/prostavki_raspornye/k0057_prostavki_raspornye_podvizhnye_na_4/;Kipp;Главная > Каталог > Промышленная фурнитура > Опоры > Опоры подводимые регулируемые > K0057 Опоры подводимые регулируемые самоустанавливающиеся;https://alterv.ru/upload/iblock/762/k0057_prostavki_raspornye.jpg, https://alterv.ru/upload/iblock/3c8/k0057_prostavki_ustanovka.jpg;https://alterv.ru/upload/iblock/945/Z27707_nn_ru.jpg;"<h2><span style=""font-size: 13pt;"">Материалы (на выбор):</span></h2>
<ul>
	<li>Улучшенная сталь 1.7225 или нержавеющая сталь 1.4305.</li>
</ul>
<hr>
<h2><span style=""font-size: 13pt;"">Исполнение:</span></h2>
<ul>
	<li>Улучшенная сталь закаленная с гальванической оцинковкой, синим хроматированием.</li>
	<li>Нержавеющая сталь без покрытия.</li>
</ul>
<hr>
<h2><span style=""font-size: 13pt;"">Указания по применению:</span></h2>
<ul>
	<li>Распорные проставки хорошо подходят для монтажа и выравнивания различных двигателей, агрегатов, элементов привода и производственных линий.</li>
	<li>Подвижные проставки обеспечивают точность при монтаже наклонных опорных поверхностей с углом наклона до 4°.</li>
	<li>Распорные проставки отличаются большим диапазоном перемещения от 15 до 50 мм.</li>
</ul>";K0057.2006;Закаленная сталь;;6,6;M20x1;;;Под заказ;16491;32;;;;;;;;;;43-63;2;;;;;;;;;;;;;;;;;6;4;6628,16;;;;;;;;;;;;4°;;
K0057 Опоры подводимые регулируемые самоустанавливающиеся;https://alterv.ru/catalog/prostavki_raspornye/k0057_prostavki_raspornye_podvizhnye_na_4/;Kipp;Главная > Каталог > Промышленная фурнитура > Опоры > Опоры подводимые регулируемые > K0057 Опоры подводимые регулируемые самоустанавливающиеся;https://alterv.ru/upload/iblock/762/k0057_prostavki_raspornye.jpg, https://alterv.ru/upload/iblock/3c8/k0057_prostavki_ustanovka.jpg;https://alterv.ru/upload/iblock/945/Z27707_nn_ru.jpg;"<h2><span style=""font-size: 13pt;"">Материалы (на выбор):</span></h2>
<ul>
	<li>Улучшенная сталь 1.7225 или нержавеющая сталь 1.4305.</li>
</ul>
<hr>
<h2><span style=""font-size: 13pt;"">Исполнение:</span></h2>
<ul>
	<li>Улучшенная сталь закаленная с гальванической оцинковкой, синим хроматированием.</li>
	<li>Нержавеющая сталь без покрытия.</li>
</ul>
<hr>
<h2><span style=""font-size: 13pt;"">Указания по применению:</span></h2>
<ul>
	<li>Распорные проставки хорошо подходят для монтажа и выравнивания различных двигателей, агрегатов, элементов привода и производственных линий.</li>
	<li>Подвижные проставки обеспечивают точность при монтаже наклонных опорных поверхностей с углом наклона до 4°.</li>
	<li>Распорные проставки отличаются большим диапазоном перемещения от 15 до 50 мм.</li>
</ul>";K0057.2008;Закаленная сталь;;9;M20x1;;;Под заказ;16491;32;;;;;;;;;;43-63;2;;;;;;;;;;;;;;;;;6;4;6628,16;;;;;;;;;;;;4°;;
K0057 Опоры подводимые регулируемые самоустанавливающиеся;https://alterv.ru/catalog/prostavki_raspornye/k0057_prostavki_raspornye_podvizhnye_na_4/;Kipp;Главная > Каталог > Промышленная фурнитура > Опоры > Опоры подводимые регулируемые > K0057 Опоры подводимые регулируемые самоустанавливающиеся;https://alterv.ru/upload/iblock/762/k0057_prostavki_raspornye.jpg, https://alterv.ru/upload/iblock/3c8/k0057_prostavki_ustanovka.jpg;https://alterv.ru/upload/iblock/945/Z27707_nn_ru.jpg;"<h2><span style=""font-size: 13pt;"">Материалы (на выбор):</span></h2>
<ul>
	<li>Улучшенная сталь 1.7225 или нержавеющая сталь 1.4305.</li>
</ul>
<hr>
<h2><span style=""font-size: 13pt;"">Исполнение:</span></h2>
<ul>
	<li>Улучшенная сталь закаленная с гальванической оцинковкой, синим хроматированием.</li>
	<li>Нержавеющая сталь без покрытия.</li>
</ul>
<hr>
<h2><span style=""font-size: 13pt;"">Указания по применению:</span></h2>
<ul>
	<li>Распорные проставки хорошо подходят для монтажа и выравнивания различных двигателей, агрегатов, элементов привода и производственных линий.</li>
	<li>Подвижные проставки обеспечивают точность при монтаже наклонных опорных поверхностей с углом наклона до 4°.</li>
	<li>Распорные проставки отличаются большим диапазоном перемещения от 15 до 50 мм.</li>
</ul>";K0057.2010;Закаленная сталь;;11;M20x1;;;Под заказ;16491;32;;;;;;;;;;43-63;2;;;;;;;;;;;;;;;;;6;4;6628,16;;;;;;;;;;;;4°;;
K0057 Опоры подводимые регулируемые самоустанавливающиеся;https://alterv.ru/catalog/prostavki_raspornye/k0057_prostavki_raspornye_podvizhnye_na_4/;Kipp;Главная > Каталог > Промышленная фурнитура > Опоры > Опоры подводимые регулируемые > K0057 Опоры подводимые регулируемые самоустанавливающиеся;https://alterv.ru/upload/iblock/762/k0057_prostavki_raspornye.jpg, https://alterv.ru/upload/iblock/3c8/k0057_prostavki_ustanovka.jpg;https://alterv.ru/upload/iblock/945/Z27707_nn_ru.jpg;"<h2><span style=""font-size: 13pt;"">Материалы (на выбор):</span></h2>
<ul>
	<li>Улучшенная сталь 1.7225 или нержавеющая сталь 1.4305.</li>
</ul>
<hr>
<h2><span style=""font-size: 13pt;"">Исполнение:</span></h2>
<ul>
	<li>Улучшенная сталь закаленная с гальванической оцинковкой, синим хроматированием.</li>
	<li>Нержавеющая сталь без покрытия.</li>
</ul>
<hr>
<h2><span style=""font-size: 13pt;"">Указания по применению:</span></h2>
<ul>
	<li>Распорные проставки хорошо подходят для монтажа и выравнивания различных двигателей, агрегатов, элементов привода и производственных линий.</li>
	<li>Подвижные проставки обеспечивают точность при монтаже наклонных опорных поверхностей с углом наклона до 4°.</li>
	<li>Распорные проставки отличаются большим диапазоном перемещения от 15 до 50 мм.</li>
</ul>";K0057.2510;Закаленная сталь;;11;M30x1,5;;;Под заказ;19152,33;45;;;;;;;;;;54-79;2;;;;;;;;;;;;;;;;;7;5;12236,59;;;;;;;;;;;;4°;;
K0057 Опоры подводимые регулируемые самоустанавливающиеся;https://alterv.ru/catalog/prostavki_raspornye/k0057_prostavki_raspornye_podvizhnye_na_4/;Kipp;Главная > Каталог > Промышленная фурнитура > Опоры > Опоры подводимые регулируемые > K0057 Опоры подводимые регулируемые самоустанавливающиеся;https://alterv.ru/upload/iblock/762/k0057_prostavki_raspornye.jpg, https://alterv.ru/upload/iblock/3c8/k0057_prostavki_ustanovka.jpg;https://alterv.ru/upload/iblock/945/Z27707_nn_ru.jpg;"<h2><span style=""font-size: 13pt;"">Материалы (на выбор):</span></h2>
<ul>
	<li>Улучшенная сталь 1.7225 или нержавеющая сталь 1.4305.</li>
</ul>
<hr>
<h2><span style=""font-size: 13pt;"">Исполнение:</span></h2>
<ul>
	<li>Улучшенная сталь закаленная с гальванической оцинковкой, синим хроматированием.</li>
	<li>Нержавеющая сталь без покрытия.</li>
</ul>
<hr>
<h2><span style=""font-size: 13pt;"">Указания по применению:</span></h2>
<ul>
	<li>Распорные проставки хорошо подходят для монтажа и выравнивания различных двигателей, агрегатов, элементов привода и производственных линий.</li>
	<li>Подвижные проставки обеспечивают точность при монтаже наклонных опорных поверхностей с углом наклона до 4°.</li>
	<li>Распорные проставки отличаются большим диапазоном перемещения от 15 до 50 мм.</li>
</ul>";K0057.2512;Закаленная сталь;;13,5;M30x1,5;;;Под заказ;19152,33;45;;;;;;;;;;54-79;2;;;;;;;;;;;;;;;;;7;5;12236,59;;;;;;;;;;;;4°;;
K0057 Опоры подводимые регулируемые самоустанавливающиеся;https://alterv.ru/catalog/prostavki_raspornye/k0057_prostavki_raspornye_podvizhnye_na_4/;Kipp;Главная > Каталог > Промышленная фурнитура > Опоры > Опоры подводимые регулируемые > K0057 Опоры подводимые регулируемые самоустанавливающиеся;https://alterv.ru/upload/iblock/762/k0057_prostavki_raspornye.jpg, https://alterv.ru/upload/iblock/3c8/k0057_prostavki_ustanovka.jpg;https://alterv.ru/upload/iblock/945/Z27707_nn_ru.jpg;"<h2><span style=""font-size: 13pt;"">Материалы (на выбор):</span></h2>
<ul>
	<li>Улучшенная сталь 1.7225 или нержавеющая сталь 1.4305.</li>
</ul>
<hr>
<h2><span style=""font-size: 13pt;"">Исполнение:</span></h2>
<ul>
	<li>Улучшенная сталь закаленная с гальванической оцинковкой, синим хроматированием.</li>
	<li>Нержавеющая сталь без покрытия.</li>
</ul>
<hr>
<h2><span style=""font-size: 13pt;"">Указания по применению:</span></h2>
<ul>
	<li>Распорные проставки хорошо подходят для монтажа и выравнивания различных двигателей, агрегатов, элементов привода и производственных линий.</li>
	<li>Подвижные проставки обеспечивают точность при монтаже наклонных опорных поверхностей с углом наклона до 4°.</li>
	<li>Распорные проставки отличаются большим диапазоном перемещения от 15 до 50 мм.</li>
</ul>";K0057.2516;Закаленная сталь;;17,5;M30x1,5;;;Под заказ;19152,33;45;;;;;;;;;;54-79;2;;;;;;;;;;;;;;;;;7;5;12236,59;;;;;;;;;;;;4°;;
K0057 Опоры подводимые регулируемые самоустанавливающиеся;https://alterv.ru/catalog/prostavki_raspornye/k0057_prostavki_raspornye_podvizhnye_na_4/;Kipp;Главная > Каталог > Промышленная фурнитура > Опоры > Опоры подводимые регулируемые > K0057 Опоры подводимые регулируемые самоустанавливающиеся;https://alterv.ru/upload/iblock/762/k0057_prostavki_raspornye.jpg, https://alterv.ru/upload/iblock/3c8/k0057_prostavki_ustanovka.jpg;https://alterv.ru/upload/iblock/945/Z27707_nn_ru.jpg;"<h2><span style=""font-size: 13pt;"">Материалы (на выбор):</span></h2>
<ul>
	<li>Улучшенная сталь 1.7225 или нержавеющая сталь 1.4305.</li>
</ul>
<hr>
<h2><span style=""font-size: 13pt;"">Исполнение:</span></h2>
<ul>
	<li>Улучшенная сталь закаленная с гальванической оцинковкой, синим хроматированием.</li>
	<li>Нержавеющая сталь без покрытия.</li>
</ul>
<hr>
<h2><span style=""font-size: 13pt;"">Указания по применению:</span></h2>
<ul>
	<li>Распорные проставки хорошо подходят для монтажа и выравнивания различных двигателей, агрегатов, элементов привода и производственных линий.</li>
	<li>Подвижные проставки обеспечивают точность при монтаже наклонных опорных поверхностей с углом наклона до 4°.</li>
	<li>Распорные проставки отличаются большим диапазоном перемещения от 15 до 50 мм.</li>
</ul>";K0057.3216;Закаленная сталь;;17,5;M40x1,5;;;Под заказ;22868,94;58;;;;;;;;;;70-102;2,5;;;;;;;;;;;;;;;;;9;6;21414,04;;;;;;;;;;;;4°;;
K0057 Опоры подводимые регулируемые самоустанавливающиеся;https://alterv.ru/catalog/prostavki_raspornye/k0057_prostavki_raspornye_podvizhnye_na_4/;Kipp;Главная > Каталог > Промышленная фурнитура > Опоры > Опоры подводимые регулируемые > K0057 Опоры подводимые регулируемые самоустанавливающиеся;https://alterv.ru/upload/iblock/762/k0057_prostavki_raspornye.jpg, https://alterv.ru/upload/iblock/3c8/k0057_prostavki_ustanovka.jpg;https://alterv.ru/upload/iblock/945/Z27707_nn_ru.jpg;"<h2><span style=""font-size: 13pt;"">Материалы (на выбор):</span></h2>
<ul>
	<li>Улучшенная сталь 1.7225 или нержавеющая сталь 1.4305.</li>
</ul>
<hr>
<h2><span style=""font-size: 13pt;"">Исполнение:</span></h2>
<ul>
	<li>Улучшенная сталь закаленная с гальванической оцинковкой, синим хроматированием.</li>
	<li>Нержавеющая сталь без покрытия.</li>
</ul>
<hr>
<h2><span style=""font-size: 13pt;"">Указания по применению:</span></h2>
<ul>
	<li>Распорные проставки хорошо подходят для монтажа и выравнивания различных двигателей, агрегатов, элементов привода и производственных линий.</li>
	<li>Подвижные проставки обеспечивают точность при монтаже наклонных опорных поверхностей с углом наклона до 4°.</li>
	<li>Распорные проставки отличаются большим диапазоном перемещения от 15 до 50 мм.</li>
</ul>";K0057.3220;Закаленная сталь;;22;M40x1,5;;;Под заказ;22868,94;58;;;;;;;;;;70-102;2,5;;;;;;;;;;;;;;;;;9;6;21414,04;;;;;;;;;;;;4°;;
K0057 Опоры подводимые регулируемые самоустанавливающиеся;https://alterv.ru/catalog/prostavki_raspornye/k0057_prostavki_raspornye_podvizhnye_na_4/;Kipp;Главная > Каталог > Промышленная фурнитура > Опоры > Опоры подводимые регулируемые > K0057 Опоры подводимые регулируемые самоустанавливающиеся;https://alterv.ru/upload/iblock/762/k0057_prostavki_raspornye.jpg, https://alterv.ru/upload/iblock/3c8/k0057_prostavki_ustanovka.jpg;https://alterv.ru/upload/iblock/945/Z27707_nn_ru.jpg;"<h2><span style=""font-size: 13pt;"">Материалы (на выбор):</span></h2>
<ul>
	<li>Улучшенная сталь 1.7225 или нержавеющая сталь 1.4305.</li>
</ul>
<hr>
<h2><span style=""font-size: 13pt;"">Исполнение:</span></h2>
<ul>
	<li>Улучшенная сталь закаленная с гальванической оцинковкой, синим хроматированием.</li>
	<li>Нержавеющая сталь без покрытия.</li>
</ul>
<hr>
<h2><span style=""font-size: 13pt;"">Указания по применению:</span></h2>
<ul>
	<li>Распорные проставки хорошо подходят для монтажа и выравнивания различных двигателей, агрегатов, элементов привода и производственных линий.</li>
	<li>Подвижные проставки обеспечивают точность при монтаже наклонных опорных поверхностей с углом наклона до 4°.</li>
	<li>Распорные проставки отличаются большим диапазоном перемещения от 15 до 50 мм.</li>
</ul>";K0057.3224;Закаленная сталь;;26;M40x1,5;;;Под заказ;22868,94;58;;;;;;;;;;70-102;2,5;;;;;;;;;;;;;;;;;9;6;21414,04;;;;;;;;;;;;4°;;
K0057 Опоры подводимые регулируемые самоустанавливающиеся;https://alterv.ru/catalog/prostavki_raspornye/k0057_prostavki_raspornye_podvizhnye_na_4/;Kipp;Главная > Каталог > Промышленная фурнитура > Опоры > Опоры подводимые регулируемые > K0057 Опоры подводимые регулируемые самоустанавливающиеся;https://alterv.ru/upload/iblock/762/k0057_prostavki_raspornye.jpg, https://alterv.ru/upload/iblock/3c8/k0057_prostavki_ustanovka.jpg;https://alterv.ru/upload/iblock/945/Z27707_nn_ru.jpg;"<h2><span style=""font-size: 13pt;"">Материалы (на выбор):</span></h2>
<ul>
	<li>Улучшенная сталь 1.7225 или нержавеющая сталь 1.4305.</li>
</ul>
<hr>
<h2><span style=""font-size: 13pt;"">Исполнение:</span></h2>
<ul>
	<li>Улучшенная сталь закаленная с гальванической оцинковкой, синим хроматированием.</li>
	<li>Нержавеющая сталь без покрытия.</li>
</ul>
<hr>
<h2><span style=""font-size: 13pt;"">Указания по применению:</span></h2>
<ul>
	<li>Распорные проставки хорошо подходят для монтажа и выравнивания различных двигателей, агрегатов, элементов привода и производственных линий.</li>
	<li>Подвижные проставки обеспечивают точность при монтаже наклонных опорных поверхностей с углом наклона до 4°.</li>
	<li>Распорные проставки отличаются большим диапазоном перемещения от 15 до 50 мм.</li>
</ul>";K0057.4020;Закаленная сталь;;22;M50x1,5;;;Под заказ;31375,93;70;;;;;;;;;;83-123;2,5;;;;;;;;;;;;;;;;;11;6;33650,64;;;;;;;;;;;;4°;;
K0057 Опоры подводимые регулируемые самоустанавливающиеся;https://alterv.ru/catalog/prostavki_raspornye/k0057_prostavki_raspornye_podvizhnye_na_4/;Kipp;Главная > Каталог > Промышленная фурнитура > Опоры > Опоры подводимые регулируемые > K0057 Опоры подводимые регулируемые самоустанавливающиеся;https://alterv.ru/upload/iblock/762/k0057_prostavki_raspornye.jpg, https://alterv.ru/upload/iblock/3c8/k0057_prostavki_ustanovka.jpg;https://alterv.ru/upload/iblock/945/Z27707_nn_ru.jpg;"<h2><span style=""font-size: 13pt;"">Материалы (на выбор):</span></h2>
<ul>
	<li>Улучшенная сталь 1.7225 или нержавеющая сталь 1.4305.</li>
</ul>
<hr>
<h2><span style=""font-size: 13pt;"">Исполнение:</span></h2>
<ul>
	<li>Улучшенная сталь закаленная с гальванической оцинковкой, синим хроматированием.</li>
	<li>Нержавеющая сталь без покрытия.</li>
</ul>
<hr>
<h2><span style=""font-size: 13pt;"">Указания по применению:</span></h2>
<ul>
	<li>Распорные проставки хорошо подходят для монтажа и выравнивания различных двигателей, агрегатов, элементов привода и производственных линий.</li>
	<li>Подвижные проставки обеспечивают точность при монтаже наклонных опорных поверхностей с углом наклона до 4°.</li>
	<li>Распорные проставки отличаются большим диапазоном перемещения от 15 до 50 мм.</li>
</ul>";K0057.4024;Закаленная сталь;;26;M50x1,5;;;Под заказ;31375,93;70;;;;;;;;;;83-123;2,5;;;;;;;;;;;;;;;;;11;6;33650,64;;;;;;;;;;;;4°;;
K0057 Опоры подводимые регулируемые самоустанавливающиеся;https://alterv.ru/catalog/prostavki_raspornye/k0057_prostavki_raspornye_podvizhnye_na_4/;Kipp;Главная > Каталог > Промышленная фурнитура > Опоры > Опоры подводимые регулируемые > K0057 Опоры подводимые регулируемые самоустанавливающиеся;https://alterv.ru/upload/iblock/762/k0057_prostavki_raspornye.jpg, https://alterv.ru/upload/iblock/3c8/k0057_prostavki_ustanovka.jpg;https://alterv.ru/upload/iblock/945/Z27707_nn_ru.jpg;"<h2><span style=""font-size: 13pt;"">Материалы (на выбор):</span></h2>
<ul>
	<li>Улучшенная сталь 1.7225 или нержавеющая сталь 1.4305.</li>
</ul>
<hr>
<h2><span style=""font-size: 13pt;"">Исполнение:</span></h2>
<ul>
	<li>Улучшенная сталь закаленная с гальванической оцинковкой, синим хроматированием.</li>
	<li>Нержавеющая сталь без покрытия.</li>
</ul>
<hr>
<h2><span style=""font-size: 13pt;"">Указания по применению:</span></h2>
<ul>
	<li>Распорные проставки хорошо подходят для монтажа и выравнивания различных двигателей, агрегатов, элементов привода и производственных линий.</li>
	<li>Подвижные проставки обеспечивают точность при монтаже наклонных опорных поверхностей с углом наклона до 4°.</li>
	<li>Распорные проставки отличаются большим диапазоном перемещения от 15 до 50 мм.</li>
</ul>";K0057.4030;Закаленная сталь;;33;M50x1,5;;;Под заказ;31375,93;70;;;;;;;;;;83-123;2,5;;;;;;;;;;;;;;;;;11;6;33650,64;;;;;;;;;;;;4°;;
K0057 Опоры подводимые регулируемые самоустанавливающиеся;https://alterv.ru/catalog/prostavki_raspornye/k0057_prostavki_raspornye_podvizhnye_na_4/;Kipp;Главная > Каталог > Промышленная фурнитура > Опоры > Опоры подводимые регулируемые > K0057 Опоры подводимые регулируемые самоустанавливающиеся;https://alterv.ru/upload/iblock/762/k0057_prostavki_raspornye.jpg, https://alterv.ru/upload/iblock/3c8/k0057_prostavki_ustanovka.jpg;https://alterv.ru/upload/iblock/945/Z27707_nn_ru.jpg;"<h2><span style=""font-size: 13pt;"">Материалы (на выбор):</span></h2>
<ul>
	<li>Улучшенная сталь 1.7225 или нержавеющая сталь 1.4305.</li>
</ul>
<hr>
<h2><span style=""font-size: 13pt;"">Исполнение:</span></h2>
<ul>
	<li>Улучшенная сталь закаленная с гальванической оцинковкой, синим хроматированием.</li>
	<li>Нержавеющая сталь без покрытия.</li>
</ul>
<hr>
<h2><span style=""font-size: 13pt;"">Указания по применению:</span></h2>
<ul>
	<li>Распорные проставки хорошо подходят для монтажа и выравнивания различных двигателей, агрегатов, элементов привода и производственных линий.</li>
	<li>Подвижные проставки обеспечивают точность при монтаже наклонных опорных поверхностей с углом наклона до 4°.</li>
	<li>Распорные проставки отличаются большим диапазоном перемещения от 15 до 50 мм.</li>
</ul>";K0057.5024;Закаленная сталь;;26;M60x2;;;Под заказ;41484,36;80;;;;;;;;;;94-144;3;;;;;;;;;;;;;;;;;11;7;50475,95;;;;;;;;;;;;4°;;
K0057 Опоры подводимые регулируемые самоустанавливающиеся;https://alterv.ru/catalog/prostavki_raspornye/k0057_prostavki_raspornye_podvizhnye_na_4/;Kipp;Главная > Каталог > Промышленная фурнитура > Опоры > Опоры подводимые регулируемые > K0057 Опоры подводимые регулируемые самоустанавливающиеся;https://alterv.ru/upload/iblock/762/k0057_prostavki_raspornye.jpg, https://alterv.ru/upload/iblock/3c8/k0057_prostavki_ustanovka.jpg;https://alterv.ru/upload/iblock/945/Z27707_nn_ru.jpg;"<h2><span style=""font-size: 13pt;"">Материалы (на выбор):</span></h2>
<ul>
	<li>Улучшенная сталь 1.7225 или нержавеющая сталь 1.4305.</li>
</ul>
<hr>
<h2><span style=""font-size: 13pt;"">Исполнение:</span></h2>
<ul>
	<li>Улучшенная сталь закаленная с гальванической оцинковкой, синим хроматированием.</li>
	<li>Нержавеющая сталь без покрытия.</li>
</ul>
<hr>
<h2><span style=""font-size: 13pt;"">Указания по применению:</span></h2>
<ul>
	<li>Распорные проставки хорошо подходят для монтажа и выравнивания различных двигателей, агрегатов, элементов привода и производственных линий.</li>
	<li>Подвижные проставки обеспечивают точность при монтаже наклонных опорных поверхностей с углом наклона до 4°.</li>
	<li>Распорные проставки отличаются большим диапазоном перемещения от 15 до 50 мм.</li>
</ul>";K0057.5030;Закаленная сталь;;33;M60x2;;;Под заказ;41484,36;80;;;;;;;;;;94-144;3;;;;;;;;;;;;;;;;;11;7;50475,95;;;;;;;;;;;;4°;;
K0057 Опоры подводимые регулируемые самоустанавливающиеся;https://alterv.ru/catalog/prostavki_raspornye/k0057_prostavki_raspornye_podvizhnye_na_4/;Kipp;Главная > Каталог > Промышленная фурнитура > Опоры > Опоры подводимые регулируемые > K0057 Опоры подводимые регулируемые самоустанавливающиеся;https://alterv.ru/upload/iblock/762/k0057_prostavki_raspornye.jpg, https://alterv.ru/upload/iblock/3c8/k0057_prostavki_ustanovka.jpg;https://alterv.ru/upload/iblock/945/Z27707_nn_ru.jpg;"<h2><span style=""font-size: 13pt;"">Материалы (на выбор):</span></h2>
<ul>
	<li>Улучшенная сталь 1.7225 или нержавеющая сталь 1.4305.</li>
</ul>
<hr>
<h2><span style=""font-size: 13pt;"">Исполнение:</span></h2>
<ul>
	<li>Улучшенная сталь закаленная с гальванической оцинковкой, синим хроматированием.</li>
	<li>Нержавеющая сталь без покрытия.</li>
</ul>
<hr>
<h2><span style=""font-size: 13pt;"">Указания по применению:</span></h2>
<ul>
	<li>Распорные проставки хорошо подходят для монтажа и выравнивания различных двигателей, агрегатов, элементов привода и производственных линий.</li>
	<li>Подвижные проставки обеспечивают точность при монтаже наклонных опорных поверхностей с углом наклона до 4°.</li>
	<li>Распорные проставки отличаются большим диапазоном перемещения от 15 до 50 мм.</li>
</ul>";K0057.15061;Нержавеющая сталь;;6,6;M15x1;;;Под заказ;19323,58;25;;;;;;;;;;35-50;2;;;;;;;;;;;;;;;;;5;4;2763,43;;;;;;;;;;;;4°;;
K0057 Опоры подводимые регулируемые самоустанавливающиеся;https://alterv.ru/catalog/prostavki_raspornye/k0057_prostavki_raspornye_podvizhnye_na_4/;Kipp;Главная > Каталог > Промышленная фурнитура > Опоры > Опоры подводимые регулируемые > K0057 Опоры подводимые регулируемые самоустанавливающиеся;https://alterv.ru/upload/iblock/762/k0057_prostavki_raspornye.jpg, https://alterv.ru/upload/iblock/3c8/k0057_prostavki_ustanovka.jpg;https://alterv.ru/upload/iblock/945/Z27707_nn_ru.jpg;"<h2><span style=""font-size: 13pt;"">Материалы (на выбор):</span></h2>
<ul>
	<li>Улучшенная сталь 1.7225 или нержавеющая сталь 1.4305.</li>
</ul>
<hr>
<h2><span style=""font-size: 13pt;"">Исполнение:</span></h2>
<ul>
	<li>Улучшенная сталь закаленная с гальванической оцинковкой, синим хроматированием.</li>
	<li>Нержавеющая сталь без покрытия.</li>
</ul>
<hr>
<h2><span style=""font-size: 13pt;"">Указания по применению:</span></h2>
<ul>
	<li>Распорные проставки хорошо подходят для монтажа и выравнивания различных двигателей, агрегатов, элементов привода и производственных линий.</li>
	<li>Подвижные проставки обеспечивают точность при монтаже наклонных опорных поверхностей с углом наклона до 4°.</li>
	<li>Распорные проставки отличаются большим диапазоном перемещения от 15 до 50 мм.</li>
</ul>";K0057.20061;Нержавеющая сталь;;6,6;M20x1;;;Под заказ;20846,3;32;;;;;;;;;;43-63;2;;;;;;;;;;;;;;;;;6;4;4425,57;;;;;;;;;;;;4°;;
K0057 Опоры подводимые регулируемые самоустанавливающиеся;https://alterv.ru/catalog/prostavki_raspornye/k0057_prostavki_raspornye_podvizhnye_na_4/;Kipp;Главная > Каталог > Промышленная фурнитура > Опоры > Опоры подводимые регулируемые > K0057 Опоры подводимые регулируемые самоустанавливающиеся;https://alterv.ru/upload/iblock/762/k0057_prostavki_raspornye.jpg, https://alterv.ru/upload/iblock/3c8/k0057_prostavki_ustanovka.jpg;https://alterv.ru/upload/iblock/945/Z27707_nn_ru.jpg;"<h2><span style=""font-size: 13pt;"">Материалы (на выбор):</span></h2>
<ul>
	<li>Улучшенная сталь 1.7225 или нержавеющая сталь 1.4305.</li>
</ul>
<hr>
<h2><span style=""font-size: 13pt;"">Исполнение:</span></h2>
<ul>
	<li>Улучшенная сталь закаленная с гальванической оцинковкой, синим хроматированием.</li>
	<li>Нержавеющая сталь без покрытия.</li>
</ul>
<hr>
<h2><span style=""font-size: 13pt;"">Указания по применению:</span></h2>
<ul>
	<li>Распорные проставки хорошо подходят для монтажа и выравнивания различных двигателей, агрегатов, элементов привода и производственных линий.</li>
	<li>Подвижные проставки обеспечивают точность при монтаже наклонных опорных поверхностей с углом наклона до 4°.</li>
	<li>Распорные проставки отличаются большим диапазоном перемещения от 15 до 50 мм.</li>
</ul>";K0057.20081;Нержавеющая сталь;;9;M20x1;;;Под заказ;20846,3;32;;;;;;;;;;43-63;2;;;;;;;;;;;;;;;;;6;4;4425,57;;;;;;;;;;;;4°;;
K0057 Опоры подводимые регулируемые самоустанавливающиеся;https://alterv.ru/catalog/prostavki_raspornye/k0057_prostavki_raspornye_podvizhnye_na_4/;Kipp;Главная > Каталог > Промышленная фурнитура > Опоры > Опоры подводимые регулируемые > K0057 Опоры подводимые регулируемые самоустанавливающиеся;https://alterv.ru/upload/iblock/762/k0057_prostavki_raspornye.jpg, https://alterv.ru/upload/iblock/3c8/k0057_prostavki_ustanovka.jpg;https://alterv.ru/upload/iblock/945/Z27707_nn_ru.jpg;"<h2><span style=""font-size: 13pt;"">Материалы (на выбор):</span></h2>
<ul>
	<li>Улучшенная сталь 1.7225 или нержавеющая сталь 1.4305.</li>
</ul>
<hr>
<h2><span style=""font-size: 13pt;"">Исполнение:</span></h2>
<ul>
	<li>Улучшенная сталь закаленная с гальванической оцинковкой, синим хроматированием.</li>
	<li>Нержавеющая сталь без покрытия.</li>
</ul>
<hr>
<h2><span style=""font-size: 13pt;"">Указания по применению:</span></h2>
<ul>
	<li>Распорные проставки хорошо подходят для монтажа и выравнивания различных двигателей, агрегатов, элементов привода и производственных линий.</li>
	<li>Подвижные проставки обеспечивают точность при монтаже наклонных опорных поверхностей с углом наклона до 4°.</li>
	<li>Распорные проставки отличаются большим диапазоном перемещения от 15 до 50 мм.</li>
</ul>";K0057.20101;Нержавеющая сталь;;11;M20x1;;;Под заказ;20846,3;32;;;;;;;;;;43-63;2;;;;;;;;;;;;;;;;;6;4;4425,57;;;;;;;;;;;;4°;;
K0057 Опоры подводимые регулируемые самоустанавливающиеся;https://alterv.ru/catalog/prostavki_raspornye/k0057_prostavki_raspornye_podvizhnye_na_4/;Kipp;Главная > Каталог > Промышленная фурнитура > Опоры > Опоры подводимые регулируемые > K0057 Опоры подводимые регулируемые самоустанавливающиеся;https://alterv.ru/upload/iblock/762/k0057_prostavki_raspornye.jpg, https://alterv.ru/upload/iblock/3c8/k0057_prostavki_ustanovka.jpg;https://alterv.ru/upload/iblock/945/Z27707_nn_ru.jpg;"<h2><span style=""font-size: 13pt;"">Материалы (на выбор):</span></h2>
<ul>
	<li>Улучшенная сталь 1.7225 или нержавеющая сталь 1.4305.</li>
</ul>
<hr>
<h2><span style=""font-size: 13pt;"">Исполнение:</span></h2>
<ul>
	<li>Улучшенная сталь закаленная с гальванической оцинковкой, синим хроматированием.</li>
	<li>Нержавеющая сталь без покрытия.</li>
</ul>
<hr>
<h2><span style=""font-size: 13pt;"">Указания по применению:</span></h2>
<ul>
	<li>Распорные проставки хорошо подходят для монтажа и выравнивания различных двигателей, агрегатов, элементов привода и производственных линий.</li>
	<li>Подвижные проставки обеспечивают точность при монтаже наклонных опорных поверхностей с углом наклона до 4°.</li>
	<li>Распорные проставки отличаются большим диапазоном перемещения от 15 до 50 мм.</li>
</ul>";K0057.25101;Нержавеющая сталь;;11;M30x1,5;;;Под заказ;24993,36;45;;;;;;;;;;54-79;2;;;;;;;;;;;;;;;;;7;5;8565,62;;;;;;;;;;;;4°;;
K0057 Опоры подводимые регулируемые самоустанавливающиеся;https://alterv.ru/catalog/prostavki_raspornye/k0057_prostavki_raspornye_podvizhnye_na_4/;Kipp;Главная > Каталог > Промышленная фурнитура > Опоры > Опоры подводимые регулируемые > K0057 Опоры подводимые регулируемые самоустанавливающиеся;https://alterv.ru/upload/iblock/762/k0057_prostavki_raspornye.jpg, https://alterv.ru/upload/iblock/3c8/k0057_prostavki_ustanovka.jpg;https://alterv.ru/upload/iblock/945/Z27707_nn_ru.jpg;"<h2><span style=""font-size: 13pt;"">Материалы (на выбор):</span></h2>
<ul>
	<li>Улучшенная сталь 1.7225 или нержавеющая сталь 1.4305.</li>
</ul>
<hr>
<h2><span style=""font-size: 13pt;"">Исполнение:</span></h2>
<ul>
	<li>Улучшенная сталь закаленная с гальванической оцинковкой, синим хроматированием.</li>
	<li>Нержавеющая сталь без покрытия.</li>
</ul>
<hr>
<h2><span style=""font-size: 13pt;"">Указания по применению:</span></h2>
<ul>
	<li>Распорные проставки хорошо подходят для монтажа и выравнивания различных двигателей, агрегатов, элементов привода и производственных линий.</li>
	<li>Подвижные проставки обеспечивают точность при монтаже наклонных опорных поверхностей с углом наклона до 4°.</li>
	<li>Распорные проставки отличаются большим диапазоном перемещения от 15 до 50 мм.</li>
</ul>";K0057.25121;Нержавеющая сталь;;13,5;M30x1,5;;;Под заказ;24993,36;45;;;;;;;;;;54-79;2;;;;;;;;;;;;;;;;;7;5;8565,62;;;;;;;;;;;;4°;;
K0057 Опоры подводимые регулируемые самоустанавливающиеся;https://alterv.ru/catalog/prostavki_raspornye/k0057_prostavki_raspornye_podvizhnye_na_4/;Kipp;Главная > Каталог > Промышленная фурнитура > Опоры > Опоры подводимые регулируемые > K0057 Опоры подводимые регулируемые самоустанавливающиеся;https://alterv.ru/upload/iblock/762/k0057_prostavki_raspornye.jpg, https://alterv.ru/upload/iblock/3c8/k0057_prostavki_ustanovka.jpg;https://alterv.ru/upload/iblock/945/Z27707_nn_ru.jpg;"<h2><span style=""font-size: 13pt;"">Материалы (на выбор):</span></h2>
<ul>
	<li>Улучшенная сталь 1.7225 или нержавеющая сталь 1.4305.</li>
</ul>
<hr>
<h2><span style=""font-size: 13pt;"">Исполнение:</span></h2>
<ul>
	<li>Улучшенная сталь закаленная с гальванической оцинковкой, синим хроматированием.</li>
	<li>Нержавеющая сталь без покрытия.</li>
</ul>
<hr>
<h2><span style=""font-size: 13pt;"">Указания по применению:</span></h2>
<ul>
	<li>Распорные проставки хорошо подходят для монтажа и выравнивания различных двигателей, агрегатов, элементов привода и производственных линий.</li>
	<li>Подвижные проставки обеспечивают точность при монтаже наклонных опорных поверхностей с углом наклона до 4°.</li>
	<li>Распорные проставки отличаются большим диапазоном перемещения от 15 до 50 мм.</li>
</ul>";K0057.25161;Нержавеющая сталь;;17,5;M30x1,5;;;Под заказ;24993,36;45;;;;;;;;;;54-79;2;;;;;;;;;;;;;;;;;7;5;8565,62;;;;;;;;;;;;4°;;
K0057 Опоры подводимые регулируемые самоустанавливающиеся;https://alterv.ru/catalog/prostavki_raspornye/k0057_prostavki_raspornye_podvizhnye_na_4/;Kipp;Главная > Каталог > Промышленная фурнитура > Опоры > Опоры подводимые регулируемые > K0057 Опоры подводимые регулируемые самоустанавливающиеся;https://alterv.ru/upload/iblock/762/k0057_prostavki_raspornye.jpg, https://alterv.ru/upload/iblock/3c8/k0057_prostavki_ustanovka.jpg;https://alterv.ru/upload/iblock/945/Z27707_nn_ru.jpg;"<h2><span style=""font-size: 13pt;"">Материалы (на выбор):</span></h2>
<ul>
	<li>Улучшенная сталь 1.7225 или нержавеющая сталь 1.4305.</li>
</ul>
<hr>
<h2><span style=""font-size: 13pt;"">Исполнение:</span></h2>
<ul>
	<li>Улучшенная сталь закаленная с гальванической оцинковкой, синим хроматированием.</li>
	<li>Нержавеющая сталь без покрытия.</li>
</ul>
<hr>
<h2><span style=""font-size: 13pt;"">Указания по применению:</span></h2>
<ul>
	<li>Распорные проставки хорошо подходят для монтажа и выравнивания различных двигателей, агрегатов, элементов привода и производственных линий.</li>
	<li>Подвижные проставки обеспечивают точность при монтаже наклонных опорных поверхностей с углом наклона до 4°.</li>
	<li>Распорные проставки отличаются большим диапазоном перемещения от 15 до 50 мм.</li>
</ul>";K0057.32161;Нержавеющая сталь;;17,5;M40x1,5;;;Под заказ;35629,45;58;;;;;;;;;;70-102;2,5;;;;;;;;;;;;;;;;;9;6;15091,8;;;;;;;;;;;;4°;;
K0057 Опоры подводимые регулируемые самоустанавливающиеся;https://alterv.ru/catalog/prostavki_raspornye/k0057_prostavki_raspornye_podvizhnye_na_4/;Kipp;Главная > Каталог > Промышленная фурнитура > Опоры > Опоры подводимые регулируемые > K0057 Опоры подводимые регулируемые самоустанавливающиеся;https://alterv.ru/upload/iblock/762/k0057_prostavki_raspornye.jpg, https://alterv.ru/upload/iblock/3c8/k0057_prostavki_ustanovka.jpg;https://alterv.ru/upload/iblock/945/Z27707_nn_ru.jpg;"<h2><span style=""font-size: 13pt;"">Материалы (на выбор):</span></h2>
<ul>
	<li>Улучшенная сталь 1.7225 или нержавеющая сталь 1.4305.</li>
</ul>
<hr>
<h2><span style=""font-size: 13pt;"">Исполнение:</span></h2>
<ul>
	<li>Улучшенная сталь закаленная с гальванической оцинковкой, синим хроматированием.</li>
	<li>Нержавеющая сталь без покрытия.</li>
</ul>
<hr>
<h2><span style=""font-size: 13pt;"">Указания по применению:</span></h2>
<ul>
	<li>Распорные проставки хорошо подходят для монтажа и выравнивания различных двигателей, агрегатов, элементов привода и производственных линий.</li>
	<li>Подвижные проставки обеспечивают точность при монтаже наклонных опорных поверхностей с углом наклона до 4°.</li>
	<li>Распорные проставки отличаются большим диапазоном перемещения от 15 до 50 мм.</li>
</ul>";K0057.32201;Нержавеющая сталь;;22;M40x1,5;;;Под заказ;35629,45;58;;;;;;;;;;70-102;2,5;;;;;;;;;;;;;;;;;9;6;15091,8;;;;;;;;;;;;4°;;
K0057 Опоры подводимые регулируемые самоустанавливающиеся;https://alterv.ru/catalog/prostavki_raspornye/k0057_prostavki_raspornye_podvizhnye_na_4/;Kipp;Главная > Каталог > Промышленная фурнитура > Опоры > Опоры подводимые регулируемые > K0057 Опоры подводимые регулируемые самоустанавливающиеся;https://alterv.ru/upload/iblock/762/k0057_prostavki_raspornye.jpg, https://alterv.ru/upload/iblock/3c8/k0057_prostavki_ustanovka.jpg;https://alterv.ru/upload/iblock/945/Z27707_nn_ru.jpg;"<h2><span style=""font-size: 13pt;"">Материалы (на выбор):</span></h2>
<ul>
	<li>Улучшенная сталь 1.7225 или нержавеющая сталь 1.4305.</li>
</ul>
<hr>
<h2><span style=""font-size: 13pt;"">Исполнение:</span></h2>
<ul>
	<li>Улучшенная сталь закаленная с гальванической оцинковкой, синим хроматированием.</li>
	<li>Нержавеющая сталь без покрытия.</li>
</ul>
<hr>
<h2><span style=""font-size: 13pt;"">Указания по применению:</span></h2>
<ul>
	<li>Распорные проставки хорошо подходят для монтажа и выравнивания различных двигателей, агрегатов, элементов привода и производственных линий.</li>
	<li>Подвижные проставки обеспечивают точность при монтаже наклонных опорных поверхностей с углом наклона до 4°.</li>
	<li>Распорные проставки отличаются большим диапазоном перемещения от 15 до 50 мм.</li>
</ul>";K0057.32241;Нержавеющая сталь;;26;M40x1,5;;;Под заказ;35629,45;58;;;;;;;;;;70-102;2,5;;;;;;;;;;;;;;;;;9;6;15091,8;;;;;;;;;;;;4°;;
K0057 Опоры подводимые регулируемые самоустанавливающиеся;https://alterv.ru/catalog/prostavki_raspornye/k0057_prostavki_raspornye_podvizhnye_na_4/;Kipp;Главная > Каталог > Промышленная фурнитура > Опоры > Опоры подводимые регулируемые > K0057 Опоры подводимые регулируемые самоустанавливающиеся;https://alterv.ru/upload/iblock/762/k0057_prostavki_raspornye.jpg, https://alterv.ru/upload/iblock/3c8/k0057_prostavki_ustanovka.jpg;https://alterv.ru/upload/iblock/945/Z27707_nn_ru.jpg;"<h2><span style=""font-size: 13pt;"">Материалы (на выбор):</span></h2>
<ul>
	<li>Улучшенная сталь 1.7225 или нержавеющая сталь 1.4305.</li>
</ul>
<hr>
<h2><span style=""font-size: 13pt;"">Исполнение:</span></h2>
<ul>
	<li>Улучшенная сталь закаленная с гальванической оцинковкой, синим хроматированием.</li>
	<li>Нержавеющая сталь без покрытия.</li>
</ul>
<hr>
<h2><span style=""font-size: 13pt;"">Указания по применению:</span></h2>
<ul>
	<li>Распорные проставки хорошо подходят для монтажа и выравнивания различных двигателей, агрегатов, элементов привода и производственных линий.</li>
	<li>Подвижные проставки обеспечивают точность при монтаже наклонных опорных поверхностей с углом наклона до 4°.</li>
	<li>Распорные проставки отличаются большим диапазоном перемещения от 15 до 50 мм.</li>
</ul>";K0057.40201;Нержавеющая сталь;;22;M50x1,5;;;Под заказ;54804,9;70;;;;;;;;;;83-123;2,5;;;;;;;;;;;;;;;;;11;6;22943,61;;;;;;;;;;;;4°;;
K0057 Опоры подводимые регулируемые самоустанавливающиеся;https://alterv.ru/catalog/prostavki_raspornye/k0057_prostavki_raspornye_podvizhnye_na_4/;Kipp;Главная > Каталог > Промышленная фурнитура > Опоры > Опоры подводимые регулируемые > K0057 Опоры подводимые регулируемые самоустанавливающиеся;https://alterv.ru/upload/iblock/762/k0057_prostavki_raspornye.jpg, https://alterv.ru/upload/iblock/3c8/k0057_prostavki_ustanovka.jpg;https://alterv.ru/upload/iblock/945/Z27707_nn_ru.jpg;"<h2><span style=""font-size: 13pt;"">Материалы (на выбор):</span></h2>
<ul>
	<li>Улучшенная сталь 1.7225 или нержавеющая сталь 1.4305.</li>
</ul>
<hr>
<h2><span style=""font-size: 13pt;"">Исполнение:</span></h2>
<ul>
	<li>Улучшенная сталь закаленная с гальванической оцинковкой, синим хроматированием.</li>
	<li>Нержавеющая сталь без покрытия.</li>
</ul>
<hr>
<h2><span style=""font-size: 13pt;"">Указания по применению:</span></h2>
<ul>
	<li>Распорные проставки хорошо подходят для монтажа и выравнивания различных двигателей, агрегатов, элементов привода и производственных линий.</li>
	<li>Подвижные проставки обеспечивают точность при монтаже наклонных опорных поверхностей с углом наклона до 4°.</li>
	<li>Распорные проставки отличаются большим диапазоном перемещения от 15 до 50 мм.</li>
</ul>";K0057.40241;Нержавеющая сталь;;26;M50x1,5;;;Под заказ;54804,9;70;;;;;;;;;;83-123;2,5;;;;;;;;;;;;;;;;;11;6;22943,61;;;;;;;;;;;;4°;;
K0057 Опоры подводимые регулируемые самоустанавливающиеся;https://alterv.ru/catalog/prostavki_raspornye/k0057_prostavki_raspornye_podvizhnye_na_4/;Kipp;Главная > Каталог > Промышленная фурнитура > Опоры > Опоры подводимые регулируемые > K0057 Опоры подводимые регулируемые самоустанавливающиеся;https://alterv.ru/upload/iblock/762/k0057_prostavki_raspornye.jpg, https://alterv.ru/upload/iblock/3c8/k0057_prostavki_ustanovka.jpg;https://alterv.ru/upload/iblock/945/Z27707_nn_ru.jpg;"<h2><span style=""font-size: 13pt;"">Материалы (на выбор):</span></h2>
<ul>
	<li>Улучшенная сталь 1.7225 или нержавеющая сталь 1.4305.</li>
</ul>
<hr>
<h2><span style=""font-size: 13pt;"">Исполнение:</span></h2>
<ul>
	<li>Улучшенная сталь закаленная с гальванической оцинковкой, синим хроматированием.</li>
	<li>Нержавеющая сталь без покрытия.</li>
</ul>
<hr>
<h2><span style=""font-size: 13pt;"">Указания по применению:</span></h2>
<ul>
	<li>Распорные проставки хорошо подходят для монтажа и выравнивания различных двигателей, агрегатов, элементов привода и производственных линий.</li>
	<li>Подвижные проставки обеспечивают точность при монтаже наклонных опорных поверхностей с углом наклона до 4°.</li>
	<li>Распорные проставки отличаются большим диапазоном перемещения от 15 до 50 мм.</li>
</ul>";K0057.40301;Нержавеющая сталь;;33;M50x1,5;;;Под заказ;54804,9;70;;;;;;;;;;83-123;2,5;;;;;;;;;;;;;;;;;11;6;22943,61;;;;;;;;;;;;4°;;
K0057 Опоры подводимые регулируемые самоустанавливающиеся;https://alterv.ru/catalog/prostavki_raspornye/k0057_prostavki_raspornye_podvizhnye_na_4/;Kipp;Главная > Каталог > Промышленная фурнитура > Опоры > Опоры подводимые регулируемые > K0057 Опоры подводимые регулируемые самоустанавливающиеся;https://alterv.ru/upload/iblock/762/k0057_prostavki_raspornye.jpg, https://alterv.ru/upload/iblock/3c8/k0057_prostavki_ustanovka.jpg;https://alterv.ru/upload/iblock/945/Z27707_nn_ru.jpg;"<h2><span style=""font-size: 13pt;"">Материалы (на выбор):</span></h2>
<ul>
	<li>Улучшенная сталь 1.7225 или нержавеющая сталь 1.4305.</li>
</ul>
<hr>
<h2><span style=""font-size: 13pt;"">Исполнение:</span></h2>
<ul>
	<li>Улучшенная сталь закаленная с гальванической оцинковкой, синим хроматированием.</li>
	<li>Нержавеющая сталь без покрытия.</li>
</ul>
<hr>
<h2><span style=""font-size: 13pt;"">Указания по применению:</span></h2>
<ul>
	<li>Распорные проставки хорошо подходят для монтажа и выравнивания различных двигателей, агрегатов, элементов привода и производственных линий.</li>
	<li>Подвижные проставки обеспечивают точность при монтаже наклонных опорных поверхностей с углом наклона до 4°.</li>
	<li>Распорные проставки отличаются большим диапазоном перемещения от 15 до 50 мм.</li>
</ul>";K0057.50241;Нержавеющая сталь;;26;M60x2;;;Под заказ;76576,9;80;;;;;;;;;;94-144;3;;;;;;;;;;;;;;;;;11;7;32936,83;;;;;;;;;;;;4°;;
K0057 Опоры подводимые регулируемые самоустанавливающиеся;https://alterv.ru/catalog/prostavki_raspornye/k0057_prostavki_raspornye_podvizhnye_na_4/;Kipp;Главная > Каталог > Промышленная фурнитура > Опоры > Опоры подводимые регулируемые > K0057 Опоры подводимые регулируемые самоустанавливающиеся;https://alterv.ru/upload/iblock/762/k0057_prostavki_raspornye.jpg, https://alterv.ru/upload/iblock/3c8/k0057_prostavki_ustanovka.jpg;https://alterv.ru/upload/iblock/945/Z27707_nn_ru.jpg;"<h2><span style=""font-size: 13pt;"">Материалы (на выбор):</span></h2>
<ul>
	<li>Улучшенная сталь 1.7225 или нержавеющая сталь 1.4305.</li>
</ul>
<hr>
<h2><span style=""font-size: 13pt;"">Исполнение:</span></h2>
<ul>
	<li>Улучшенная сталь закаленная с гальванической оцинковкой, синим хроматированием.</li>
	<li>Нержавеющая сталь без покрытия.</li>
</ul>
<hr>
<h2><span style=""font-size: 13pt;"">Указания по применению:</span></h2>
<ul>
	<li>Распорные проставки хорошо подходят для монтажа и выравнивания различных двигателей, агрегатов, элементов привода и производственных линий.</li>
	<li>Подвижные проставки обеспечивают точность при монтаже наклонных опорных поверхностей с углом наклона до 4°.</li>
	<li>Распорные проставки отличаются большим диапазоном перемещения от 15 до 50 мм.</li>
</ul>";K0057.50301;Нержавеющая сталь;;33;M60x2;;;Под заказ;76576,9;80;;;;;;;;;;94-144;3;;;;;;;;;;;;;;;;;11;7;32936,83;;;;;;;;;;;;4°;;
