Категория;URL товара;Бренд;Путь;Фото основные;Фото дополнительные;Применение HTML;Номер заказа;D;H;Сила сцепления, кг;Наличие, шт;Цена, руб. с НДС;Форма;Исполнение;D2;H1;L;D1;T;Отступ от железных стенок;Глубина фрезерования;D3;B;H2;L1;Размер;Количество крепежных отверстий;A;S;SW;Цвет комп.;Сила сцепления при макс. H2, кг;Крут. момент завинч. макс., Нм;Описание
K0548 Магниты ферритовые экранированные удерживающие;https://alterv.ru/catalog/magnity_postoyannye/k0548_magnity_diskovye_ferritovye_ekranirovannye/;Kipp;Главная > Каталог > Промышленная фурнитура > Магниты постоянные > K0548 Магниты ферритовые экранированные удерживающие;https://alterv.ru/upload/iblock/287/k0548_magnity_diskovye.jpg, https://alterv.ru/upload/iblock/141/k0548_magnity_ustanovka.jpg;https://alterv.ru/upload/iblock/3fa/Z09064_nn_ru.jpg;"<h2><span style=""font-size: 13pt;"">Материалы:</span></h2>
<ul>
	<li>Корпус из стали.</li>
	<li>Магнитный сердечник из твердого феррита.</li>
</ul>
<hr>
<h2><span style=""font-size: 13pt;"">Исполнение:</span></h2>
<ul>
	<li>Сталь оцинкованная.</li>
</ul>
<hr>
<h2><span style=""font-size: 13pt;"">Указания по применению:</span></h2>
<ul>
	<li>Удерживающие магниты обладают только одной удерживающей поверхностью.</li>
	<li>Удерживающие магниты помогают ограничить воздействие магнитного поля, чтобы предотвратить нежелательное намагничивание всей детали, контактирующей с удерживающим магнитом, или других окружающих машинных элементов.</li>
	<li>Температура эксплуатации: до +200°C.</li>
	<li>Удерживающие магниты можно устанавливать методами запрессовки или вклеивания в посадочные отверстия.</li>
	<li>Рекомендуется всегда содержать рабочую поверхность полюса в чистоте и регулярно очищать ее при необходимости.</li>
	<li>У магнитов K0548.10 неизбежны волосные трещины на поверхности сцепления магнита, которые не сказываются на функции удерживающего магнита.</li>
</ul>";K0548.01;10 ±0,15;4,5;0,41;1;310,1;;;;;;;;;;;;;;;;;;;;;;"<span style=""font-family: 'Open Sans', sans-serif""><h2><span style=""font-size: 13pt"">Материалы:</span></h2>
<ul>
	<li>Корпус из стали.</li>
	<li>Магнитный сердечник из твердого феррита.</li>
</ul>
<hr>
<h2><span style=""font-size: 13pt"">Исполнение:</span></h2>
<ul>
	<li>Сталь оцинкованная.</li>
</ul>
<hr>
<h2><span style=""font-size: 13pt"">Указания по применению:</span></h2>
<ul>
	<li>Удерживающие магниты обладают только одной удерживающей поверхностью.</li>
	<li>Удерживающие магниты помогают ограничить воздействие магнитного поля, чтобы предотвратить нежелательное намагничивание всей детали, контактирующей с удерживающим магнитом, или других окружающих машинных элементов.</li>
	<li>Температура эксплуатации: до +200°C.</li>
	<li>Удерживающие магниты можно устанавливать методами запрессовки или вклеивания в посадочные отверстия.</li>
	<li>Рекомендуется всегда содержать рабочую поверхность полюса в чистоте и регулярно очищать ее при необходимости.</li>
	<li>У магнитов K0548.10 неизбежны волосные трещины на поверхности сцепления магнита, которые не сказываются на функции удерживающего магнита.</li>
</ul></span>"
K0548 Магниты ферритовые экранированные удерживающие;https://alterv.ru/catalog/magnity_postoyannye/k0548_magnity_diskovye_ferritovye_ekranirovannye/;Kipp;Главная > Каталог > Промышленная фурнитура > Магниты постоянные > K0548 Магниты ферритовые экранированные удерживающие;https://alterv.ru/upload/iblock/287/k0548_magnity_diskovye.jpg, https://alterv.ru/upload/iblock/141/k0548_magnity_ustanovka.jpg;https://alterv.ru/upload/iblock/3fa/Z09064_nn_ru.jpg;"<h2><span style=""font-size: 13pt;"">Материалы:</span></h2>
<ul>
	<li>Корпус из стали.</li>
	<li>Магнитный сердечник из твердого феррита.</li>
</ul>
<hr>
<h2><span style=""font-size: 13pt;"">Исполнение:</span></h2>
<ul>
	<li>Сталь оцинкованная.</li>
</ul>
<hr>
<h2><span style=""font-size: 13pt;"">Указания по применению:</span></h2>
<ul>
	<li>Удерживающие магниты обладают только одной удерживающей поверхностью.</li>
	<li>Удерживающие магниты помогают ограничить воздействие магнитного поля, чтобы предотвратить нежелательное намагничивание всей детали, контактирующей с удерживающим магнитом, или других окружающих машинных элементов.</li>
	<li>Температура эксплуатации: до +200°C.</li>
	<li>Удерживающие магниты можно устанавливать методами запрессовки или вклеивания в посадочные отверстия.</li>
	<li>Рекомендуется всегда содержать рабочую поверхность полюса в чистоте и регулярно очищать ее при необходимости.</li>
	<li>У магнитов K0548.10 неизбежны волосные трещины на поверхности сцепления магнита, которые не сказываются на функции удерживающего магнита.</li>
</ul>";K0548.02;13 ±0,15;4,5;1,02;Под заказ;337,88;;;;;;;;;;;;;;;;;;;;;;"<span style=""font-family: 'Open Sans', sans-serif""><h2><span style=""font-size: 13pt"">Материалы:</span></h2>
<ul>
	<li>Корпус из стали.</li>
	<li>Магнитный сердечник из твердого феррита.</li>
</ul>
<hr>
<h2><span style=""font-size: 13pt"">Исполнение:</span></h2>
<ul>
	<li>Сталь оцинкованная.</li>
</ul>
<hr>
<h2><span style=""font-size: 13pt"">Указания по применению:</span></h2>
<ul>
	<li>Удерживающие магниты обладают только одной удерживающей поверхностью.</li>
	<li>Удерживающие магниты помогают ограничить воздействие магнитного поля, чтобы предотвратить нежелательное намагничивание всей детали, контактирующей с удерживающим магнитом, или других окружающих машинных элементов.</li>
	<li>Температура эксплуатации: до +200°C.</li>
	<li>Удерживающие магниты можно устанавливать методами запрессовки или вклеивания в посадочные отверстия.</li>
	<li>Рекомендуется всегда содержать рабочую поверхность полюса в чистоте и регулярно очищать ее при необходимости.</li>
	<li>У магнитов K0548.10 неизбежны волосные трещины на поверхности сцепления магнита, которые не сказываются на функции удерживающего магнита.</li>
</ul></span>"
K0548 Магниты ферритовые экранированные удерживающие;https://alterv.ru/catalog/magnity_postoyannye/k0548_magnity_diskovye_ferritovye_ekranirovannye/;Kipp;Главная > Каталог > Промышленная фурнитура > Магниты постоянные > K0548 Магниты ферритовые экранированные удерживающие;https://alterv.ru/upload/iblock/287/k0548_magnity_diskovye.jpg, https://alterv.ru/upload/iblock/141/k0548_magnity_ustanovka.jpg;https://alterv.ru/upload/iblock/3fa/Z09064_nn_ru.jpg;"<h2><span style=""font-size: 13pt;"">Материалы:</span></h2>
<ul>
	<li>Корпус из стали.</li>
	<li>Магнитный сердечник из твердого феррита.</li>
</ul>
<hr>
<h2><span style=""font-size: 13pt;"">Исполнение:</span></h2>
<ul>
	<li>Сталь оцинкованная.</li>
</ul>
<hr>
<h2><span style=""font-size: 13pt;"">Указания по применению:</span></h2>
<ul>
	<li>Удерживающие магниты обладают только одной удерживающей поверхностью.</li>
	<li>Удерживающие магниты помогают ограничить воздействие магнитного поля, чтобы предотвратить нежелательное намагничивание всей детали, контактирующей с удерживающим магнитом, или других окружающих машинных элементов.</li>
	<li>Температура эксплуатации: до +200°C.</li>
	<li>Удерживающие магниты можно устанавливать методами запрессовки или вклеивания в посадочные отверстия.</li>
	<li>Рекомендуется всегда содержать рабочую поверхность полюса в чистоте и регулярно очищать ее при необходимости.</li>
	<li>У магнитов K0548.10 неизбежны волосные трещины на поверхности сцепления магнита, которые не сказываются на функции удерживающего магнита.</li>
</ul>";K0548.03;16 ±0,15;4,5;1,84;Под заказ;402,67;;;;;;;;;;;;;;;;;;;;;;"<span style=""font-family: 'Open Sans', sans-serif""><h2><span style=""font-size: 13pt"">Материалы:</span></h2>
<ul>
	<li>Корпус из стали.</li>
	<li>Магнитный сердечник из твердого феррита.</li>
</ul>
<hr>
<h2><span style=""font-size: 13pt"">Исполнение:</span></h2>
<ul>
	<li>Сталь оцинкованная.</li>
</ul>
<hr>
<h2><span style=""font-size: 13pt"">Указания по применению:</span></h2>
<ul>
	<li>Удерживающие магниты обладают только одной удерживающей поверхностью.</li>
	<li>Удерживающие магниты помогают ограничить воздействие магнитного поля, чтобы предотвратить нежелательное намагничивание всей детали, контактирующей с удерживающим магнитом, или других окружающих машинных элементов.</li>
	<li>Температура эксплуатации: до +200°C.</li>
	<li>Удерживающие магниты можно устанавливать методами запрессовки или вклеивания в посадочные отверстия.</li>
	<li>Рекомендуется всегда содержать рабочую поверхность полюса в чистоте и регулярно очищать ее при необходимости.</li>
	<li>У магнитов K0548.10 неизбежны волосные трещины на поверхности сцепления магнита, которые не сказываются на функции удерживающего магнита.</li>
</ul></span>"
K0548 Магниты ферритовые экранированные удерживающие;https://alterv.ru/catalog/magnity_postoyannye/k0548_magnity_diskovye_ferritovye_ekranirovannye/;Kipp;Главная > Каталог > Промышленная фурнитура > Магниты постоянные > K0548 Магниты ферритовые экранированные удерживающие;https://alterv.ru/upload/iblock/287/k0548_magnity_diskovye.jpg, https://alterv.ru/upload/iblock/141/k0548_magnity_ustanovka.jpg;https://alterv.ru/upload/iblock/3fa/Z09064_nn_ru.jpg;"<h2><span style=""font-size: 13pt;"">Материалы:</span></h2>
<ul>
	<li>Корпус из стали.</li>
	<li>Магнитный сердечник из твердого феррита.</li>
</ul>
<hr>
<h2><span style=""font-size: 13pt;"">Исполнение:</span></h2>
<ul>
	<li>Сталь оцинкованная.</li>
</ul>
<hr>
<h2><span style=""font-size: 13pt;"">Указания по применению:</span></h2>
<ul>
	<li>Удерживающие магниты обладают только одной удерживающей поверхностью.</li>
	<li>Удерживающие магниты помогают ограничить воздействие магнитного поля, чтобы предотвратить нежелательное намагничивание всей детали, контактирующей с удерживающим магнитом, или других окружающих машинных элементов.</li>
	<li>Температура эксплуатации: до +200°C.</li>
	<li>Удерживающие магниты можно устанавливать методами запрессовки или вклеивания в посадочные отверстия.</li>
	<li>Рекомендуется всегда содержать рабочую поверхность полюса в чистоте и регулярно очищать ее при необходимости.</li>
	<li>У магнитов K0548.10 неизбежны волосные трещины на поверхности сцепления магнита, которые не сказываются на функции удерживающего магнита.</li>
</ul>";K0548.04;20 ±0,15;6;3,06;Под заказ;485,98;;;;;;;;;;;;;;;;;;;;;;"<span style=""font-family: 'Open Sans', sans-serif""><h2><span style=""font-size: 13pt"">Материалы:</span></h2>
<ul>
	<li>Корпус из стали.</li>
	<li>Магнитный сердечник из твердого феррита.</li>
</ul>
<hr>
<h2><span style=""font-size: 13pt"">Исполнение:</span></h2>
<ul>
	<li>Сталь оцинкованная.</li>
</ul>
<hr>
<h2><span style=""font-size: 13pt"">Указания по применению:</span></h2>
<ul>
	<li>Удерживающие магниты обладают только одной удерживающей поверхностью.</li>
	<li>Удерживающие магниты помогают ограничить воздействие магнитного поля, чтобы предотвратить нежелательное намагничивание всей детали, контактирующей с удерживающим магнитом, или других окружающих машинных элементов.</li>
	<li>Температура эксплуатации: до +200°C.</li>
	<li>Удерживающие магниты можно устанавливать методами запрессовки или вклеивания в посадочные отверстия.</li>
	<li>Рекомендуется всегда содержать рабочую поверхность полюса в чистоте и регулярно очищать ее при необходимости.</li>
	<li>У магнитов K0548.10 неизбежны волосные трещины на поверхности сцепления магнита, которые не сказываются на функции удерживающего магнита.</li>
</ul></span>"
K0548 Магниты ферритовые экранированные удерживающие;https://alterv.ru/catalog/magnity_postoyannye/k0548_magnity_diskovye_ferritovye_ekranirovannye/;Kipp;Главная > Каталог > Промышленная фурнитура > Магниты постоянные > K0548 Магниты ферритовые экранированные удерживающие;https://alterv.ru/upload/iblock/287/k0548_magnity_diskovye.jpg, https://alterv.ru/upload/iblock/141/k0548_magnity_ustanovka.jpg;https://alterv.ru/upload/iblock/3fa/Z09064_nn_ru.jpg;"<h2><span style=""font-size: 13pt;"">Материалы:</span></h2>
<ul>
	<li>Корпус из стали.</li>
	<li>Магнитный сердечник из твердого феррита.</li>
</ul>
<hr>
<h2><span style=""font-size: 13pt;"">Исполнение:</span></h2>
<ul>
	<li>Сталь оцинкованная.</li>
</ul>
<hr>
<h2><span style=""font-size: 13pt;"">Указания по применению:</span></h2>
<ul>
	<li>Удерживающие магниты обладают только одной удерживающей поверхностью.</li>
	<li>Удерживающие магниты помогают ограничить воздействие магнитного поля, чтобы предотвратить нежелательное намагничивание всей детали, контактирующей с удерживающим магнитом, или других окружающих машинных элементов.</li>
	<li>Температура эксплуатации: до +200°C.</li>
	<li>Удерживающие магниты можно устанавливать методами запрессовки или вклеивания в посадочные отверстия.</li>
	<li>Рекомендуется всегда содержать рабочую поверхность полюса в чистоте и регулярно очищать ее при необходимости.</li>
	<li>У магнитов K0548.10 неизбежны волосные трещины на поверхности сцепления магнита, которые не сказываются на функции удерживающего магнита.</li>
</ul>";K0548.05;25 ±0,15;7;4,08;Под заказ;536,89;;;;;;;;;;;;;;;;;;;;;;"<span style=""font-family: 'Open Sans', sans-serif""><h2><span style=""font-size: 13pt"">Материалы:</span></h2>
<ul>
	<li>Корпус из стали.</li>
	<li>Магнитный сердечник из твердого феррита.</li>
</ul>
<hr>
<h2><span style=""font-size: 13pt"">Исполнение:</span></h2>
<ul>
	<li>Сталь оцинкованная.</li>
</ul>
<hr>
<h2><span style=""font-size: 13pt"">Указания по применению:</span></h2>
<ul>
	<li>Удерживающие магниты обладают только одной удерживающей поверхностью.</li>
	<li>Удерживающие магниты помогают ограничить воздействие магнитного поля, чтобы предотвратить нежелательное намагничивание всей детали, контактирующей с удерживающим магнитом, или других окружающих машинных элементов.</li>
	<li>Температура эксплуатации: до +200°C.</li>
	<li>Удерживающие магниты можно устанавливать методами запрессовки или вклеивания в посадочные отверстия.</li>
	<li>Рекомендуется всегда содержать рабочую поверхность полюса в чистоте и регулярно очищать ее при необходимости.</li>
	<li>У магнитов K0548.10 неизбежны волосные трещины на поверхности сцепления магнита, которые не сказываются на функции удерживающего магнита.</li>
</ul></span>"
K0548 Магниты ферритовые экранированные удерживающие;https://alterv.ru/catalog/magnity_postoyannye/k0548_magnity_diskovye_ferritovye_ekranirovannye/;Kipp;Главная > Каталог > Промышленная фурнитура > Магниты постоянные > K0548 Магниты ферритовые экранированные удерживающие;https://alterv.ru/upload/iblock/287/k0548_magnity_diskovye.jpg, https://alterv.ru/upload/iblock/141/k0548_magnity_ustanovka.jpg;https://alterv.ru/upload/iblock/3fa/Z09064_nn_ru.jpg;"<h2><span style=""font-size: 13pt;"">Материалы:</span></h2>
<ul>
	<li>Корпус из стали.</li>
	<li>Магнитный сердечник из твердого феррита.</li>
</ul>
<hr>
<h2><span style=""font-size: 13pt;"">Исполнение:</span></h2>
<ul>
	<li>Сталь оцинкованная.</li>
</ul>
<hr>
<h2><span style=""font-size: 13pt;"">Указания по применению:</span></h2>
<ul>
	<li>Удерживающие магниты обладают только одной удерживающей поверхностью.</li>
	<li>Удерживающие магниты помогают ограничить воздействие магнитного поля, чтобы предотвратить нежелательное намагничивание всей детали, контактирующей с удерживающим магнитом, или других окружающих машинных элементов.</li>
	<li>Температура эксплуатации: до +200°C.</li>
	<li>Удерживающие магниты можно устанавливать методами запрессовки или вклеивания в посадочные отверстия.</li>
	<li>Рекомендуется всегда содержать рабочую поверхность полюса в чистоте и регулярно очищать ее при необходимости.</li>
	<li>У магнитов K0548.10 неизбежны волосные трещины на поверхности сцепления магнита, которые не сказываются на функции удерживающего магнита.</li>
</ul>";K0548.06;32 ±0,2;7;8,16;Под заказ;573,93;;;;;;;;;;;;;;;;;;;;;;"<span style=""font-family: 'Open Sans', sans-serif""><h2><span style=""font-size: 13pt"">Материалы:</span></h2>
<ul>
	<li>Корпус из стали.</li>
	<li>Магнитный сердечник из твердого феррита.</li>
</ul>
<hr>
<h2><span style=""font-size: 13pt"">Исполнение:</span></h2>
<ul>
	<li>Сталь оцинкованная.</li>
</ul>
<hr>
<h2><span style=""font-size: 13pt"">Указания по применению:</span></h2>
<ul>
	<li>Удерживающие магниты обладают только одной удерживающей поверхностью.</li>
	<li>Удерживающие магниты помогают ограничить воздействие магнитного поля, чтобы предотвратить нежелательное намагничивание всей детали, контактирующей с удерживающим магнитом, или других окружающих машинных элементов.</li>
	<li>Температура эксплуатации: до +200°C.</li>
	<li>Удерживающие магниты можно устанавливать методами запрессовки или вклеивания в посадочные отверстия.</li>
	<li>Рекомендуется всегда содержать рабочую поверхность полюса в чистоте и регулярно очищать ее при необходимости.</li>
	<li>У магнитов K0548.10 неизбежны волосные трещины на поверхности сцепления магнита, которые не сказываются на функции удерживающего магнита.</li>
</ul></span>"
K0548 Магниты ферритовые экранированные удерживающие;https://alterv.ru/catalog/magnity_postoyannye/k0548_magnity_diskovye_ferritovye_ekranirovannye/;Kipp;Главная > Каталог > Промышленная фурнитура > Магниты постоянные > K0548 Магниты ферритовые экранированные удерживающие;https://alterv.ru/upload/iblock/287/k0548_magnity_diskovye.jpg, https://alterv.ru/upload/iblock/141/k0548_magnity_ustanovka.jpg;https://alterv.ru/upload/iblock/3fa/Z09064_nn_ru.jpg;"<h2><span style=""font-size: 13pt;"">Материалы:</span></h2>
<ul>
	<li>Корпус из стали.</li>
	<li>Магнитный сердечник из твердого феррита.</li>
</ul>
<hr>
<h2><span style=""font-size: 13pt;"">Исполнение:</span></h2>
<ul>
	<li>Сталь оцинкованная.</li>
</ul>
<hr>
<h2><span style=""font-size: 13pt;"">Указания по применению:</span></h2>
<ul>
	<li>Удерживающие магниты обладают только одной удерживающей поверхностью.</li>
	<li>Удерживающие магниты помогают ограничить воздействие магнитного поля, чтобы предотвратить нежелательное намагничивание всей детали, контактирующей с удерживающим магнитом, или других окружающих машинных элементов.</li>
	<li>Температура эксплуатации: до +200°C.</li>
	<li>Удерживающие магниты можно устанавливать методами запрессовки или вклеивания в посадочные отверстия.</li>
	<li>Рекомендуется всегда содержать рабочую поверхность полюса в чистоте и регулярно очищать ее при необходимости.</li>
	<li>У магнитов K0548.10 неизбежны волосные трещины на поверхности сцепления магнита, которые не сказываются на функции удерживающего магнита.</li>
</ul>";K0548.07;40 ±0,2;8;12,75;Под заказ;782,19;;;;;;;;;;;;;;;;;;;;;;"<span style=""font-family: 'Open Sans', sans-serif""><h2><span style=""font-size: 13pt"">Материалы:</span></h2>
<ul>
	<li>Корпус из стали.</li>
	<li>Магнитный сердечник из твердого феррита.</li>
</ul>
<hr>
<h2><span style=""font-size: 13pt"">Исполнение:</span></h2>
<ul>
	<li>Сталь оцинкованная.</li>
</ul>
<hr>
<h2><span style=""font-size: 13pt"">Указания по применению:</span></h2>
<ul>
	<li>Удерживающие магниты обладают только одной удерживающей поверхностью.</li>
	<li>Удерживающие магниты помогают ограничить воздействие магнитного поля, чтобы предотвратить нежелательное намагничивание всей детали, контактирующей с удерживающим магнитом, или других окружающих машинных элементов.</li>
	<li>Температура эксплуатации: до +200°C.</li>
	<li>Удерживающие магниты можно устанавливать методами запрессовки или вклеивания в посадочные отверстия.</li>
	<li>Рекомендуется всегда содержать рабочую поверхность полюса в чистоте и регулярно очищать ее при необходимости.</li>
	<li>У магнитов K0548.10 неизбежны волосные трещины на поверхности сцепления магнита, которые не сказываются на функции удерживающего магнита.</li>
</ul></span>"
K0548 Магниты ферритовые экранированные удерживающие;https://alterv.ru/catalog/magnity_postoyannye/k0548_magnity_diskovye_ferritovye_ekranirovannye/;Kipp;Главная > Каталог > Промышленная фурнитура > Магниты постоянные > K0548 Магниты ферритовые экранированные удерживающие;https://alterv.ru/upload/iblock/287/k0548_magnity_diskovye.jpg, https://alterv.ru/upload/iblock/141/k0548_magnity_ustanovka.jpg;https://alterv.ru/upload/iblock/3fa/Z09064_nn_ru.jpg;"<h2><span style=""font-size: 13pt;"">Материалы:</span></h2>
<ul>
	<li>Корпус из стали.</li>
	<li>Магнитный сердечник из твердого феррита.</li>
</ul>
<hr>
<h2><span style=""font-size: 13pt;"">Исполнение:</span></h2>
<ul>
	<li>Сталь оцинкованная.</li>
</ul>
<hr>
<h2><span style=""font-size: 13pt;"">Указания по применению:</span></h2>
<ul>
	<li>Удерживающие магниты обладают только одной удерживающей поверхностью.</li>
	<li>Удерживающие магниты помогают ограничить воздействие магнитного поля, чтобы предотвратить нежелательное намагничивание всей детали, контактирующей с удерживающим магнитом, или других окружающих машинных элементов.</li>
	<li>Температура эксплуатации: до +200°C.</li>
	<li>Удерживающие магниты можно устанавливать методами запрессовки или вклеивания в посадочные отверстия.</li>
	<li>Рекомендуется всегда содержать рабочую поверхность полюса в чистоте и регулярно очищать ее при необходимости.</li>
	<li>У магнитов K0548.10 неизбежны волосные трещины на поверхности сцепления магнита, которые не сказываются на функции удерживающего магнита.</li>
</ul>";K0548.08;50 ±0,2;10;22,43;Под заказ;990,48;;;;;;;;;;;;;;;;;;;;;;"<span style=""font-family: 'Open Sans', sans-serif""><h2><span style=""font-size: 13pt"">Материалы:</span></h2>
<ul>
	<li>Корпус из стали.</li>
	<li>Магнитный сердечник из твердого феррита.</li>
</ul>
<hr>
<h2><span style=""font-size: 13pt"">Исполнение:</span></h2>
<ul>
	<li>Сталь оцинкованная.</li>
</ul>
<hr>
<h2><span style=""font-size: 13pt"">Указания по применению:</span></h2>
<ul>
	<li>Удерживающие магниты обладают только одной удерживающей поверхностью.</li>
	<li>Удерживающие магниты помогают ограничить воздействие магнитного поля, чтобы предотвратить нежелательное намагничивание всей детали, контактирующей с удерживающим магнитом, или других окружающих машинных элементов.</li>
	<li>Температура эксплуатации: до +200°C.</li>
	<li>Удерживающие магниты можно устанавливать методами запрессовки или вклеивания в посадочные отверстия.</li>
	<li>Рекомендуется всегда содержать рабочую поверхность полюса в чистоте и регулярно очищать ее при необходимости.</li>
	<li>У магнитов K0548.10 неизбежны волосные трещины на поверхности сцепления магнита, которые не сказываются на функции удерживающего магнита.</li>
</ul></span>"
K0548 Магниты ферритовые экранированные удерживающие;https://alterv.ru/catalog/magnity_postoyannye/k0548_magnity_diskovye_ferritovye_ekranirovannye/;Kipp;Главная > Каталог > Промышленная фурнитура > Магниты постоянные > K0548 Магниты ферритовые экранированные удерживающие;https://alterv.ru/upload/iblock/287/k0548_magnity_diskovye.jpg, https://alterv.ru/upload/iblock/141/k0548_magnity_ustanovka.jpg;https://alterv.ru/upload/iblock/3fa/Z09064_nn_ru.jpg;"<h2><span style=""font-size: 13pt;"">Материалы:</span></h2>
<ul>
	<li>Корпус из стали.</li>
	<li>Магнитный сердечник из твердого феррита.</li>
</ul>
<hr>
<h2><span style=""font-size: 13pt;"">Исполнение:</span></h2>
<ul>
	<li>Сталь оцинкованная.</li>
</ul>
<hr>
<h2><span style=""font-size: 13pt;"">Указания по применению:</span></h2>
<ul>
	<li>Удерживающие магниты обладают только одной удерживающей поверхностью.</li>
	<li>Удерживающие магниты помогают ограничить воздействие магнитного поля, чтобы предотвратить нежелательное намагничивание всей детали, контактирующей с удерживающим магнитом, или других окружающих машинных элементов.</li>
	<li>Температура эксплуатации: до +200°C.</li>
	<li>Удерживающие магниты можно устанавливать методами запрессовки или вклеивания в посадочные отверстия.</li>
	<li>Рекомендуется всегда содержать рабочую поверхность полюса в чистоте и регулярно очищать ее при необходимости.</li>
	<li>У магнитов K0548.10 неизбежны волосные трещины на поверхности сцепления магнита, которые не сказываются на функции удерживающего магнита.</li>
</ul>";K0548.09;63 ±0,2;14;35,69;Под заказ;1726,4;;;;;;;;;;;;;;;;;;;;;;"<span style=""font-family: 'Open Sans', sans-serif""><h2><span style=""font-size: 13pt"">Материалы:</span></h2>
<ul>
	<li>Корпус из стали.</li>
	<li>Магнитный сердечник из твердого феррита.</li>
</ul>
<hr>
<h2><span style=""font-size: 13pt"">Исполнение:</span></h2>
<ul>
	<li>Сталь оцинкованная.</li>
</ul>
<hr>
<h2><span style=""font-size: 13pt"">Указания по применению:</span></h2>
<ul>
	<li>Удерживающие магниты обладают только одной удерживающей поверхностью.</li>
	<li>Удерживающие магниты помогают ограничить воздействие магнитного поля, чтобы предотвратить нежелательное намагничивание всей детали, контактирующей с удерживающим магнитом, или других окружающих машинных элементов.</li>
	<li>Температура эксплуатации: до +200°C.</li>
	<li>Удерживающие магниты можно устанавливать методами запрессовки или вклеивания в посадочные отверстия.</li>
	<li>Рекомендуется всегда содержать рабочую поверхность полюса в чистоте и регулярно очищать ее при необходимости.</li>
	<li>У магнитов K0548.10 неизбежны волосные трещины на поверхности сцепления магнита, которые не сказываются на функции удерживающего магнита.</li>
</ul></span>"
K0548 Магниты ферритовые экранированные удерживающие;https://alterv.ru/catalog/magnity_postoyannye/k0548_magnity_diskovye_ferritovye_ekranirovannye/;Kipp;Главная > Каталог > Промышленная фурнитура > Магниты постоянные > K0548 Магниты ферритовые экранированные удерживающие;https://alterv.ru/upload/iblock/287/k0548_magnity_diskovye.jpg, https://alterv.ru/upload/iblock/141/k0548_magnity_ustanovka.jpg;https://alterv.ru/upload/iblock/3fa/Z09064_nn_ru.jpg;"<h2><span style=""font-size: 13pt;"">Материалы:</span></h2>
<ul>
	<li>Корпус из стали.</li>
	<li>Магнитный сердечник из твердого феррита.</li>
</ul>
<hr>
<h2><span style=""font-size: 13pt;"">Исполнение:</span></h2>
<ul>
	<li>Сталь оцинкованная.</li>
</ul>
<hr>
<h2><span style=""font-size: 13pt;"">Указания по применению:</span></h2>
<ul>
	<li>Удерживающие магниты обладают только одной удерживающей поверхностью.</li>
	<li>Удерживающие магниты помогают ограничить воздействие магнитного поля, чтобы предотвратить нежелательное намагничивание всей детали, контактирующей с удерживающим магнитом, или других окружающих машинных элементов.</li>
	<li>Температура эксплуатации: до +200°C.</li>
	<li>Удерживающие магниты можно устанавливать методами запрессовки или вклеивания в посадочные отверстия.</li>
	<li>Рекомендуется всегда содержать рабочую поверхность полюса в чистоте и регулярно очищать ее при необходимости.</li>
	<li>У магнитов K0548.10 неизбежны волосные трещины на поверхности сцепления магнита, которые не сказываются на функции удерживающего магнита.</li>
</ul>";K0548.10;80 ±0,25;18;61,18;Под заказ;3401,88;;;;;;;;;;;;;;;;;;;;;;"<span style=""font-family: 'Open Sans', sans-serif""><h2><span style=""font-size: 13pt"">Материалы:</span></h2>
<ul>
	<li>Корпус из стали.</li>
	<li>Магнитный сердечник из твердого феррита.</li>
</ul>
<hr>
<h2><span style=""font-size: 13pt"">Исполнение:</span></h2>
<ul>
	<li>Сталь оцинкованная.</li>
</ul>
<hr>
<h2><span style=""font-size: 13pt"">Указания по применению:</span></h2>
<ul>
	<li>Удерживающие магниты обладают только одной удерживающей поверхностью.</li>
	<li>Удерживающие магниты помогают ограничить воздействие магнитного поля, чтобы предотвратить нежелательное намагничивание всей детали, контактирующей с удерживающим магнитом, или других окружающих машинных элементов.</li>
	<li>Температура эксплуатации: до +200°C.</li>
	<li>Удерживающие магниты можно устанавливать методами запрессовки или вклеивания в посадочные отверстия.</li>
	<li>Рекомендуется всегда содержать рабочую поверхность полюса в чистоте и регулярно очищать ее при необходимости.</li>
	<li>У магнитов K0548.10 неизбежны волосные трещины на поверхности сцепления магнита, которые не сказываются на функции удерживающего магнита.</li>
</ul></span>"
K0549 Магниты с резьбой ферритовые экранированные;https://alterv.ru/catalog/magnity_postoyannye/k0549_magnity_diskovye_s_rezboy_ferritovye/;Kipp;Главная > Каталог > Промышленная фурнитура > Магниты постоянные > K0549 Магниты с резьбой ферритовые экранированные;https://alterv.ru/upload/iblock/6b6/k0549_magnity_diskovye.jpg, https://alterv.ru/upload/iblock/133/k0549_magnity_diskovyea.jpg, https://alterv.ru/upload/iblock/aef/k0549_magnity_diskovyeb.jpg, https://alterv.ru/upload/iblock/3a0/k0549_magnity_ustanovka.jpg;https://alterv.ru/upload/iblock/5fc/Z09065_nn_ru_print.jpg, https://alterv.ru/upload/iblock/707/Z09065_nn_ru_A.jpg, https://alterv.ru/upload/iblock/cd7/Z09065_nn_ru_B.jpg;"<h2><span style=""font-size: 13pt;"">Материалы:</span></h2>
<ul>
	<li>Корпус из стали.</li>
	<li>Магнитный сердечник из твердого феррита.</li>
</ul>
<hr>
<h2><span style=""font-size: 13pt;"">Исполнение:</span></h2>
<ul>
	<li>Удерживающие магниты.</li>
	<li>Сталь оцинкованная.</li>
</ul>
<hr>
<h2><span style=""font-size: 13pt;"">Указания по применению:</span></h2>
<ul>
	<li>Данные магниты хорошо подходят в качестве креплений (держателей).</li>
	<li>Удерживающие магниты обладают только одной удерживающей поверхностью.</li>
	<li>Удерживающие магниты помогают ограничить воздействие магнитного поля, чтобы предотвратить нежелательное намагничивание всей детали, контактирующей с удерживающим магнитом, или других окружающих машинных элементов.</li>
	<li>Температура эксплуатации: до +200°C.</li>
	<li>Рекомендуется всегда содержать рабочую поверхность полюса в чистоте и регулярно очищать ее при необходимости.</li>
	<li>У магнитов K0549.10, K0549.11, K0549.12 неизбежны волосяные трещины на поверхности сцепления магнита, которые не сказываются на функции удерживающего магнита.</li>
</ul>";K0549.21;10 ±0,15;4,5;0,41;Под заказ;393,42;A;С наружной резьбой;M3;11,5;7;;;;;;;;;;;;;;;;;"<span style=""font-family: 'Open Sans', sans-serif""><h2><span style=""font-size: 13pt"">Материалы:</span></h2>
<ul>
	<li>Корпус из стали.</li>
	<li>Магнитный сердечник из твердого феррита.</li>
</ul>
<hr>
<h2><span style=""font-size: 13pt"">Исполнение:</span></h2>
<ul>
	<li>Удерживающие магниты.</li>
	<li>Сталь оцинкованная.</li>
</ul>
<hr>
<h2><span style=""font-size: 13pt"">Указания по применению:</span></h2>
<ul>
	<li>Данные магниты хорошо подходят в качестве креплений (держателей).</li>
	<li>Удерживающие магниты обладают только одной удерживающей поверхностью.</li>
	<li>Удерживающие магниты помогают ограничить воздействие магнитного поля, чтобы предотвратить нежелательное намагничивание всей детали, контактирующей с удерживающим магнитом, или других окружающих машинных элементов.</li>
	<li>Температура эксплуатации: до +200°C.</li>
	<li>Рекомендуется всегда содержать рабочую поверхность полюса в чистоте и регулярно очищать ее при необходимости.</li>
	<li>У магнитов K0549.10, K0549.11, K0549.12 неизбежны волосяные трещины на поверхности сцепления магнита, которые не сказываются на функции удерживающего магнита.</li>
</ul></span>"
K0549 Магниты с резьбой ферритовые экранированные;https://alterv.ru/catalog/magnity_postoyannye/k0549_magnity_diskovye_s_rezboy_ferritovye/;Kipp;Главная > Каталог > Промышленная фурнитура > Магниты постоянные > K0549 Магниты с резьбой ферритовые экранированные;https://alterv.ru/upload/iblock/6b6/k0549_magnity_diskovye.jpg, https://alterv.ru/upload/iblock/133/k0549_magnity_diskovyea.jpg, https://alterv.ru/upload/iblock/aef/k0549_magnity_diskovyeb.jpg, https://alterv.ru/upload/iblock/3a0/k0549_magnity_ustanovka.jpg;https://alterv.ru/upload/iblock/5fc/Z09065_nn_ru_print.jpg, https://alterv.ru/upload/iblock/707/Z09065_nn_ru_A.jpg, https://alterv.ru/upload/iblock/cd7/Z09065_nn_ru_B.jpg;"<h2><span style=""font-size: 13pt;"">Материалы:</span></h2>
<ul>
	<li>Корпус из стали.</li>
	<li>Магнитный сердечник из твердого феррита.</li>
</ul>
<hr>
<h2><span style=""font-size: 13pt;"">Исполнение:</span></h2>
<ul>
	<li>Удерживающие магниты.</li>
	<li>Сталь оцинкованная.</li>
</ul>
<hr>
<h2><span style=""font-size: 13pt;"">Указания по применению:</span></h2>
<ul>
	<li>Данные магниты хорошо подходят в качестве креплений (держателей).</li>
	<li>Удерживающие магниты обладают только одной удерживающей поверхностью.</li>
	<li>Удерживающие магниты помогают ограничить воздействие магнитного поля, чтобы предотвратить нежелательное намагничивание всей детали, контактирующей с удерживающим магнитом, или других окружающих машинных элементов.</li>
	<li>Температура эксплуатации: до +200°C.</li>
	<li>Рекомендуется всегда содержать рабочую поверхность полюса в чистоте и регулярно очищать ее при необходимости.</li>
	<li>У магнитов K0549.10, K0549.11, K0549.12 неизбежны волосяные трещины на поверхности сцепления магнита, которые не сказываются на функции удерживающего магнита.</li>
</ul>";K0549.22;13 ±0,15;4,5;1,02;1;416,56;A;С наружной резьбой;M3;11,5;7;;;;;;;;;;;;;;;;;"<span style=""font-family: 'Open Sans', sans-serif""><h2><span style=""font-size: 13pt"">Материалы:</span></h2>
<ul>
	<li>Корпус из стали.</li>
	<li>Магнитный сердечник из твердого феррита.</li>
</ul>
<hr>
<h2><span style=""font-size: 13pt"">Исполнение:</span></h2>
<ul>
	<li>Удерживающие магниты.</li>
	<li>Сталь оцинкованная.</li>
</ul>
<hr>
<h2><span style=""font-size: 13pt"">Указания по применению:</span></h2>
<ul>
	<li>Данные магниты хорошо подходят в качестве креплений (держателей).</li>
	<li>Удерживающие магниты обладают только одной удерживающей поверхностью.</li>
	<li>Удерживающие магниты помогают ограничить воздействие магнитного поля, чтобы предотвратить нежелательное намагничивание всей детали, контактирующей с удерживающим магнитом, или других окружающих машинных элементов.</li>
	<li>Температура эксплуатации: до +200°C.</li>
	<li>Рекомендуется всегда содержать рабочую поверхность полюса в чистоте и регулярно очищать ее при необходимости.</li>
	<li>У магнитов K0549.10, K0549.11, K0549.12 неизбежны волосяные трещины на поверхности сцепления магнита, которые не сказываются на функции удерживающего магнита.</li>
</ul></span>"
K0549 Магниты с резьбой ферритовые экранированные;https://alterv.ru/catalog/magnity_postoyannye/k0549_magnity_diskovye_s_rezboy_ferritovye/;Kipp;Главная > Каталог > Промышленная фурнитура > Магниты постоянные > K0549 Магниты с резьбой ферритовые экранированные;https://alterv.ru/upload/iblock/6b6/k0549_magnity_diskovye.jpg, https://alterv.ru/upload/iblock/133/k0549_magnity_diskovyea.jpg, https://alterv.ru/upload/iblock/aef/k0549_magnity_diskovyeb.jpg, https://alterv.ru/upload/iblock/3a0/k0549_magnity_ustanovka.jpg;https://alterv.ru/upload/iblock/5fc/Z09065_nn_ru_print.jpg, https://alterv.ru/upload/iblock/707/Z09065_nn_ru_A.jpg, https://alterv.ru/upload/iblock/cd7/Z09065_nn_ru_B.jpg;"<h2><span style=""font-size: 13pt;"">Материалы:</span></h2>
<ul>
	<li>Корпус из стали.</li>
	<li>Магнитный сердечник из твердого феррита.</li>
</ul>
<hr>
<h2><span style=""font-size: 13pt;"">Исполнение:</span></h2>
<ul>
	<li>Удерживающие магниты.</li>
	<li>Сталь оцинкованная.</li>
</ul>
<hr>
<h2><span style=""font-size: 13pt;"">Указания по применению:</span></h2>
<ul>
	<li>Данные магниты хорошо подходят в качестве креплений (держателей).</li>
	<li>Удерживающие магниты обладают только одной удерживающей поверхностью.</li>
	<li>Удерживающие магниты помогают ограничить воздействие магнитного поля, чтобы предотвратить нежелательное намагничивание всей детали, контактирующей с удерживающим магнитом, или других окружающих машинных элементов.</li>
	<li>Температура эксплуатации: до +200°C.</li>
	<li>Рекомендуется всегда содержать рабочую поверхность полюса в чистоте и регулярно очищать ее при необходимости.</li>
	<li>У магнитов K0549.10, K0549.11, K0549.12 неизбежны волосяные трещины на поверхности сцепления магнита, которые не сказываются на функции удерживающего магнита.</li>
</ul>";K0549.23;16 ±0,15;4,5;1,84;Под заказ;504,5;A;С наружной резьбой;M3;11,5;7;;;;;;;;;;;;;;;;;"<span style=""font-family: 'Open Sans', sans-serif""><h2><span style=""font-size: 13pt"">Материалы:</span></h2>
<ul>
	<li>Корпус из стали.</li>
	<li>Магнитный сердечник из твердого феррита.</li>
</ul>
<hr>
<h2><span style=""font-size: 13pt"">Исполнение:</span></h2>
<ul>
	<li>Удерживающие магниты.</li>
	<li>Сталь оцинкованная.</li>
</ul>
<hr>
<h2><span style=""font-size: 13pt"">Указания по применению:</span></h2>
<ul>
	<li>Данные магниты хорошо подходят в качестве креплений (держателей).</li>
	<li>Удерживающие магниты обладают только одной удерживающей поверхностью.</li>
	<li>Удерживающие магниты помогают ограничить воздействие магнитного поля, чтобы предотвратить нежелательное намагничивание всей детали, контактирующей с удерживающим магнитом, или других окружающих машинных элементов.</li>
	<li>Температура эксплуатации: до +200°C.</li>
	<li>Рекомендуется всегда содержать рабочую поверхность полюса в чистоте и регулярно очищать ее при необходимости.</li>
	<li>У магнитов K0549.10, K0549.11, K0549.12 неизбежны волосяные трещины на поверхности сцепления магнита, которые не сказываются на функции удерживающего магнита.</li>
</ul></span>"
K0549 Магниты с резьбой ферритовые экранированные;https://alterv.ru/catalog/magnity_postoyannye/k0549_magnity_diskovye_s_rezboy_ferritovye/;Kipp;Главная > Каталог > Промышленная фурнитура > Магниты постоянные > K0549 Магниты с резьбой ферритовые экранированные;https://alterv.ru/upload/iblock/6b6/k0549_magnity_diskovye.jpg, https://alterv.ru/upload/iblock/133/k0549_magnity_diskovyea.jpg, https://alterv.ru/upload/iblock/aef/k0549_magnity_diskovyeb.jpg, https://alterv.ru/upload/iblock/3a0/k0549_magnity_ustanovka.jpg;https://alterv.ru/upload/iblock/5fc/Z09065_nn_ru_print.jpg, https://alterv.ru/upload/iblock/707/Z09065_nn_ru_A.jpg, https://alterv.ru/upload/iblock/cd7/Z09065_nn_ru_B.jpg;"<h2><span style=""font-size: 13pt;"">Материалы:</span></h2>
<ul>
	<li>Корпус из стали.</li>
	<li>Магнитный сердечник из твердого феррита.</li>
</ul>
<hr>
<h2><span style=""font-size: 13pt;"">Исполнение:</span></h2>
<ul>
	<li>Удерживающие магниты.</li>
	<li>Сталь оцинкованная.</li>
</ul>
<hr>
<h2><span style=""font-size: 13pt;"">Указания по применению:</span></h2>
<ul>
	<li>Данные магниты хорошо подходят в качестве креплений (держателей).</li>
	<li>Удерживающие магниты обладают только одной удерживающей поверхностью.</li>
	<li>Удерживающие магниты помогают ограничить воздействие магнитного поля, чтобы предотвратить нежелательное намагничивание всей детали, контактирующей с удерживающим магнитом, или других окружающих машинных элементов.</li>
	<li>Температура эксплуатации: до +200°C.</li>
	<li>Рекомендуется всегда содержать рабочую поверхность полюса в чистоте и регулярно очищать ее при необходимости.</li>
	<li>У магнитов K0549.10, K0549.11, K0549.12 неизбежны волосяные трещины на поверхности сцепления магнита, которые не сказываются на функции удерживающего магнита.</li>
</ul>";K0549.24;20 ±0,15;6;3,06;Под заказ;661,86;A;С наружной резьбой;M3;13;7;;;;;;;;;;;;;;;;;"<span style=""font-family: 'Open Sans', sans-serif""><h2><span style=""font-size: 13pt"">Материалы:</span></h2>
<ul>
	<li>Корпус из стали.</li>
	<li>Магнитный сердечник из твердого феррита.</li>
</ul>
<hr>
<h2><span style=""font-size: 13pt"">Исполнение:</span></h2>
<ul>
	<li>Удерживающие магниты.</li>
	<li>Сталь оцинкованная.</li>
</ul>
<hr>
<h2><span style=""font-size: 13pt"">Указания по применению:</span></h2>
<ul>
	<li>Данные магниты хорошо подходят в качестве креплений (держателей).</li>
	<li>Удерживающие магниты обладают только одной удерживающей поверхностью.</li>
	<li>Удерживающие магниты помогают ограничить воздействие магнитного поля, чтобы предотвратить нежелательное намагничивание всей детали, контактирующей с удерживающим магнитом, или других окружающих машинных элементов.</li>
	<li>Температура эксплуатации: до +200°C.</li>
	<li>Рекомендуется всегда содержать рабочую поверхность полюса в чистоте и регулярно очищать ее при необходимости.</li>
	<li>У магнитов K0549.10, K0549.11, K0549.12 неизбежны волосяные трещины на поверхности сцепления магнита, которые не сказываются на функции удерживающего магнита.</li>
</ul></span>"
K0549 Магниты с резьбой ферритовые экранированные;https://alterv.ru/catalog/magnity_postoyannye/k0549_magnity_diskovye_s_rezboy_ferritovye/;Kipp;Главная > Каталог > Промышленная фурнитура > Магниты постоянные > K0549 Магниты с резьбой ферритовые экранированные;https://alterv.ru/upload/iblock/6b6/k0549_magnity_diskovye.jpg, https://alterv.ru/upload/iblock/133/k0549_magnity_diskovyea.jpg, https://alterv.ru/upload/iblock/aef/k0549_magnity_diskovyeb.jpg, https://alterv.ru/upload/iblock/3a0/k0549_magnity_ustanovka.jpg;https://alterv.ru/upload/iblock/5fc/Z09065_nn_ru_print.jpg, https://alterv.ru/upload/iblock/707/Z09065_nn_ru_A.jpg, https://alterv.ru/upload/iblock/cd7/Z09065_nn_ru_B.jpg;"<h2><span style=""font-size: 13pt;"">Материалы:</span></h2>
<ul>
	<li>Корпус из стали.</li>
	<li>Магнитный сердечник из твердого феррита.</li>
</ul>
<hr>
<h2><span style=""font-size: 13pt;"">Исполнение:</span></h2>
<ul>
	<li>Удерживающие магниты.</li>
	<li>Сталь оцинкованная.</li>
</ul>
<hr>
<h2><span style=""font-size: 13pt;"">Указания по применению:</span></h2>
<ul>
	<li>Данные магниты хорошо подходят в качестве креплений (держателей).</li>
	<li>Удерживающие магниты обладают только одной удерживающей поверхностью.</li>
	<li>Удерживающие магниты помогают ограничить воздействие магнитного поля, чтобы предотвратить нежелательное намагничивание всей детали, контактирующей с удерживающим магнитом, или других окружающих машинных элементов.</li>
	<li>Температура эксплуатации: до +200°C.</li>
	<li>Рекомендуется всегда содержать рабочую поверхность полюса в чистоте и регулярно очищать ее при необходимости.</li>
	<li>У магнитов K0549.10, K0549.11, K0549.12 неизбежны волосяные трещины на поверхности сцепления магнита, которые не сказываются на функции удерживающего магнита.</li>
</ul>";K0549.25;25 ±0,15;7;4,08;Под заказ;685;A;С наружной резьбой;M4;15;8;;;;;;;;;;;;;;;;;"<span style=""font-family: 'Open Sans', sans-serif""><h2><span style=""font-size: 13pt"">Материалы:</span></h2>
<ul>
	<li>Корпус из стали.</li>
	<li>Магнитный сердечник из твердого феррита.</li>
</ul>
<hr>
<h2><span style=""font-size: 13pt"">Исполнение:</span></h2>
<ul>
	<li>Удерживающие магниты.</li>
	<li>Сталь оцинкованная.</li>
</ul>
<hr>
<h2><span style=""font-size: 13pt"">Указания по применению:</span></h2>
<ul>
	<li>Данные магниты хорошо подходят в качестве креплений (держателей).</li>
	<li>Удерживающие магниты обладают только одной удерживающей поверхностью.</li>
	<li>Удерживающие магниты помогают ограничить воздействие магнитного поля, чтобы предотвратить нежелательное намагничивание всей детали, контактирующей с удерживающим магнитом, или других окружающих машинных элементов.</li>
	<li>Температура эксплуатации: до +200°C.</li>
	<li>Рекомендуется всегда содержать рабочую поверхность полюса в чистоте и регулярно очищать ее при необходимости.</li>
	<li>У магнитов K0549.10, K0549.11, K0549.12 неизбежны волосяные трещины на поверхности сцепления магнита, которые не сказываются на функции удерживающего магнита.</li>
</ul></span>"
K0549 Магниты с резьбой ферритовые экранированные;https://alterv.ru/catalog/magnity_postoyannye/k0549_magnity_diskovye_s_rezboy_ferritovye/;Kipp;Главная > Каталог > Промышленная фурнитура > Магниты постоянные > K0549 Магниты с резьбой ферритовые экранированные;https://alterv.ru/upload/iblock/6b6/k0549_magnity_diskovye.jpg, https://alterv.ru/upload/iblock/133/k0549_magnity_diskovyea.jpg, https://alterv.ru/upload/iblock/aef/k0549_magnity_diskovyeb.jpg, https://alterv.ru/upload/iblock/3a0/k0549_magnity_ustanovka.jpg;https://alterv.ru/upload/iblock/5fc/Z09065_nn_ru_print.jpg, https://alterv.ru/upload/iblock/707/Z09065_nn_ru_A.jpg, https://alterv.ru/upload/iblock/cd7/Z09065_nn_ru_B.jpg;"<h2><span style=""font-size: 13pt;"">Материалы:</span></h2>
<ul>
	<li>Корпус из стали.</li>
	<li>Магнитный сердечник из твердого феррита.</li>
</ul>
<hr>
<h2><span style=""font-size: 13pt;"">Исполнение:</span></h2>
<ul>
	<li>Удерживающие магниты.</li>
	<li>Сталь оцинкованная.</li>
</ul>
<hr>
<h2><span style=""font-size: 13pt;"">Указания по применению:</span></h2>
<ul>
	<li>Данные магниты хорошо подходят в качестве креплений (держателей).</li>
	<li>Удерживающие магниты обладают только одной удерживающей поверхностью.</li>
	<li>Удерживающие магниты помогают ограничить воздействие магнитного поля, чтобы предотвратить нежелательное намагничивание всей детали, контактирующей с удерживающим магнитом, или других окружающих машинных элементов.</li>
	<li>Температура эксплуатации: до +200°C.</li>
	<li>Рекомендуется всегда содержать рабочую поверхность полюса в чистоте и регулярно очищать ее при необходимости.</li>
	<li>У магнитов K0549.10, K0549.11, K0549.12 неизбежны волосяные трещины на поверхности сцепления магнита, которые не сказываются на функции удерживающего магнита.</li>
</ul>";K0549.26;32 ±0,2;7;8,16;Под заказ;754,43;A;С наружной резьбой;M4;15;8;;;;;;;;;;;;;;;;;"<span style=""font-family: 'Open Sans', sans-serif""><h2><span style=""font-size: 13pt"">Материалы:</span></h2>
<ul>
	<li>Корпус из стали.</li>
	<li>Магнитный сердечник из твердого феррита.</li>
</ul>
<hr>
<h2><span style=""font-size: 13pt"">Исполнение:</span></h2>
<ul>
	<li>Удерживающие магниты.</li>
	<li>Сталь оцинкованная.</li>
</ul>
<hr>
<h2><span style=""font-size: 13pt"">Указания по применению:</span></h2>
<ul>
	<li>Данные магниты хорошо подходят в качестве креплений (держателей).</li>
	<li>Удерживающие магниты обладают только одной удерживающей поверхностью.</li>
	<li>Удерживающие магниты помогают ограничить воздействие магнитного поля, чтобы предотвратить нежелательное намагничивание всей детали, контактирующей с удерживающим магнитом, или других окружающих машинных элементов.</li>
	<li>Температура эксплуатации: до +200°C.</li>
	<li>Рекомендуется всегда содержать рабочую поверхность полюса в чистоте и регулярно очищать ее при необходимости.</li>
	<li>У магнитов K0549.10, K0549.11, K0549.12 неизбежны волосяные трещины на поверхности сцепления магнита, которые не сказываются на функции удерживающего магнита.</li>
</ul></span>"
K0549 Магниты с резьбой ферритовые экранированные;https://alterv.ru/catalog/magnity_postoyannye/k0549_magnity_diskovye_s_rezboy_ferritovye/;Kipp;Главная > Каталог > Промышленная фурнитура > Магниты постоянные > K0549 Магниты с резьбой ферритовые экранированные;https://alterv.ru/upload/iblock/6b6/k0549_magnity_diskovye.jpg, https://alterv.ru/upload/iblock/133/k0549_magnity_diskovyea.jpg, https://alterv.ru/upload/iblock/aef/k0549_magnity_diskovyeb.jpg, https://alterv.ru/upload/iblock/3a0/k0549_magnity_ustanovka.jpg;https://alterv.ru/upload/iblock/5fc/Z09065_nn_ru_print.jpg, https://alterv.ru/upload/iblock/707/Z09065_nn_ru_A.jpg, https://alterv.ru/upload/iblock/cd7/Z09065_nn_ru_B.jpg;"<h2><span style=""font-size: 13pt;"">Материалы:</span></h2>
<ul>
	<li>Корпус из стали.</li>
	<li>Магнитный сердечник из твердого феррита.</li>
</ul>
<hr>
<h2><span style=""font-size: 13pt;"">Исполнение:</span></h2>
<ul>
	<li>Удерживающие магниты.</li>
	<li>Сталь оцинкованная.</li>
</ul>
<hr>
<h2><span style=""font-size: 13pt;"">Указания по применению:</span></h2>
<ul>
	<li>Данные магниты хорошо подходят в качестве креплений (держателей).</li>
	<li>Удерживающие магниты обладают только одной удерживающей поверхностью.</li>
	<li>Удерживающие магниты помогают ограничить воздействие магнитного поля, чтобы предотвратить нежелательное намагничивание всей детали, контактирующей с удерживающим магнитом, или других окружающих машинных элементов.</li>
	<li>Температура эксплуатации: до +200°C.</li>
	<li>Рекомендуется всегда содержать рабочую поверхность полюса в чистоте и регулярно очищать ее при необходимости.</li>
	<li>У магнитов K0549.10, K0549.11, K0549.12 неизбежны волосяные трещины на поверхности сцепления магнита, которые не сказываются на функции удерживающего магнита.</li>
</ul>";K0549.01;10 ±0,15;4,5;0,41;Под заказ;416,56;B;Со втулкой со внутренней резьбой;M3;11,5;7;6;5;;;;;;;;;;;;;;;"<span style=""font-family: 'Open Sans', sans-serif""><h2><span style=""font-size: 13pt"">Материалы:</span></h2>
<ul>
	<li>Корпус из стали.</li>
	<li>Магнитный сердечник из твердого феррита.</li>
</ul>
<hr>
<h2><span style=""font-size: 13pt"">Исполнение:</span></h2>
<ul>
	<li>Удерживающие магниты.</li>
	<li>Сталь оцинкованная.</li>
</ul>
<hr>
<h2><span style=""font-size: 13pt"">Указания по применению:</span></h2>
<ul>
	<li>Данные магниты хорошо подходят в качестве креплений (держателей).</li>
	<li>Удерживающие магниты обладают только одной удерживающей поверхностью.</li>
	<li>Удерживающие магниты помогают ограничить воздействие магнитного поля, чтобы предотвратить нежелательное намагничивание всей детали, контактирующей с удерживающим магнитом, или других окружающих машинных элементов.</li>
	<li>Температура эксплуатации: до +200°C.</li>
	<li>Рекомендуется всегда содержать рабочую поверхность полюса в чистоте и регулярно очищать ее при необходимости.</li>
	<li>У магнитов K0549.10, K0549.11, K0549.12 неизбежны волосяные трещины на поверхности сцепления магнита, которые не сказываются на функции удерживающего магнита.</li>
</ul></span>"
K0549 Магниты с резьбой ферритовые экранированные;https://alterv.ru/catalog/magnity_postoyannye/k0549_magnity_diskovye_s_rezboy_ferritovye/;Kipp;Главная > Каталог > Промышленная фурнитура > Магниты постоянные > K0549 Магниты с резьбой ферритовые экранированные;https://alterv.ru/upload/iblock/6b6/k0549_magnity_diskovye.jpg, https://alterv.ru/upload/iblock/133/k0549_magnity_diskovyea.jpg, https://alterv.ru/upload/iblock/aef/k0549_magnity_diskovyeb.jpg, https://alterv.ru/upload/iblock/3a0/k0549_magnity_ustanovka.jpg;https://alterv.ru/upload/iblock/5fc/Z09065_nn_ru_print.jpg, https://alterv.ru/upload/iblock/707/Z09065_nn_ru_A.jpg, https://alterv.ru/upload/iblock/cd7/Z09065_nn_ru_B.jpg;"<h2><span style=""font-size: 13pt;"">Материалы:</span></h2>
<ul>
	<li>Корпус из стали.</li>
	<li>Магнитный сердечник из твердого феррита.</li>
</ul>
<hr>
<h2><span style=""font-size: 13pt;"">Исполнение:</span></h2>
<ul>
	<li>Удерживающие магниты.</li>
	<li>Сталь оцинкованная.</li>
</ul>
<hr>
<h2><span style=""font-size: 13pt;"">Указания по применению:</span></h2>
<ul>
	<li>Данные магниты хорошо подходят в качестве креплений (держателей).</li>
	<li>Удерживающие магниты обладают только одной удерживающей поверхностью.</li>
	<li>Удерживающие магниты помогают ограничить воздействие магнитного поля, чтобы предотвратить нежелательное намагничивание всей детали, контактирующей с удерживающим магнитом, или других окружающих машинных элементов.</li>
	<li>Температура эксплуатации: до +200°C.</li>
	<li>Рекомендуется всегда содержать рабочую поверхность полюса в чистоте и регулярно очищать ее при необходимости.</li>
	<li>У магнитов K0549.10, K0549.11, K0549.12 неизбежны волосяные трещины на поверхности сцепления магнита, которые не сказываются на функции удерживающего магнита.</li>
</ul>";K0549.02;13 ±0,15;4,5;1,02;Под заказ;439,69;B;Со втулкой со внутренней резьбой;M3;11,5;7;6;5;;;;;;;;;;;;;;;"<span style=""font-family: 'Open Sans', sans-serif""><h2><span style=""font-size: 13pt"">Материалы:</span></h2>
<ul>
	<li>Корпус из стали.</li>
	<li>Магнитный сердечник из твердого феррита.</li>
</ul>
<hr>
<h2><span style=""font-size: 13pt"">Исполнение:</span></h2>
<ul>
	<li>Удерживающие магниты.</li>
	<li>Сталь оцинкованная.</li>
</ul>
<hr>
<h2><span style=""font-size: 13pt"">Указания по применению:</span></h2>
<ul>
	<li>Данные магниты хорошо подходят в качестве креплений (держателей).</li>
	<li>Удерживающие магниты обладают только одной удерживающей поверхностью.</li>
	<li>Удерживающие магниты помогают ограничить воздействие магнитного поля, чтобы предотвратить нежелательное намагничивание всей детали, контактирующей с удерживающим магнитом, или других окружающих машинных элементов.</li>
	<li>Температура эксплуатации: до +200°C.</li>
	<li>Рекомендуется всегда содержать рабочую поверхность полюса в чистоте и регулярно очищать ее при необходимости.</li>
	<li>У магнитов K0549.10, K0549.11, K0549.12 неизбежны волосяные трещины на поверхности сцепления магнита, которые не сказываются на функции удерживающего магнита.</li>
</ul></span>"
K0549 Магниты с резьбой ферритовые экранированные;https://alterv.ru/catalog/magnity_postoyannye/k0549_magnity_diskovye_s_rezboy_ferritovye/;Kipp;Главная > Каталог > Промышленная фурнитура > Магниты постоянные > K0549 Магниты с резьбой ферритовые экранированные;https://alterv.ru/upload/iblock/6b6/k0549_magnity_diskovye.jpg, https://alterv.ru/upload/iblock/133/k0549_magnity_diskovyea.jpg, https://alterv.ru/upload/iblock/aef/k0549_magnity_diskovyeb.jpg, https://alterv.ru/upload/iblock/3a0/k0549_magnity_ustanovka.jpg;https://alterv.ru/upload/iblock/5fc/Z09065_nn_ru_print.jpg, https://alterv.ru/upload/iblock/707/Z09065_nn_ru_A.jpg, https://alterv.ru/upload/iblock/cd7/Z09065_nn_ru_B.jpg;"<h2><span style=""font-size: 13pt;"">Материалы:</span></h2>
<ul>
	<li>Корпус из стали.</li>
	<li>Магнитный сердечник из твердого феррита.</li>
</ul>
<hr>
<h2><span style=""font-size: 13pt;"">Исполнение:</span></h2>
<ul>
	<li>Удерживающие магниты.</li>
	<li>Сталь оцинкованная.</li>
</ul>
<hr>
<h2><span style=""font-size: 13pt;"">Указания по применению:</span></h2>
<ul>
	<li>Данные магниты хорошо подходят в качестве креплений (держателей).</li>
	<li>Удерживающие магниты обладают только одной удерживающей поверхностью.</li>
	<li>Удерживающие магниты помогают ограничить воздействие магнитного поля, чтобы предотвратить нежелательное намагничивание всей детали, контактирующей с удерживающим магнитом, или других окружающих машинных элементов.</li>
	<li>Температура эксплуатации: до +200°C.</li>
	<li>Рекомендуется всегда содержать рабочую поверхность полюса в чистоте и регулярно очищать ее при необходимости.</li>
	<li>У магнитов K0549.10, K0549.11, K0549.12 неизбежны волосяные трещины на поверхности сцепления магнита, которые не сказываются на функции удерживающего магнита.</li>
</ul>";K0549.03;16 ±0,15;4,5;1,84;Под заказ;536,89;B;Со втулкой со внутренней резьбой;M3;11,5;7;6;5;;;;;;;;;;;;;;;"<span style=""font-family: 'Open Sans', sans-serif""><h2><span style=""font-size: 13pt"">Материалы:</span></h2>
<ul>
	<li>Корпус из стали.</li>
	<li>Магнитный сердечник из твердого феррита.</li>
</ul>
<hr>
<h2><span style=""font-size: 13pt"">Исполнение:</span></h2>
<ul>
	<li>Удерживающие магниты.</li>
	<li>Сталь оцинкованная.</li>
</ul>
<hr>
<h2><span style=""font-size: 13pt"">Указания по применению:</span></h2>
<ul>
	<li>Данные магниты хорошо подходят в качестве креплений (держателей).</li>
	<li>Удерживающие магниты обладают только одной удерживающей поверхностью.</li>
	<li>Удерживающие магниты помогают ограничить воздействие магнитного поля, чтобы предотвратить нежелательное намагничивание всей детали, контактирующей с удерживающим магнитом, или других окружающих машинных элементов.</li>
	<li>Температура эксплуатации: до +200°C.</li>
	<li>Рекомендуется всегда содержать рабочую поверхность полюса в чистоте и регулярно очищать ее при необходимости.</li>
	<li>У магнитов K0549.10, K0549.11, K0549.12 неизбежны волосяные трещины на поверхности сцепления магнита, которые не сказываются на функции удерживающего магнита.</li>
</ul></span>"
K0549 Магниты с резьбой ферритовые экранированные;https://alterv.ru/catalog/magnity_postoyannye/k0549_magnity_diskovye_s_rezboy_ferritovye/;Kipp;Главная > Каталог > Промышленная фурнитура > Магниты постоянные > K0549 Магниты с резьбой ферритовые экранированные;https://alterv.ru/upload/iblock/6b6/k0549_magnity_diskovye.jpg, https://alterv.ru/upload/iblock/133/k0549_magnity_diskovyea.jpg, https://alterv.ru/upload/iblock/aef/k0549_magnity_diskovyeb.jpg, https://alterv.ru/upload/iblock/3a0/k0549_magnity_ustanovka.jpg;https://alterv.ru/upload/iblock/5fc/Z09065_nn_ru_print.jpg, https://alterv.ru/upload/iblock/707/Z09065_nn_ru_A.jpg, https://alterv.ru/upload/iblock/cd7/Z09065_nn_ru_B.jpg;"<h2><span style=""font-size: 13pt;"">Материалы:</span></h2>
<ul>
	<li>Корпус из стали.</li>
	<li>Магнитный сердечник из твердого феррита.</li>
</ul>
<hr>
<h2><span style=""font-size: 13pt;"">Исполнение:</span></h2>
<ul>
	<li>Удерживающие магниты.</li>
	<li>Сталь оцинкованная.</li>
</ul>
<hr>
<h2><span style=""font-size: 13pt;"">Указания по применению:</span></h2>
<ul>
	<li>Данные магниты хорошо подходят в качестве креплений (держателей).</li>
	<li>Удерживающие магниты обладают только одной удерживающей поверхностью.</li>
	<li>Удерживающие магниты помогают ограничить воздействие магнитного поля, чтобы предотвратить нежелательное намагничивание всей детали, контактирующей с удерживающим магнитом, или других окружающих машинных элементов.</li>
	<li>Температура эксплуатации: до +200°C.</li>
	<li>Рекомендуется всегда содержать рабочую поверхность полюса в чистоте и регулярно очищать ее при необходимости.</li>
	<li>У магнитов K0549.10, K0549.11, K0549.12 неизбежны волосяные трещины на поверхности сцепления магнита, которые не сказываются на функции удерживающего магнита.</li>
</ul>";K0549.04;20 ±0,15;6;3,06;Под заказ;629,45;B;Со втулкой со внутренней резьбой;M3;13;7;6;5;;;;;;;;;;;;;;;"<span style=""font-family: 'Open Sans', sans-serif""><h2><span style=""font-size: 13pt"">Материалы:</span></h2>
<ul>
	<li>Корпус из стали.</li>
	<li>Магнитный сердечник из твердого феррита.</li>
</ul>
<hr>
<h2><span style=""font-size: 13pt"">Исполнение:</span></h2>
<ul>
	<li>Удерживающие магниты.</li>
	<li>Сталь оцинкованная.</li>
</ul>
<hr>
<h2><span style=""font-size: 13pt"">Указания по применению:</span></h2>
<ul>
	<li>Данные магниты хорошо подходят в качестве креплений (держателей).</li>
	<li>Удерживающие магниты обладают только одной удерживающей поверхностью.</li>
	<li>Удерживающие магниты помогают ограничить воздействие магнитного поля, чтобы предотвратить нежелательное намагничивание всей детали, контактирующей с удерживающим магнитом, или других окружающих машинных элементов.</li>
	<li>Температура эксплуатации: до +200°C.</li>
	<li>Рекомендуется всегда содержать рабочую поверхность полюса в чистоте и регулярно очищать ее при необходимости.</li>
	<li>У магнитов K0549.10, K0549.11, K0549.12 неизбежны волосяные трещины на поверхности сцепления магнита, которые не сказываются на функции удерживающего магнита.</li>
</ul></span>"
K0549 Магниты с резьбой ферритовые экранированные;https://alterv.ru/catalog/magnity_postoyannye/k0549_magnity_diskovye_s_rezboy_ferritovye/;Kipp;Главная > Каталог > Промышленная фурнитура > Магниты постоянные > K0549 Магниты с резьбой ферритовые экранированные;https://alterv.ru/upload/iblock/6b6/k0549_magnity_diskovye.jpg, https://alterv.ru/upload/iblock/133/k0549_magnity_diskovyea.jpg, https://alterv.ru/upload/iblock/aef/k0549_magnity_diskovyeb.jpg, https://alterv.ru/upload/iblock/3a0/k0549_magnity_ustanovka.jpg;https://alterv.ru/upload/iblock/5fc/Z09065_nn_ru_print.jpg, https://alterv.ru/upload/iblock/707/Z09065_nn_ru_A.jpg, https://alterv.ru/upload/iblock/cd7/Z09065_nn_ru_B.jpg;"<h2><span style=""font-size: 13pt;"">Материалы:</span></h2>
<ul>
	<li>Корпус из стали.</li>
	<li>Магнитный сердечник из твердого феррита.</li>
</ul>
<hr>
<h2><span style=""font-size: 13pt;"">Исполнение:</span></h2>
<ul>
	<li>Удерживающие магниты.</li>
	<li>Сталь оцинкованная.</li>
</ul>
<hr>
<h2><span style=""font-size: 13pt;"">Указания по применению:</span></h2>
<ul>
	<li>Данные магниты хорошо подходят в качестве креплений (держателей).</li>
	<li>Удерживающие магниты обладают только одной удерживающей поверхностью.</li>
	<li>Удерживающие магниты помогают ограничить воздействие магнитного поля, чтобы предотвратить нежелательное намагничивание всей детали, контактирующей с удерживающим магнитом, или других окружающих машинных элементов.</li>
	<li>Температура эксплуатации: до +200°C.</li>
	<li>Рекомендуется всегда содержать рабочую поверхность полюса в чистоте и регулярно очищать ее при необходимости.</li>
	<li>У магнитов K0549.10, K0549.11, K0549.12 неизбежны волосяные трещины на поверхности сцепления магнита, которые не сказываются на функции удерживающего магнита.</li>
</ul>";K0549.05;25 ±0,15;7;4,08;Под заказ;675,76;B;Со втулкой со внутренней резьбой;M4;15;8;8;6;;;;;;;;;;;;;;;"<span style=""font-family: 'Open Sans', sans-serif""><h2><span style=""font-size: 13pt"">Материалы:</span></h2>
<ul>
	<li>Корпус из стали.</li>
	<li>Магнитный сердечник из твердого феррита.</li>
</ul>
<hr>
<h2><span style=""font-size: 13pt"">Исполнение:</span></h2>
<ul>
	<li>Удерживающие магниты.</li>
	<li>Сталь оцинкованная.</li>
</ul>
<hr>
<h2><span style=""font-size: 13pt"">Указания по применению:</span></h2>
<ul>
	<li>Данные магниты хорошо подходят в качестве креплений (держателей).</li>
	<li>Удерживающие магниты обладают только одной удерживающей поверхностью.</li>
	<li>Удерживающие магниты помогают ограничить воздействие магнитного поля, чтобы предотвратить нежелательное намагничивание всей детали, контактирующей с удерживающим магнитом, или других окружающих машинных элементов.</li>
	<li>Температура эксплуатации: до +200°C.</li>
	<li>Рекомендуется всегда содержать рабочую поверхность полюса в чистоте и регулярно очищать ее при необходимости.</li>
	<li>У магнитов K0549.10, K0549.11, K0549.12 неизбежны волосяные трещины на поверхности сцепления магнита, которые не сказываются на функции удерживающего магнита.</li>
</ul></span>"
K0549 Магниты с резьбой ферритовые экранированные;https://alterv.ru/catalog/magnity_postoyannye/k0549_magnity_diskovye_s_rezboy_ferritovye/;Kipp;Главная > Каталог > Промышленная фурнитура > Магниты постоянные > K0549 Магниты с резьбой ферритовые экранированные;https://alterv.ru/upload/iblock/6b6/k0549_magnity_diskovye.jpg, https://alterv.ru/upload/iblock/133/k0549_magnity_diskovyea.jpg, https://alterv.ru/upload/iblock/aef/k0549_magnity_diskovyeb.jpg, https://alterv.ru/upload/iblock/3a0/k0549_magnity_ustanovka.jpg;https://alterv.ru/upload/iblock/5fc/Z09065_nn_ru_print.jpg, https://alterv.ru/upload/iblock/707/Z09065_nn_ru_A.jpg, https://alterv.ru/upload/iblock/cd7/Z09065_nn_ru_B.jpg;"<h2><span style=""font-size: 13pt;"">Материалы:</span></h2>
<ul>
	<li>Корпус из стали.</li>
	<li>Магнитный сердечник из твердого феррита.</li>
</ul>
<hr>
<h2><span style=""font-size: 13pt;"">Исполнение:</span></h2>
<ul>
	<li>Удерживающие магниты.</li>
	<li>Сталь оцинкованная.</li>
</ul>
<hr>
<h2><span style=""font-size: 13pt;"">Указания по применению:</span></h2>
<ul>
	<li>Данные магниты хорошо подходят в качестве креплений (держателей).</li>
	<li>Удерживающие магниты обладают только одной удерживающей поверхностью.</li>
	<li>Удерживающие магниты помогают ограничить воздействие магнитного поля, чтобы предотвратить нежелательное намагничивание всей детали, контактирующей с удерживающим магнитом, или других окружающих машинных элементов.</li>
	<li>Температура эксплуатации: до +200°C.</li>
	<li>Рекомендуется всегда содержать рабочую поверхность полюса в чистоте и регулярно очищать ее при необходимости.</li>
	<li>У магнитов K0549.10, K0549.11, K0549.12 неизбежны волосяные трещины на поверхности сцепления магнита, которые не сказываются на функции удерживающего магнита.</li>
</ul>";K0549.06;32 ±0,2;7;8,16;Под заказ;763,7;B;Со втулкой со внутренней резьбой;M4;15;8;8;6;;;;;;;;;;;;;;;"<span style=""font-family: 'Open Sans', sans-serif""><h2><span style=""font-size: 13pt"">Материалы:</span></h2>
<ul>
	<li>Корпус из стали.</li>
	<li>Магнитный сердечник из твердого феррита.</li>
</ul>
<hr>
<h2><span style=""font-size: 13pt"">Исполнение:</span></h2>
<ul>
	<li>Удерживающие магниты.</li>
	<li>Сталь оцинкованная.</li>
</ul>
<hr>
<h2><span style=""font-size: 13pt"">Указания по применению:</span></h2>
<ul>
	<li>Данные магниты хорошо подходят в качестве креплений (держателей).</li>
	<li>Удерживающие магниты обладают только одной удерживающей поверхностью.</li>
	<li>Удерживающие магниты помогают ограничить воздействие магнитного поля, чтобы предотвратить нежелательное намагничивание всей детали, контактирующей с удерживающим магнитом, или других окружающих машинных элементов.</li>
	<li>Температура эксплуатации: до +200°C.</li>
	<li>Рекомендуется всегда содержать рабочую поверхность полюса в чистоте и регулярно очищать ее при необходимости.</li>
	<li>У магнитов K0549.10, K0549.11, K0549.12 неизбежны волосяные трещины на поверхности сцепления магнита, которые не сказываются на функции удерживающего магнита.</li>
</ul></span>"
K0549 Магниты с резьбой ферритовые экранированные;https://alterv.ru/catalog/magnity_postoyannye/k0549_magnity_diskovye_s_rezboy_ferritovye/;Kipp;Главная > Каталог > Промышленная фурнитура > Магниты постоянные > K0549 Магниты с резьбой ферритовые экранированные;https://alterv.ru/upload/iblock/6b6/k0549_magnity_diskovye.jpg, https://alterv.ru/upload/iblock/133/k0549_magnity_diskovyea.jpg, https://alterv.ru/upload/iblock/aef/k0549_magnity_diskovyeb.jpg, https://alterv.ru/upload/iblock/3a0/k0549_magnity_ustanovka.jpg;https://alterv.ru/upload/iblock/5fc/Z09065_nn_ru_print.jpg, https://alterv.ru/upload/iblock/707/Z09065_nn_ru_A.jpg, https://alterv.ru/upload/iblock/cd7/Z09065_nn_ru_B.jpg;"<h2><span style=""font-size: 13pt;"">Материалы:</span></h2>
<ul>
	<li>Корпус из стали.</li>
	<li>Магнитный сердечник из твердого феррита.</li>
</ul>
<hr>
<h2><span style=""font-size: 13pt;"">Исполнение:</span></h2>
<ul>
	<li>Удерживающие магниты.</li>
	<li>Сталь оцинкованная.</li>
</ul>
<hr>
<h2><span style=""font-size: 13pt;"">Указания по применению:</span></h2>
<ul>
	<li>Данные магниты хорошо подходят в качестве креплений (держателей).</li>
	<li>Удерживающие магниты обладают только одной удерживающей поверхностью.</li>
	<li>Удерживающие магниты помогают ограничить воздействие магнитного поля, чтобы предотвратить нежелательное намагничивание всей детали, контактирующей с удерживающим магнитом, или других окружающих машинных элементов.</li>
	<li>Температура эксплуатации: до +200°C.</li>
	<li>Рекомендуется всегда содержать рабочую поверхность полюса в чистоте и регулярно очищать ее при необходимости.</li>
	<li>У магнитов K0549.10, K0549.11, K0549.12 неизбежны волосяные трещины на поверхности сцепления магнита, которые не сказываются на функции удерживающего магнита.</li>
</ul>";K0549.07;40 ±0,2;8;12,75;Под заказ;1018,24;B;Со втулкой со внутренней резьбой;M5;18;10;10;8;;;;;;;;;;;;;;;"<span style=""font-family: 'Open Sans', sans-serif""><h2><span style=""font-size: 13pt"">Материалы:</span></h2>
<ul>
	<li>Корпус из стали.</li>
	<li>Магнитный сердечник из твердого феррита.</li>
</ul>
<hr>
<h2><span style=""font-size: 13pt"">Исполнение:</span></h2>
<ul>
	<li>Удерживающие магниты.</li>
	<li>Сталь оцинкованная.</li>
</ul>
<hr>
<h2><span style=""font-size: 13pt"">Указания по применению:</span></h2>
<ul>
	<li>Данные магниты хорошо подходят в качестве креплений (держателей).</li>
	<li>Удерживающие магниты обладают только одной удерживающей поверхностью.</li>
	<li>Удерживающие магниты помогают ограничить воздействие магнитного поля, чтобы предотвратить нежелательное намагничивание всей детали, контактирующей с удерживающим магнитом, или других окружающих машинных элементов.</li>
	<li>Температура эксплуатации: до +200°C.</li>
	<li>Рекомендуется всегда содержать рабочую поверхность полюса в чистоте и регулярно очищать ее при необходимости.</li>
	<li>У магнитов K0549.10, K0549.11, K0549.12 неизбежны волосяные трещины на поверхности сцепления магнита, которые не сказываются на функции удерживающего магнита.</li>
</ul></span>"
K0549 Магниты с резьбой ферритовые экранированные;https://alterv.ru/catalog/magnity_postoyannye/k0549_magnity_diskovye_s_rezboy_ferritovye/;Kipp;Главная > Каталог > Промышленная фурнитура > Магниты постоянные > K0549 Магниты с резьбой ферритовые экранированные;https://alterv.ru/upload/iblock/6b6/k0549_magnity_diskovye.jpg, https://alterv.ru/upload/iblock/133/k0549_magnity_diskovyea.jpg, https://alterv.ru/upload/iblock/aef/k0549_magnity_diskovyeb.jpg, https://alterv.ru/upload/iblock/3a0/k0549_magnity_ustanovka.jpg;https://alterv.ru/upload/iblock/5fc/Z09065_nn_ru_print.jpg, https://alterv.ru/upload/iblock/707/Z09065_nn_ru_A.jpg, https://alterv.ru/upload/iblock/cd7/Z09065_nn_ru_B.jpg;"<h2><span style=""font-size: 13pt;"">Материалы:</span></h2>
<ul>
	<li>Корпус из стали.</li>
	<li>Магнитный сердечник из твердого феррита.</li>
</ul>
<hr>
<h2><span style=""font-size: 13pt;"">Исполнение:</span></h2>
<ul>
	<li>Удерживающие магниты.</li>
	<li>Сталь оцинкованная.</li>
</ul>
<hr>
<h2><span style=""font-size: 13pt;"">Указания по применению:</span></h2>
<ul>
	<li>Данные магниты хорошо подходят в качестве креплений (держателей).</li>
	<li>Удерживающие магниты обладают только одной удерживающей поверхностью.</li>
	<li>Удерживающие магниты помогают ограничить воздействие магнитного поля, чтобы предотвратить нежелательное намагничивание всей детали, контактирующей с удерживающим магнитом, или других окружающих машинных элементов.</li>
	<li>Температура эксплуатации: до +200°C.</li>
	<li>Рекомендуется всегда содержать рабочую поверхность полюса в чистоте и регулярно очищать ее при необходимости.</li>
	<li>У магнитов K0549.10, K0549.11, K0549.12 неизбежны волосяные трещины на поверхности сцепления магнита, которые не сказываются на функции удерживающего магнита.</li>
</ul>";K0549.08;50 ±0,2;10;22,43;22;1235,79;B;Со втулкой со внутренней резьбой;M6;22;12;12;10;;;;;;;;;;;;;;;"<span style=""font-family: 'Open Sans', sans-serif""><h2><span style=""font-size: 13pt"">Материалы:</span></h2>
<ul>
	<li>Корпус из стали.</li>
	<li>Магнитный сердечник из твердого феррита.</li>
</ul>
<hr>
<h2><span style=""font-size: 13pt"">Исполнение:</span></h2>
<ul>
	<li>Удерживающие магниты.</li>
	<li>Сталь оцинкованная.</li>
</ul>
<hr>
<h2><span style=""font-size: 13pt"">Указания по применению:</span></h2>
<ul>
	<li>Данные магниты хорошо подходят в качестве креплений (держателей).</li>
	<li>Удерживающие магниты обладают только одной удерживающей поверхностью.</li>
	<li>Удерживающие магниты помогают ограничить воздействие магнитного поля, чтобы предотвратить нежелательное намагничивание всей детали, контактирующей с удерживающим магнитом, или других окружающих машинных элементов.</li>
	<li>Температура эксплуатации: до +200°C.</li>
	<li>Рекомендуется всегда содержать рабочую поверхность полюса в чистоте и регулярно очищать ее при необходимости.</li>
	<li>У магнитов K0549.10, K0549.11, K0549.12 неизбежны волосяные трещины на поверхности сцепления магнита, которые не сказываются на функции удерживающего магнита.</li>
</ul></span>"
K0549 Магниты с резьбой ферритовые экранированные;https://alterv.ru/catalog/magnity_postoyannye/k0549_magnity_diskovye_s_rezboy_ferritovye/;Kipp;Главная > Каталог > Промышленная фурнитура > Магниты постоянные > K0549 Магниты с резьбой ферритовые экранированные;https://alterv.ru/upload/iblock/6b6/k0549_magnity_diskovye.jpg, https://alterv.ru/upload/iblock/133/k0549_magnity_diskovyea.jpg, https://alterv.ru/upload/iblock/aef/k0549_magnity_diskovyeb.jpg, https://alterv.ru/upload/iblock/3a0/k0549_magnity_ustanovka.jpg;https://alterv.ru/upload/iblock/5fc/Z09065_nn_ru_print.jpg, https://alterv.ru/upload/iblock/707/Z09065_nn_ru_A.jpg, https://alterv.ru/upload/iblock/cd7/Z09065_nn_ru_B.jpg;"<h2><span style=""font-size: 13pt;"">Материалы:</span></h2>
<ul>
	<li>Корпус из стали.</li>
	<li>Магнитный сердечник из твердого феррита.</li>
</ul>
<hr>
<h2><span style=""font-size: 13pt;"">Исполнение:</span></h2>
<ul>
	<li>Удерживающие магниты.</li>
	<li>Сталь оцинкованная.</li>
</ul>
<hr>
<h2><span style=""font-size: 13pt;"">Указания по применению:</span></h2>
<ul>
	<li>Данные магниты хорошо подходят в качестве креплений (держателей).</li>
	<li>Удерживающие магниты обладают только одной удерживающей поверхностью.</li>
	<li>Удерживающие магниты помогают ограничить воздействие магнитного поля, чтобы предотвратить нежелательное намагничивание всей детали, контактирующей с удерживающим магнитом, или других окружающих машинных элементов.</li>
	<li>Температура эксплуатации: до +200°C.</li>
	<li>Рекомендуется всегда содержать рабочую поверхность полюса в чистоте и регулярно очищать ее при необходимости.</li>
	<li>У магнитов K0549.10, K0549.11, K0549.12 неизбежны волосяные трещины на поверхности сцепления магнита, которые не сказываются на функции удерживающего магнита.</li>
</ul>";K0549.09;63 ±0,2;14;35,69;Под заказ;2318,82;B;Со втулкой со внутренней резьбой;M8;30;16;15;14;;;;;;;;;;;;;;;"<span style=""font-family: 'Open Sans', sans-serif""><h2><span style=""font-size: 13pt"">Материалы:</span></h2>
<ul>
	<li>Корпус из стали.</li>
	<li>Магнитный сердечник из твердого феррита.</li>
</ul>
<hr>
<h2><span style=""font-size: 13pt"">Исполнение:</span></h2>
<ul>
	<li>Удерживающие магниты.</li>
	<li>Сталь оцинкованная.</li>
</ul>
<hr>
<h2><span style=""font-size: 13pt"">Указания по применению:</span></h2>
<ul>
	<li>Данные магниты хорошо подходят в качестве креплений (держателей).</li>
	<li>Удерживающие магниты обладают только одной удерживающей поверхностью.</li>
	<li>Удерживающие магниты помогают ограничить воздействие магнитного поля, чтобы предотвратить нежелательное намагничивание всей детали, контактирующей с удерживающим магнитом, или других окружающих машинных элементов.</li>
	<li>Температура эксплуатации: до +200°C.</li>
	<li>Рекомендуется всегда содержать рабочую поверхность полюса в чистоте и регулярно очищать ее при необходимости.</li>
	<li>У магнитов K0549.10, K0549.11, K0549.12 неизбежны волосяные трещины на поверхности сцепления магнита, которые не сказываются на функции удерживающего магнита.</li>
</ul></span>"
K0549 Магниты с резьбой ферритовые экранированные;https://alterv.ru/catalog/magnity_postoyannye/k0549_magnity_diskovye_s_rezboy_ferritovye/;Kipp;Главная > Каталог > Промышленная фурнитура > Магниты постоянные > K0549 Магниты с резьбой ферритовые экранированные;https://alterv.ru/upload/iblock/6b6/k0549_magnity_diskovye.jpg, https://alterv.ru/upload/iblock/133/k0549_magnity_diskovyea.jpg, https://alterv.ru/upload/iblock/aef/k0549_magnity_diskovyeb.jpg, https://alterv.ru/upload/iblock/3a0/k0549_magnity_ustanovka.jpg;https://alterv.ru/upload/iblock/5fc/Z09065_nn_ru_print.jpg, https://alterv.ru/upload/iblock/707/Z09065_nn_ru_A.jpg, https://alterv.ru/upload/iblock/cd7/Z09065_nn_ru_B.jpg;"<h2><span style=""font-size: 13pt;"">Материалы:</span></h2>
<ul>
	<li>Корпус из стали.</li>
	<li>Магнитный сердечник из твердого феррита.</li>
</ul>
<hr>
<h2><span style=""font-size: 13pt;"">Исполнение:</span></h2>
<ul>
	<li>Удерживающие магниты.</li>
	<li>Сталь оцинкованная.</li>
</ul>
<hr>
<h2><span style=""font-size: 13pt;"">Указания по применению:</span></h2>
<ul>
	<li>Данные магниты хорошо подходят в качестве креплений (держателей).</li>
	<li>Удерживающие магниты обладают только одной удерживающей поверхностью.</li>
	<li>Удерживающие магниты помогают ограничить воздействие магнитного поля, чтобы предотвратить нежелательное намагничивание всей детали, контактирующей с удерживающим магнитом, или других окружающих машинных элементов.</li>
	<li>Температура эксплуатации: до +200°C.</li>
	<li>Рекомендуется всегда содержать рабочую поверхность полюса в чистоте и регулярно очищать ее при необходимости.</li>
	<li>У магнитов K0549.10, K0549.11, K0549.12 неизбежны волосяные трещины на поверхности сцепления магнита, которые не сказываются на функции удерживающего магнита.</li>
</ul>";K0549.10;80 ±0,25;18;61,18;Под заказ;4091,5;B;Со втулкой со внутренней резьбой;M10;34;16;20;14;;;;;;;;;;;;;;;"<span style=""font-family: 'Open Sans', sans-serif""><h2><span style=""font-size: 13pt"">Материалы:</span></h2>
<ul>
	<li>Корпус из стали.</li>
	<li>Магнитный сердечник из твердого феррита.</li>
</ul>
<hr>
<h2><span style=""font-size: 13pt"">Исполнение:</span></h2>
<ul>
	<li>Удерживающие магниты.</li>
	<li>Сталь оцинкованная.</li>
</ul>
<hr>
<h2><span style=""font-size: 13pt"">Указания по применению:</span></h2>
<ul>
	<li>Данные магниты хорошо подходят в качестве креплений (держателей).</li>
	<li>Удерживающие магниты обладают только одной удерживающей поверхностью.</li>
	<li>Удерживающие магниты помогают ограничить воздействие магнитного поля, чтобы предотвратить нежелательное намагничивание всей детали, контактирующей с удерживающим магнитом, или других окружающих машинных элементов.</li>
	<li>Температура эксплуатации: до +200°C.</li>
	<li>Рекомендуется всегда содержать рабочую поверхность полюса в чистоте и регулярно очищать ее при необходимости.</li>
	<li>У магнитов K0549.10, K0549.11, K0549.12 неизбежны волосяные трещины на поверхности сцепления магнита, которые не сказываются на функции удерживающего магнита.</li>
</ul></span>"
K0549 Магниты с резьбой ферритовые экранированные;https://alterv.ru/catalog/magnity_postoyannye/k0549_magnity_diskovye_s_rezboy_ferritovye/;Kipp;Главная > Каталог > Промышленная фурнитура > Магниты постоянные > K0549 Магниты с резьбой ферритовые экранированные;https://alterv.ru/upload/iblock/6b6/k0549_magnity_diskovye.jpg, https://alterv.ru/upload/iblock/133/k0549_magnity_diskovyea.jpg, https://alterv.ru/upload/iblock/aef/k0549_magnity_diskovyeb.jpg, https://alterv.ru/upload/iblock/3a0/k0549_magnity_ustanovka.jpg;https://alterv.ru/upload/iblock/5fc/Z09065_nn_ru_print.jpg, https://alterv.ru/upload/iblock/707/Z09065_nn_ru_A.jpg, https://alterv.ru/upload/iblock/cd7/Z09065_nn_ru_B.jpg;"<h2><span style=""font-size: 13pt;"">Материалы:</span></h2>
<ul>
	<li>Корпус из стали.</li>
	<li>Магнитный сердечник из твердого феррита.</li>
</ul>
<hr>
<h2><span style=""font-size: 13pt;"">Исполнение:</span></h2>
<ul>
	<li>Удерживающие магниты.</li>
	<li>Сталь оцинкованная.</li>
</ul>
<hr>
<h2><span style=""font-size: 13pt;"">Указания по применению:</span></h2>
<ul>
	<li>Данные магниты хорошо подходят в качестве креплений (держателей).</li>
	<li>Удерживающие магниты обладают только одной удерживающей поверхностью.</li>
	<li>Удерживающие магниты помогают ограничить воздействие магнитного поля, чтобы предотвратить нежелательное намагничивание всей детали, контактирующей с удерживающим магнитом, или других окружающих машинных элементов.</li>
	<li>Температура эксплуатации: до +200°C.</li>
	<li>Рекомендуется всегда содержать рабочую поверхность полюса в чистоте и регулярно очищать ее при необходимости.</li>
	<li>У магнитов K0549.10, K0549.11, K0549.12 неизбежны волосяные трещины на поверхности сцепления магнита, которые не сказываются на функции удерживающего магнита.</li>
</ul>";K0549.11;99 ±0,25;22;91,77;Под заказ;9432,68;B;Со втулкой со внутренней резьбой;M12;42;20;22;17;;;;;;;;;;;;;;;"<span style=""font-family: 'Open Sans', sans-serif""><h2><span style=""font-size: 13pt"">Материалы:</span></h2>
<ul>
	<li>Корпус из стали.</li>
	<li>Магнитный сердечник из твердого феррита.</li>
</ul>
<hr>
<h2><span style=""font-size: 13pt"">Исполнение:</span></h2>
<ul>
	<li>Удерживающие магниты.</li>
	<li>Сталь оцинкованная.</li>
</ul>
<hr>
<h2><span style=""font-size: 13pt"">Указания по применению:</span></h2>
<ul>
	<li>Данные магниты хорошо подходят в качестве креплений (держателей).</li>
	<li>Удерживающие магниты обладают только одной удерживающей поверхностью.</li>
	<li>Удерживающие магниты помогают ограничить воздействие магнитного поля, чтобы предотвратить нежелательное намагничивание всей детали, контактирующей с удерживающим магнитом, или других окружающих машинных элементов.</li>
	<li>Температура эксплуатации: до +200°C.</li>
	<li>Рекомендуется всегда содержать рабочую поверхность полюса в чистоте и регулярно очищать ее при необходимости.</li>
	<li>У магнитов K0549.10, K0549.11, K0549.12 неизбежны волосяные трещины на поверхности сцепления магнита, которые не сказываются на функции удерживающего магнита.</li>
</ul></span>"
K0549 Магниты с резьбой ферритовые экранированные;https://alterv.ru/catalog/magnity_postoyannye/k0549_magnity_diskovye_s_rezboy_ferritovye/;Kipp;Главная > Каталог > Промышленная фурнитура > Магниты постоянные > K0549 Магниты с резьбой ферритовые экранированные;https://alterv.ru/upload/iblock/6b6/k0549_magnity_diskovye.jpg, https://alterv.ru/upload/iblock/133/k0549_magnity_diskovyea.jpg, https://alterv.ru/upload/iblock/aef/k0549_magnity_diskovyeb.jpg, https://alterv.ru/upload/iblock/3a0/k0549_magnity_ustanovka.jpg;https://alterv.ru/upload/iblock/5fc/Z09065_nn_ru_print.jpg, https://alterv.ru/upload/iblock/707/Z09065_nn_ru_A.jpg, https://alterv.ru/upload/iblock/cd7/Z09065_nn_ru_B.jpg;"<h2><span style=""font-size: 13pt;"">Материалы:</span></h2>
<ul>
	<li>Корпус из стали.</li>
	<li>Магнитный сердечник из твердого феррита.</li>
</ul>
<hr>
<h2><span style=""font-size: 13pt;"">Исполнение:</span></h2>
<ul>
	<li>Удерживающие магниты.</li>
	<li>Сталь оцинкованная.</li>
</ul>
<hr>
<h2><span style=""font-size: 13pt;"">Указания по применению:</span></h2>
<ul>
	<li>Данные магниты хорошо подходят в качестве креплений (держателей).</li>
	<li>Удерживающие магниты обладают только одной удерживающей поверхностью.</li>
	<li>Удерживающие магниты помогают ограничить воздействие магнитного поля, чтобы предотвратить нежелательное намагничивание всей детали, контактирующей с удерживающим магнитом, или других окружающих машинных элементов.</li>
	<li>Температура эксплуатации: до +200°C.</li>
	<li>Рекомендуется всегда содержать рабочую поверхность полюса в чистоте и регулярно очищать ее при необходимости.</li>
	<li>У магнитов K0549.10, K0549.11, K0549.12 неизбежны волосяные трещины на поверхности сцепления магнита, которые не сказываются на функции удерживающего магнита.</li>
</ul>";K0549.12;125 ±0,25;26;132,56;Под заказ;23341,03;B;Со втулкой со внутренней резьбой;M14;50;24;25;20;;;;;;;;;;;;;;;"<span style=""font-family: 'Open Sans', sans-serif""><h2><span style=""font-size: 13pt"">Материалы:</span></h2>
<ul>
	<li>Корпус из стали.</li>
	<li>Магнитный сердечник из твердого феррита.</li>
</ul>
<hr>
<h2><span style=""font-size: 13pt"">Исполнение:</span></h2>
<ul>
	<li>Удерживающие магниты.</li>
	<li>Сталь оцинкованная.</li>
</ul>
<hr>
<h2><span style=""font-size: 13pt"">Указания по применению:</span></h2>
<ul>
	<li>Данные магниты хорошо подходят в качестве креплений (держателей).</li>
	<li>Удерживающие магниты обладают только одной удерживающей поверхностью.</li>
	<li>Удерживающие магниты помогают ограничить воздействие магнитного поля, чтобы предотвратить нежелательное намагничивание всей детали, контактирующей с удерживающим магнитом, или других окружающих машинных элементов.</li>
	<li>Температура эксплуатации: до +200°C.</li>
	<li>Рекомендуется всегда содержать рабочую поверхность полюса в чистоте и регулярно очищать ее при необходимости.</li>
	<li>У магнитов K0549.10, K0549.11, K0549.12 неизбежны волосяные трещины на поверхности сцепления магнита, которые не сказываются на функции удерживающего магнита.</li>
</ul></span>"
K0550 Магниты дисковые из самария-кобальта экранированные;https://alterv.ru/catalog/magnity_postoyannye/k0550_magnity_diskovye_iz_samariya_kobalta_ekranirovannye/;Kipp;Главная > Каталог > Промышленная фурнитура > Магниты постоянные > K0550 Магниты дисковые из самария-кобальта экранированные;https://alterv.ru/upload/iblock/d5e/k0550_magnity_diskovye.jpg, https://alterv.ru/upload/iblock/755/k0550_magnity_diskovyea.jpg, https://alterv.ru/upload/iblock/6b7/k0550_magnity_diskovyeb.jpg;https://alterv.ru/upload/iblock/099/Z09066_nn_ru_print.jpg, https://alterv.ru/upload/iblock/a41/Z09066_nn_ru_A.jpg, https://alterv.ru/upload/iblock/b5b/Z09066_nn_ru_B.jpg;"<h2><span style=""font-size: 13pt;"">Материал:</span></h2>
<ul>
	<li>Корпус из стали.</li>
	<li>Магнитный сердечник из самария-кобальта (SmCo).</li>
</ul>
<hr>
<h2><span style=""font-size: 13pt;"">Исполнение:</span></h2>
<ul>
	<li>Удерживающие магниты.</li>
	<li>Сталь оцинкованная.</li>
</ul>
<hr>
<h2><span style=""font-size: 13pt;"">Указания по применению:</span></h2>
<ul>
	<li>Данные магниты хорошо подходят в качестве креплений (держателей).</li>
	<li>Удерживающие магниты обладают только одной удерживающей поверхностью.</li>
	<li>Удерживающие магниты помогают ограничить воздействие магнитного поля, чтобы предотвратить нежелательное намагничивание всей детали, контактирующей с удерживающим магнитом, или других окружающих машинных элементов.</li>
	<li>Температура эксплуатации: до +200°C.</li>
	<li>Рекомендуется всегда содержать рабочую поверхность полюса в чистоте и регулярно очищать ее при необходимости.</li>
	<li>Магниты с сердечником из самария-кобальта обладают силой сцепления в три-пять раз больше, чем магниты из альнико или феррита.</li>
</ul>";K0550.01;6 ±0,15;4,5;0,51;Под заказ;523,02;A;Без резьбы;;;;;;;;;;;;;;;;;;;;"<span style=""font-family: 'Open Sans', sans-serif""><h2><span style=""font-size: 13pt"">Материал:</span></h2>
<ul>
	<li>Корпус из стали.</li>
	<li>Магнитный сердечник из самария-кобальта (SmCo).</li>
</ul>
<hr>
<h2><span style=""font-size: 13pt"">Исполнение:</span></h2>
<ul>
	<li>Удерживающие магниты.</li>
	<li>Сталь оцинкованная.</li>
</ul>
<hr>
<h2><span style=""font-size: 13pt"">Указания по применению:</span></h2>
<ul>
	<li>Данные магниты хорошо подходят в качестве креплений (держателей).</li>
	<li>Удерживающие магниты обладают только одной удерживающей поверхностью.</li>
	<li>Удерживающие магниты помогают ограничить воздействие магнитного поля, чтобы предотвратить нежелательное намагничивание всей детали, контактирующей с удерживающим магнитом, или других окружающих машинных элементов.</li>
	<li>Температура эксплуатации: до +200°C.</li>
	<li>Рекомендуется всегда содержать рабочую поверхность полюса в чистоте и регулярно очищать ее при необходимости.</li>
	<li>Магниты с сердечником из самария-кобальта обладают силой сцепления в три-пять раз больше, чем магниты из альнико или феррита.</li>
</ul></span>"
K0550 Магниты дисковые из самария-кобальта экранированные;https://alterv.ru/catalog/magnity_postoyannye/k0550_magnity_diskovye_iz_samariya_kobalta_ekranirovannye/;Kipp;Главная > Каталог > Промышленная фурнитура > Магниты постоянные > K0550 Магниты дисковые из самария-кобальта экранированные;https://alterv.ru/upload/iblock/d5e/k0550_magnity_diskovye.jpg, https://alterv.ru/upload/iblock/755/k0550_magnity_diskovyea.jpg, https://alterv.ru/upload/iblock/6b7/k0550_magnity_diskovyeb.jpg;https://alterv.ru/upload/iblock/099/Z09066_nn_ru_print.jpg, https://alterv.ru/upload/iblock/a41/Z09066_nn_ru_A.jpg, https://alterv.ru/upload/iblock/b5b/Z09066_nn_ru_B.jpg;"<h2><span style=""font-size: 13pt;"">Материал:</span></h2>
<ul>
	<li>Корпус из стали.</li>
	<li>Магнитный сердечник из самария-кобальта (SmCo).</li>
</ul>
<hr>
<h2><span style=""font-size: 13pt;"">Исполнение:</span></h2>
<ul>
	<li>Удерживающие магниты.</li>
	<li>Сталь оцинкованная.</li>
</ul>
<hr>
<h2><span style=""font-size: 13pt;"">Указания по применению:</span></h2>
<ul>
	<li>Данные магниты хорошо подходят в качестве креплений (держателей).</li>
	<li>Удерживающие магниты обладают только одной удерживающей поверхностью.</li>
	<li>Удерживающие магниты помогают ограничить воздействие магнитного поля, чтобы предотвратить нежелательное намагничивание всей детали, контактирующей с удерживающим магнитом, или других окружающих машинных элементов.</li>
	<li>Температура эксплуатации: до +200°C.</li>
	<li>Рекомендуется всегда содержать рабочую поверхность полюса в чистоте и регулярно очищать ее при необходимости.</li>
	<li>Магниты с сердечником из самария-кобальта обладают силой сцепления в три-пять раз больше, чем магниты из альнико или феррита.</li>
</ul>";K0550.02;8 ±0,15;4,5;1,12;Под заказ;546,14;A;Без резьбы;;;;;;;;;;;;;;;;;;;;"<span style=""font-family: 'Open Sans', sans-serif""><h2><span style=""font-size: 13pt"">Материал:</span></h2>
<ul>
	<li>Корпус из стали.</li>
	<li>Магнитный сердечник из самария-кобальта (SmCo).</li>
</ul>
<hr>
<h2><span style=""font-size: 13pt"">Исполнение:</span></h2>
<ul>
	<li>Удерживающие магниты.</li>
	<li>Сталь оцинкованная.</li>
</ul>
<hr>
<h2><span style=""font-size: 13pt"">Указания по применению:</span></h2>
<ul>
	<li>Данные магниты хорошо подходят в качестве креплений (держателей).</li>
	<li>Удерживающие магниты обладают только одной удерживающей поверхностью.</li>
	<li>Удерживающие магниты помогают ограничить воздействие магнитного поля, чтобы предотвратить нежелательное намагничивание всей детали, контактирующей с удерживающим магнитом, или других окружающих машинных элементов.</li>
	<li>Температура эксплуатации: до +200°C.</li>
	<li>Рекомендуется всегда содержать рабочую поверхность полюса в чистоте и регулярно очищать ее при необходимости.</li>
	<li>Магниты с сердечником из самария-кобальта обладают силой сцепления в три-пять раз больше, чем магниты из альнико или феррита.</li>
</ul></span>"
K0550 Магниты дисковые из самария-кобальта экранированные;https://alterv.ru/catalog/magnity_postoyannye/k0550_magnity_diskovye_iz_samariya_kobalta_ekranirovannye/;Kipp;Главная > Каталог > Промышленная фурнитура > Магниты постоянные > K0550 Магниты дисковые из самария-кобальта экранированные;https://alterv.ru/upload/iblock/d5e/k0550_magnity_diskovye.jpg, https://alterv.ru/upload/iblock/755/k0550_magnity_diskovyea.jpg, https://alterv.ru/upload/iblock/6b7/k0550_magnity_diskovyeb.jpg;https://alterv.ru/upload/iblock/099/Z09066_nn_ru_print.jpg, https://alterv.ru/upload/iblock/a41/Z09066_nn_ru_A.jpg, https://alterv.ru/upload/iblock/b5b/Z09066_nn_ru_B.jpg;"<h2><span style=""font-size: 13pt;"">Материал:</span></h2>
<ul>
	<li>Корпус из стали.</li>
	<li>Магнитный сердечник из самария-кобальта (SmCo).</li>
</ul>
<hr>
<h2><span style=""font-size: 13pt;"">Исполнение:</span></h2>
<ul>
	<li>Удерживающие магниты.</li>
	<li>Сталь оцинкованная.</li>
</ul>
<hr>
<h2><span style=""font-size: 13pt;"">Указания по применению:</span></h2>
<ul>
	<li>Данные магниты хорошо подходят в качестве креплений (держателей).</li>
	<li>Удерживающие магниты обладают только одной удерживающей поверхностью.</li>
	<li>Удерживающие магниты помогают ограничить воздействие магнитного поля, чтобы предотвратить нежелательное намагничивание всей детали, контактирующей с удерживающим магнитом, или других окружающих машинных элементов.</li>
	<li>Температура эксплуатации: до +200°C.</li>
	<li>Рекомендуется всегда содержать рабочую поверхность полюса в чистоте и регулярно очищать ее при необходимости.</li>
	<li>Магниты с сердечником из самария-кобальта обладают силой сцепления в три-пять раз больше, чем магниты из альнико или феррита.</li>
</ul>";K0550.03;10 ±0,15;4,5;2,04;Под заказ;934,93;A;Без резьбы;;;;;;;;;;;;;;;;;;;;"<span style=""font-family: 'Open Sans', sans-serif""><h2><span style=""font-size: 13pt"">Материал:</span></h2>
<ul>
	<li>Корпус из стали.</li>
	<li>Магнитный сердечник из самария-кобальта (SmCo).</li>
</ul>
<hr>
<h2><span style=""font-size: 13pt"">Исполнение:</span></h2>
<ul>
	<li>Удерживающие магниты.</li>
	<li>Сталь оцинкованная.</li>
</ul>
<hr>
<h2><span style=""font-size: 13pt"">Указания по применению:</span></h2>
<ul>
	<li>Данные магниты хорошо подходят в качестве креплений (держателей).</li>
	<li>Удерживающие магниты обладают только одной удерживающей поверхностью.</li>
	<li>Удерживающие магниты помогают ограничить воздействие магнитного поля, чтобы предотвратить нежелательное намагничивание всей детали, контактирующей с удерживающим магнитом, или других окружающих машинных элементов.</li>
	<li>Температура эксплуатации: до +200°C.</li>
	<li>Рекомендуется всегда содержать рабочую поверхность полюса в чистоте и регулярно очищать ее при необходимости.</li>
	<li>Магниты с сердечником из самария-кобальта обладают силой сцепления в три-пять раз больше, чем магниты из альнико или феррита.</li>
</ul></span>"
K0550 Магниты дисковые из самария-кобальта экранированные;https://alterv.ru/catalog/magnity_postoyannye/k0550_magnity_diskovye_iz_samariya_kobalta_ekranirovannye/;Kipp;Главная > Каталог > Промышленная фурнитура > Магниты постоянные > K0550 Магниты дисковые из самария-кобальта экранированные;https://alterv.ru/upload/iblock/d5e/k0550_magnity_diskovye.jpg, https://alterv.ru/upload/iblock/755/k0550_magnity_diskovyea.jpg, https://alterv.ru/upload/iblock/6b7/k0550_magnity_diskovyeb.jpg;https://alterv.ru/upload/iblock/099/Z09066_nn_ru_print.jpg, https://alterv.ru/upload/iblock/a41/Z09066_nn_ru_A.jpg, https://alterv.ru/upload/iblock/b5b/Z09066_nn_ru_B.jpg;"<h2><span style=""font-size: 13pt;"">Материал:</span></h2>
<ul>
	<li>Корпус из стали.</li>
	<li>Магнитный сердечник из самария-кобальта (SmCo).</li>
</ul>
<hr>
<h2><span style=""font-size: 13pt;"">Исполнение:</span></h2>
<ul>
	<li>Удерживающие магниты.</li>
	<li>Сталь оцинкованная.</li>
</ul>
<hr>
<h2><span style=""font-size: 13pt;"">Указания по применению:</span></h2>
<ul>
	<li>Данные магниты хорошо подходят в качестве креплений (держателей).</li>
	<li>Удерживающие магниты обладают только одной удерживающей поверхностью.</li>
	<li>Удерживающие магниты помогают ограничить воздействие магнитного поля, чтобы предотвратить нежелательное намагничивание всей детали, контактирующей с удерживающим магнитом, или других окружающих машинных элементов.</li>
	<li>Температура эксплуатации: до +200°C.</li>
	<li>Рекомендуется всегда содержать рабочую поверхность полюса в чистоте и регулярно очищать ее при необходимости.</li>
	<li>Магниты с сердечником из самария-кобальта обладают силой сцепления в три-пять раз больше, чем магниты из альнико или феррита.</li>
</ul>";K0550.04;13 ±0,15;4,5;4,08;Под заказ;995,1;A;Без резьбы;;;;;;;;;;;;;;;;;;;;"<span style=""font-family: 'Open Sans', sans-serif""><h2><span style=""font-size: 13pt"">Материал:</span></h2>
<ul>
	<li>Корпус из стали.</li>
	<li>Магнитный сердечник из самария-кобальта (SmCo).</li>
</ul>
<hr>
<h2><span style=""font-size: 13pt"">Исполнение:</span></h2>
<ul>
	<li>Удерживающие магниты.</li>
	<li>Сталь оцинкованная.</li>
</ul>
<hr>
<h2><span style=""font-size: 13pt"">Указания по применению:</span></h2>
<ul>
	<li>Данные магниты хорошо подходят в качестве креплений (держателей).</li>
	<li>Удерживающие магниты обладают только одной удерживающей поверхностью.</li>
	<li>Удерживающие магниты помогают ограничить воздействие магнитного поля, чтобы предотвратить нежелательное намагничивание всей детали, контактирующей с удерживающим магнитом, или других окружающих машинных элементов.</li>
	<li>Температура эксплуатации: до +200°C.</li>
	<li>Рекомендуется всегда содержать рабочую поверхность полюса в чистоте и регулярно очищать ее при необходимости.</li>
	<li>Магниты с сердечником из самария-кобальта обладают силой сцепления в три-пять раз больше, чем магниты из альнико или феррита.</li>
</ul></span>"
K0550 Магниты дисковые из самария-кобальта экранированные;https://alterv.ru/catalog/magnity_postoyannye/k0550_magnity_diskovye_iz_samariya_kobalta_ekranirovannye/;Kipp;Главная > Каталог > Промышленная фурнитура > Магниты постоянные > K0550 Магниты дисковые из самария-кобальта экранированные;https://alterv.ru/upload/iblock/d5e/k0550_magnity_diskovye.jpg, https://alterv.ru/upload/iblock/755/k0550_magnity_diskovyea.jpg, https://alterv.ru/upload/iblock/6b7/k0550_magnity_diskovyeb.jpg;https://alterv.ru/upload/iblock/099/Z09066_nn_ru_print.jpg, https://alterv.ru/upload/iblock/a41/Z09066_nn_ru_A.jpg, https://alterv.ru/upload/iblock/b5b/Z09066_nn_ru_B.jpg;"<h2><span style=""font-size: 13pt;"">Материал:</span></h2>
<ul>
	<li>Корпус из стали.</li>
	<li>Магнитный сердечник из самария-кобальта (SmCo).</li>
</ul>
<hr>
<h2><span style=""font-size: 13pt;"">Исполнение:</span></h2>
<ul>
	<li>Удерживающие магниты.</li>
	<li>Сталь оцинкованная.</li>
</ul>
<hr>
<h2><span style=""font-size: 13pt;"">Указания по применению:</span></h2>
<ul>
	<li>Данные магниты хорошо подходят в качестве креплений (держателей).</li>
	<li>Удерживающие магниты обладают только одной удерживающей поверхностью.</li>
	<li>Удерживающие магниты помогают ограничить воздействие магнитного поля, чтобы предотвратить нежелательное намагничивание всей детали, контактирующей с удерживающим магнитом, или других окружающих машинных элементов.</li>
	<li>Температура эксплуатации: до +200°C.</li>
	<li>Рекомендуется всегда содержать рабочую поверхность полюса в чистоте и регулярно очищать ее при необходимости.</li>
	<li>Магниты с сердечником из самария-кобальта обладают силой сцепления в три-пять раз больше, чем магниты из альнико или феррита.</li>
</ul>";K0550.05;16 ±0,15;4,5;6,12;Под заказ;1291,32;A;Без резьбы;;;;;;;;;;;;;;;;;;;;"<span style=""font-family: 'Open Sans', sans-serif""><h2><span style=""font-size: 13pt"">Материал:</span></h2>
<ul>
	<li>Корпус из стали.</li>
	<li>Магнитный сердечник из самария-кобальта (SmCo).</li>
</ul>
<hr>
<h2><span style=""font-size: 13pt"">Исполнение:</span></h2>
<ul>
	<li>Удерживающие магниты.</li>
	<li>Сталь оцинкованная.</li>
</ul>
<hr>
<h2><span style=""font-size: 13pt"">Указания по применению:</span></h2>
<ul>
	<li>Данные магниты хорошо подходят в качестве креплений (держателей).</li>
	<li>Удерживающие магниты обладают только одной удерживающей поверхностью.</li>
	<li>Удерживающие магниты помогают ограничить воздействие магнитного поля, чтобы предотвратить нежелательное намагничивание всей детали, контактирующей с удерживающим магнитом, или других окружающих машинных элементов.</li>
	<li>Температура эксплуатации: до +200°C.</li>
	<li>Рекомендуется всегда содержать рабочую поверхность полюса в чистоте и регулярно очищать ее при необходимости.</li>
	<li>Магниты с сердечником из самария-кобальта обладают силой сцепления в три-пять раз больше, чем магниты из альнико или феррита.</li>
</ul></span>"
K0550 Магниты дисковые из самария-кобальта экранированные;https://alterv.ru/catalog/magnity_postoyannye/k0550_magnity_diskovye_iz_samariya_kobalta_ekranirovannye/;Kipp;Главная > Каталог > Промышленная фурнитура > Магниты постоянные > K0550 Магниты дисковые из самария-кобальта экранированные;https://alterv.ru/upload/iblock/d5e/k0550_magnity_diskovye.jpg, https://alterv.ru/upload/iblock/755/k0550_magnity_diskovyea.jpg, https://alterv.ru/upload/iblock/6b7/k0550_magnity_diskovyeb.jpg;https://alterv.ru/upload/iblock/099/Z09066_nn_ru_print.jpg, https://alterv.ru/upload/iblock/a41/Z09066_nn_ru_A.jpg, https://alterv.ru/upload/iblock/b5b/Z09066_nn_ru_B.jpg;"<h2><span style=""font-size: 13pt;"">Материал:</span></h2>
<ul>
	<li>Корпус из стали.</li>
	<li>Магнитный сердечник из самария-кобальта (SmCo).</li>
</ul>
<hr>
<h2><span style=""font-size: 13pt;"">Исполнение:</span></h2>
<ul>
	<li>Удерживающие магниты.</li>
	<li>Сталь оцинкованная.</li>
</ul>
<hr>
<h2><span style=""font-size: 13pt;"">Указания по применению:</span></h2>
<ul>
	<li>Данные магниты хорошо подходят в качестве креплений (держателей).</li>
	<li>Удерживающие магниты обладают только одной удерживающей поверхностью.</li>
	<li>Удерживающие магниты помогают ограничить воздействие магнитного поля, чтобы предотвратить нежелательное намагничивание всей детали, контактирующей с удерживающим магнитом, или других окружающих машинных элементов.</li>
	<li>Температура эксплуатации: до +200°C.</li>
	<li>Рекомендуется всегда содержать рабочую поверхность полюса в чистоте и регулярно очищать ее при необходимости.</li>
	<li>Магниты с сердечником из самария-кобальта обладают силой сцепления в три-пять раз больше, чем магниты из альнико или феррита.</li>
</ul>";K0550.06;20 ±0,15;6;9,18;Под заказ;1925,42;A;Без резьбы;;;;;;;;;;;;;;;;;;;;"<span style=""font-family: 'Open Sans', sans-serif""><h2><span style=""font-size: 13pt"">Материал:</span></h2>
<ul>
	<li>Корпус из стали.</li>
	<li>Магнитный сердечник из самария-кобальта (SmCo).</li>
</ul>
<hr>
<h2><span style=""font-size: 13pt"">Исполнение:</span></h2>
<ul>
	<li>Удерживающие магниты.</li>
	<li>Сталь оцинкованная.</li>
</ul>
<hr>
<h2><span style=""font-size: 13pt"">Указания по применению:</span></h2>
<ul>
	<li>Данные магниты хорошо подходят в качестве креплений (держателей).</li>
	<li>Удерживающие магниты обладают только одной удерживающей поверхностью.</li>
	<li>Удерживающие магниты помогают ограничить воздействие магнитного поля, чтобы предотвратить нежелательное намагничивание всей детали, контактирующей с удерживающим магнитом, или других окружающих машинных элементов.</li>
	<li>Температура эксплуатации: до +200°C.</li>
	<li>Рекомендуется всегда содержать рабочую поверхность полюса в чистоте и регулярно очищать ее при необходимости.</li>
	<li>Магниты с сердечником из самария-кобальта обладают силой сцепления в три-пять раз больше, чем магниты из альнико или феррита.</li>
</ul></span>"
K0550 Магниты дисковые из самария-кобальта экранированные;https://alterv.ru/catalog/magnity_postoyannye/k0550_magnity_diskovye_iz_samariya_kobalta_ekranirovannye/;Kipp;Главная > Каталог > Промышленная фурнитура > Магниты постоянные > K0550 Магниты дисковые из самария-кобальта экранированные;https://alterv.ru/upload/iblock/d5e/k0550_magnity_diskovye.jpg, https://alterv.ru/upload/iblock/755/k0550_magnity_diskovyea.jpg, https://alterv.ru/upload/iblock/6b7/k0550_magnity_diskovyeb.jpg;https://alterv.ru/upload/iblock/099/Z09066_nn_ru_print.jpg, https://alterv.ru/upload/iblock/a41/Z09066_nn_ru_A.jpg, https://alterv.ru/upload/iblock/b5b/Z09066_nn_ru_B.jpg;"<h2><span style=""font-size: 13pt;"">Материал:</span></h2>
<ul>
	<li>Корпус из стали.</li>
	<li>Магнитный сердечник из самария-кобальта (SmCo).</li>
</ul>
<hr>
<h2><span style=""font-size: 13pt;"">Исполнение:</span></h2>
<ul>
	<li>Удерживающие магниты.</li>
	<li>Сталь оцинкованная.</li>
</ul>
<hr>
<h2><span style=""font-size: 13pt;"">Указания по применению:</span></h2>
<ul>
	<li>Данные магниты хорошо подходят в качестве креплений (держателей).</li>
	<li>Удерживающие магниты обладают только одной удерживающей поверхностью.</li>
	<li>Удерживающие магниты помогают ограничить воздействие магнитного поля, чтобы предотвратить нежелательное намагничивание всей детали, контактирующей с удерживающим магнитом, или других окружающих машинных элементов.</li>
	<li>Температура эксплуатации: до +200°C.</li>
	<li>Рекомендуется всегда содержать рабочую поверхность полюса в чистоте и регулярно очищать ее при необходимости.</li>
	<li>Магниты с сердечником из самария-кобальта обладают силой сцепления в три-пять раз больше, чем магниты из альнико или феррита.</li>
</ul>";K0550.07;25 ±0,15;7;15,3;Под заказ;2897,37;A;Без резьбы;;;;;;;;;;;;;;;;;;;;"<span style=""font-family: 'Open Sans', sans-serif""><h2><span style=""font-size: 13pt"">Материал:</span></h2>
<ul>
	<li>Корпус из стали.</li>
	<li>Магнитный сердечник из самария-кобальта (SmCo).</li>
</ul>
<hr>
<h2><span style=""font-size: 13pt"">Исполнение:</span></h2>
<ul>
	<li>Удерживающие магниты.</li>
	<li>Сталь оцинкованная.</li>
</ul>
<hr>
<h2><span style=""font-size: 13pt"">Указания по применению:</span></h2>
<ul>
	<li>Данные магниты хорошо подходят в качестве креплений (держателей).</li>
	<li>Удерживающие магниты обладают только одной удерживающей поверхностью.</li>
	<li>Удерживающие магниты помогают ограничить воздействие магнитного поля, чтобы предотвратить нежелательное намагничивание всей детали, контактирующей с удерживающим магнитом, или других окружающих машинных элементов.</li>
	<li>Температура эксплуатации: до +200°C.</li>
	<li>Рекомендуется всегда содержать рабочую поверхность полюса в чистоте и регулярно очищать ее при необходимости.</li>
	<li>Магниты с сердечником из самария-кобальта обладают силой сцепления в три-пять раз больше, чем магниты из альнико или феррита.</li>
</ul></span>"
K0550 Магниты дисковые из самария-кобальта экранированные;https://alterv.ru/catalog/magnity_postoyannye/k0550_magnity_diskovye_iz_samariya_kobalta_ekranirovannye/;Kipp;Главная > Каталог > Промышленная фурнитура > Магниты постоянные > K0550 Магниты дисковые из самария-кобальта экранированные;https://alterv.ru/upload/iblock/d5e/k0550_magnity_diskovye.jpg, https://alterv.ru/upload/iblock/755/k0550_magnity_diskovyea.jpg, https://alterv.ru/upload/iblock/6b7/k0550_magnity_diskovyeb.jpg;https://alterv.ru/upload/iblock/099/Z09066_nn_ru_print.jpg, https://alterv.ru/upload/iblock/a41/Z09066_nn_ru_A.jpg, https://alterv.ru/upload/iblock/b5b/Z09066_nn_ru_B.jpg;"<h2><span style=""font-size: 13pt;"">Материал:</span></h2>
<ul>
	<li>Корпус из стали.</li>
	<li>Магнитный сердечник из самария-кобальта (SmCo).</li>
</ul>
<hr>
<h2><span style=""font-size: 13pt;"">Исполнение:</span></h2>
<ul>
	<li>Удерживающие магниты.</li>
	<li>Сталь оцинкованная.</li>
</ul>
<hr>
<h2><span style=""font-size: 13pt;"">Указания по применению:</span></h2>
<ul>
	<li>Данные магниты хорошо подходят в качестве креплений (держателей).</li>
	<li>Удерживающие магниты обладают только одной удерживающей поверхностью.</li>
	<li>Удерживающие магниты помогают ограничить воздействие магнитного поля, чтобы предотвратить нежелательное намагничивание всей детали, контактирующей с удерживающим магнитом, или других окружающих машинных элементов.</li>
	<li>Температура эксплуатации: до +200°C.</li>
	<li>Рекомендуется всегда содержать рабочую поверхность полюса в чистоте и регулярно очищать ее при необходимости.</li>
	<li>Магниты с сердечником из самария-кобальта обладают силой сцепления в три-пять раз больше, чем магниты из альнико или феррита.</li>
</ul>";K0550.08;32 ±0,2;7;22,43;Под заказ;4720,96;A;Без резьбы;;;;;;;;;;;;;;;;;;;;"<span style=""font-family: 'Open Sans', sans-serif""><h2><span style=""font-size: 13pt"">Материал:</span></h2>
<ul>
	<li>Корпус из стали.</li>
	<li>Магнитный сердечник из самария-кобальта (SmCo).</li>
</ul>
<hr>
<h2><span style=""font-size: 13pt"">Исполнение:</span></h2>
<ul>
	<li>Удерживающие магниты.</li>
	<li>Сталь оцинкованная.</li>
</ul>
<hr>
<h2><span style=""font-size: 13pt"">Указания по применению:</span></h2>
<ul>
	<li>Данные магниты хорошо подходят в качестве креплений (держателей).</li>
	<li>Удерживающие магниты обладают только одной удерживающей поверхностью.</li>
	<li>Удерживающие магниты помогают ограничить воздействие магнитного поля, чтобы предотвратить нежелательное намагничивание всей детали, контактирующей с удерживающим магнитом, или других окружающих машинных элементов.</li>
	<li>Температура эксплуатации: до +200°C.</li>
	<li>Рекомендуется всегда содержать рабочую поверхность полюса в чистоте и регулярно очищать ее при необходимости.</li>
	<li>Магниты с сердечником из самария-кобальта обладают силой сцепления в три-пять раз больше, чем магниты из альнико или феррита.</li>
</ul></span>"
K0550 Магниты дисковые из самария-кобальта экранированные;https://alterv.ru/catalog/magnity_postoyannye/k0550_magnity_diskovye_iz_samariya_kobalta_ekranirovannye/;Kipp;Главная > Каталог > Промышленная фурнитура > Магниты постоянные > K0550 Магниты дисковые из самария-кобальта экранированные;https://alterv.ru/upload/iblock/d5e/k0550_magnity_diskovye.jpg, https://alterv.ru/upload/iblock/755/k0550_magnity_diskovyea.jpg, https://alterv.ru/upload/iblock/6b7/k0550_magnity_diskovyeb.jpg;https://alterv.ru/upload/iblock/099/Z09066_nn_ru_print.jpg, https://alterv.ru/upload/iblock/a41/Z09066_nn_ru_A.jpg, https://alterv.ru/upload/iblock/b5b/Z09066_nn_ru_B.jpg;"<h2><span style=""font-size: 13pt;"">Материал:</span></h2>
<ul>
	<li>Корпус из стали.</li>
	<li>Магнитный сердечник из самария-кобальта (SmCo).</li>
</ul>
<hr>
<h2><span style=""font-size: 13pt;"">Исполнение:</span></h2>
<ul>
	<li>Удерживающие магниты.</li>
	<li>Сталь оцинкованная.</li>
</ul>
<hr>
<h2><span style=""font-size: 13pt;"">Указания по применению:</span></h2>
<ul>
	<li>Данные магниты хорошо подходят в качестве креплений (держателей).</li>
	<li>Удерживающие магниты обладают только одной удерживающей поверхностью.</li>
	<li>Удерживающие магниты помогают ограничить воздействие магнитного поля, чтобы предотвратить нежелательное намагничивание всей детали, контактирующей с удерживающим магнитом, или других окружающих машинных элементов.</li>
	<li>Температура эксплуатации: до +200°C.</li>
	<li>Рекомендуется всегда содержать рабочую поверхность полюса в чистоте и регулярно очищать ее при необходимости.</li>
	<li>Магниты с сердечником из самария-кобальта обладают силой сцепления в три-пять раз больше, чем магниты из альнико или феррита.</li>
</ul>";K0550.11;6 ±0,15;4,5;0,51;Под заказ;615,58;B;Со втулкой со внутренней резьбой;M3;11,5;;6;11,5;;;;;;;;;;;;;;;"<span style=""font-family: 'Open Sans', sans-serif""><h2><span style=""font-size: 13pt"">Материал:</span></h2>
<ul>
	<li>Корпус из стали.</li>
	<li>Магнитный сердечник из самария-кобальта (SmCo).</li>
</ul>
<hr>
<h2><span style=""font-size: 13pt"">Исполнение:</span></h2>
<ul>
	<li>Удерживающие магниты.</li>
	<li>Сталь оцинкованная.</li>
</ul>
<hr>
<h2><span style=""font-size: 13pt"">Указания по применению:</span></h2>
<ul>
	<li>Данные магниты хорошо подходят в качестве креплений (держателей).</li>
	<li>Удерживающие магниты обладают только одной удерживающей поверхностью.</li>
	<li>Удерживающие магниты помогают ограничить воздействие магнитного поля, чтобы предотвратить нежелательное намагничивание всей детали, контактирующей с удерживающим магнитом, или других окружающих машинных элементов.</li>
	<li>Температура эксплуатации: до +200°C.</li>
	<li>Рекомендуется всегда содержать рабочую поверхность полюса в чистоте и регулярно очищать ее при необходимости.</li>
	<li>Магниты с сердечником из самария-кобальта обладают силой сцепления в три-пять раз больше, чем магниты из альнико или феррита.</li>
</ul></span>"
K0550 Магниты дисковые из самария-кобальта экранированные;https://alterv.ru/catalog/magnity_postoyannye/k0550_magnity_diskovye_iz_samariya_kobalta_ekranirovannye/;Kipp;Главная > Каталог > Промышленная фурнитура > Магниты постоянные > K0550 Магниты дисковые из самария-кобальта экранированные;https://alterv.ru/upload/iblock/d5e/k0550_magnity_diskovye.jpg, https://alterv.ru/upload/iblock/755/k0550_magnity_diskovyea.jpg, https://alterv.ru/upload/iblock/6b7/k0550_magnity_diskovyeb.jpg;https://alterv.ru/upload/iblock/099/Z09066_nn_ru_print.jpg, https://alterv.ru/upload/iblock/a41/Z09066_nn_ru_A.jpg, https://alterv.ru/upload/iblock/b5b/Z09066_nn_ru_B.jpg;"<h2><span style=""font-size: 13pt;"">Материал:</span></h2>
<ul>
	<li>Корпус из стали.</li>
	<li>Магнитный сердечник из самария-кобальта (SmCo).</li>
</ul>
<hr>
<h2><span style=""font-size: 13pt;"">Исполнение:</span></h2>
<ul>
	<li>Удерживающие магниты.</li>
	<li>Сталь оцинкованная.</li>
</ul>
<hr>
<h2><span style=""font-size: 13pt;"">Указания по применению:</span></h2>
<ul>
	<li>Данные магниты хорошо подходят в качестве креплений (держателей).</li>
	<li>Удерживающие магниты обладают только одной удерживающей поверхностью.</li>
	<li>Удерживающие магниты помогают ограничить воздействие магнитного поля, чтобы предотвратить нежелательное намагничивание всей детали, контактирующей с удерживающим магнитом, или других окружающих машинных элементов.</li>
	<li>Температура эксплуатации: до +200°C.</li>
	<li>Рекомендуется всегда содержать рабочую поверхность полюса в чистоте и регулярно очищать ее при необходимости.</li>
	<li>Магниты с сердечником из самария-кобальта обладают силой сцепления в три-пять раз больше, чем магниты из альнико или феррита.</li>
</ul>";K0550.12;8 ±0,15;4,5;1,12;Под заказ;717,41;B;Со втулкой со внутренней резьбой;M3;11,5;;6;11,5;;;;;;;;;;;;;;;"<span style=""font-family: 'Open Sans', sans-serif""><h2><span style=""font-size: 13pt"">Материал:</span></h2>
<ul>
	<li>Корпус из стали.</li>
	<li>Магнитный сердечник из самария-кобальта (SmCo).</li>
</ul>
<hr>
<h2><span style=""font-size: 13pt"">Исполнение:</span></h2>
<ul>
	<li>Удерживающие магниты.</li>
	<li>Сталь оцинкованная.</li>
</ul>
<hr>
<h2><span style=""font-size: 13pt"">Указания по применению:</span></h2>
<ul>
	<li>Данные магниты хорошо подходят в качестве креплений (держателей).</li>
	<li>Удерживающие магниты обладают только одной удерживающей поверхностью.</li>
	<li>Удерживающие магниты помогают ограничить воздействие магнитного поля, чтобы предотвратить нежелательное намагничивание всей детали, контактирующей с удерживающим магнитом, или других окружающих машинных элементов.</li>
	<li>Температура эксплуатации: до +200°C.</li>
	<li>Рекомендуется всегда содержать рабочую поверхность полюса в чистоте и регулярно очищать ее при необходимости.</li>
	<li>Магниты с сердечником из самария-кобальта обладают силой сцепления в три-пять раз больше, чем магниты из альнико или феррита.</li>
</ul></span>"
K0550 Магниты дисковые из самария-кобальта экранированные;https://alterv.ru/catalog/magnity_postoyannye/k0550_magnity_diskovye_iz_samariya_kobalta_ekranirovannye/;Kipp;Главная > Каталог > Промышленная фурнитура > Магниты постоянные > K0550 Магниты дисковые из самария-кобальта экранированные;https://alterv.ru/upload/iblock/d5e/k0550_magnity_diskovye.jpg, https://alterv.ru/upload/iblock/755/k0550_magnity_diskovyea.jpg, https://alterv.ru/upload/iblock/6b7/k0550_magnity_diskovyeb.jpg;https://alterv.ru/upload/iblock/099/Z09066_nn_ru_print.jpg, https://alterv.ru/upload/iblock/a41/Z09066_nn_ru_A.jpg, https://alterv.ru/upload/iblock/b5b/Z09066_nn_ru_B.jpg;"<h2><span style=""font-size: 13pt;"">Материал:</span></h2>
<ul>
	<li>Корпус из стали.</li>
	<li>Магнитный сердечник из самария-кобальта (SmCo).</li>
</ul>
<hr>
<h2><span style=""font-size: 13pt;"">Исполнение:</span></h2>
<ul>
	<li>Удерживающие магниты.</li>
	<li>Сталь оцинкованная.</li>
</ul>
<hr>
<h2><span style=""font-size: 13pt;"">Указания по применению:</span></h2>
<ul>
	<li>Данные магниты хорошо подходят в качестве креплений (держателей).</li>
	<li>Удерживающие магниты обладают только одной удерживающей поверхностью.</li>
	<li>Удерживающие магниты помогают ограничить воздействие магнитного поля, чтобы предотвратить нежелательное намагничивание всей детали, контактирующей с удерживающим магнитом, или других окружающих машинных элементов.</li>
	<li>Температура эксплуатации: до +200°C.</li>
	<li>Рекомендуется всегда содержать рабочую поверхность полюса в чистоте и регулярно очищать ее при необходимости.</li>
	<li>Магниты с сердечником из самария-кобальта обладают силой сцепления в три-пять раз больше, чем магниты из альнико или феррита.</li>
</ul>";K0550.13;10 ±0,15;4,5;2,04;Под заказ;995,1;B;Со втулкой со внутренней резьбой;M3;11,5;;6;11,5;;;;;;;;;;;;;;;"<span style=""font-family: 'Open Sans', sans-serif""><h2><span style=""font-size: 13pt"">Материал:</span></h2>
<ul>
	<li>Корпус из стали.</li>
	<li>Магнитный сердечник из самария-кобальта (SmCo).</li>
</ul>
<hr>
<h2><span style=""font-size: 13pt"">Исполнение:</span></h2>
<ul>
	<li>Удерживающие магниты.</li>
	<li>Сталь оцинкованная.</li>
</ul>
<hr>
<h2><span style=""font-size: 13pt"">Указания по применению:</span></h2>
<ul>
	<li>Данные магниты хорошо подходят в качестве креплений (держателей).</li>
	<li>Удерживающие магниты обладают только одной удерживающей поверхностью.</li>
	<li>Удерживающие магниты помогают ограничить воздействие магнитного поля, чтобы предотвратить нежелательное намагничивание всей детали, контактирующей с удерживающим магнитом, или других окружающих машинных элементов.</li>
	<li>Температура эксплуатации: до +200°C.</li>
	<li>Рекомендуется всегда содержать рабочую поверхность полюса в чистоте и регулярно очищать ее при необходимости.</li>
	<li>Магниты с сердечником из самария-кобальта обладают силой сцепления в три-пять раз больше, чем магниты из альнико или феррита.</li>
</ul></span>"
K0550 Магниты дисковые из самария-кобальта экранированные;https://alterv.ru/catalog/magnity_postoyannye/k0550_magnity_diskovye_iz_samariya_kobalta_ekranirovannye/;Kipp;Главная > Каталог > Промышленная фурнитура > Магниты постоянные > K0550 Магниты дисковые из самария-кобальта экранированные;https://alterv.ru/upload/iblock/d5e/k0550_magnity_diskovye.jpg, https://alterv.ru/upload/iblock/755/k0550_magnity_diskovyea.jpg, https://alterv.ru/upload/iblock/6b7/k0550_magnity_diskovyeb.jpg;https://alterv.ru/upload/iblock/099/Z09066_nn_ru_print.jpg, https://alterv.ru/upload/iblock/a41/Z09066_nn_ru_A.jpg, https://alterv.ru/upload/iblock/b5b/Z09066_nn_ru_B.jpg;"<h2><span style=""font-size: 13pt;"">Материал:</span></h2>
<ul>
	<li>Корпус из стали.</li>
	<li>Магнитный сердечник из самария-кобальта (SmCo).</li>
</ul>
<hr>
<h2><span style=""font-size: 13pt;"">Исполнение:</span></h2>
<ul>
	<li>Удерживающие магниты.</li>
	<li>Сталь оцинкованная.</li>
</ul>
<hr>
<h2><span style=""font-size: 13pt;"">Указания по применению:</span></h2>
<ul>
	<li>Данные магниты хорошо подходят в качестве креплений (держателей).</li>
	<li>Удерживающие магниты обладают только одной удерживающей поверхностью.</li>
	<li>Удерживающие магниты помогают ограничить воздействие магнитного поля, чтобы предотвратить нежелательное намагничивание всей детали, контактирующей с удерживающим магнитом, или других окружающих машинных элементов.</li>
	<li>Температура эксплуатации: до +200°C.</li>
	<li>Рекомендуется всегда содержать рабочую поверхность полюса в чистоте и регулярно очищать ее при необходимости.</li>
	<li>Магниты с сердечником из самария-кобальта обладают силой сцепления в три-пять раз больше, чем магниты из альнико или феррита.</li>
</ul>";K0550.14;13 ±0,15;4,5;4,08;Под заказ;1175,59;B;Со втулкой со внутренней резьбой;M3;11,5;;6;11,5;;;;;;;;;;;;;;;"<span style=""font-family: 'Open Sans', sans-serif""><h2><span style=""font-size: 13pt"">Материал:</span></h2>
<ul>
	<li>Корпус из стали.</li>
	<li>Магнитный сердечник из самария-кобальта (SmCo).</li>
</ul>
<hr>
<h2><span style=""font-size: 13pt"">Исполнение:</span></h2>
<ul>
	<li>Удерживающие магниты.</li>
	<li>Сталь оцинкованная.</li>
</ul>
<hr>
<h2><span style=""font-size: 13pt"">Указания по применению:</span></h2>
<ul>
	<li>Данные магниты хорошо подходят в качестве креплений (держателей).</li>
	<li>Удерживающие магниты обладают только одной удерживающей поверхностью.</li>
	<li>Удерживающие магниты помогают ограничить воздействие магнитного поля, чтобы предотвратить нежелательное намагничивание всей детали, контактирующей с удерживающим магнитом, или других окружающих машинных элементов.</li>
	<li>Температура эксплуатации: до +200°C.</li>
	<li>Рекомендуется всегда содержать рабочую поверхность полюса в чистоте и регулярно очищать ее при необходимости.</li>
	<li>Магниты с сердечником из самария-кобальта обладают силой сцепления в три-пять раз больше, чем магниты из альнико или феррита.</li>
</ul></span>"
K0550 Магниты дисковые из самария-кобальта экранированные;https://alterv.ru/catalog/magnity_postoyannye/k0550_magnity_diskovye_iz_samariya_kobalta_ekranirovannye/;Kipp;Главная > Каталог > Промышленная фурнитура > Магниты постоянные > K0550 Магниты дисковые из самария-кобальта экранированные;https://alterv.ru/upload/iblock/d5e/k0550_magnity_diskovye.jpg, https://alterv.ru/upload/iblock/755/k0550_magnity_diskovyea.jpg, https://alterv.ru/upload/iblock/6b7/k0550_magnity_diskovyeb.jpg;https://alterv.ru/upload/iblock/099/Z09066_nn_ru_print.jpg, https://alterv.ru/upload/iblock/a41/Z09066_nn_ru_A.jpg, https://alterv.ru/upload/iblock/b5b/Z09066_nn_ru_B.jpg;"<h2><span style=""font-size: 13pt;"">Материал:</span></h2>
<ul>
	<li>Корпус из стали.</li>
	<li>Магнитный сердечник из самария-кобальта (SmCo).</li>
</ul>
<hr>
<h2><span style=""font-size: 13pt;"">Исполнение:</span></h2>
<ul>
	<li>Удерживающие магниты.</li>
	<li>Сталь оцинкованная.</li>
</ul>
<hr>
<h2><span style=""font-size: 13pt;"">Указания по применению:</span></h2>
<ul>
	<li>Данные магниты хорошо подходят в качестве креплений (держателей).</li>
	<li>Удерживающие магниты обладают только одной удерживающей поверхностью.</li>
	<li>Удерживающие магниты помогают ограничить воздействие магнитного поля, чтобы предотвратить нежелательное намагничивание всей детали, контактирующей с удерживающим магнитом, или других окружающих машинных элементов.</li>
	<li>Температура эксплуатации: до +200°C.</li>
	<li>Рекомендуется всегда содержать рабочую поверхность полюса в чистоте и регулярно очищать ее при необходимости.</li>
	<li>Магниты с сердечником из самария-кобальта обладают силой сцепления в три-пять раз больше, чем магниты из альнико или феррита.</li>
</ul>";K0550.15;16 ±0,15;4,5;6,12;Под заказ;1518,12;B;Со втулкой со внутренней резьбой;M4;11,5;;6;11,5;;;;;;;;;;;;;;;"<span style=""font-family: 'Open Sans', sans-serif""><h2><span style=""font-size: 13pt"">Материал:</span></h2>
<ul>
	<li>Корпус из стали.</li>
	<li>Магнитный сердечник из самария-кобальта (SmCo).</li>
</ul>
<hr>
<h2><span style=""font-size: 13pt"">Исполнение:</span></h2>
<ul>
	<li>Удерживающие магниты.</li>
	<li>Сталь оцинкованная.</li>
</ul>
<hr>
<h2><span style=""font-size: 13pt"">Указания по применению:</span></h2>
<ul>
	<li>Данные магниты хорошо подходят в качестве креплений (держателей).</li>
	<li>Удерживающие магниты обладают только одной удерживающей поверхностью.</li>
	<li>Удерживающие магниты помогают ограничить воздействие магнитного поля, чтобы предотвратить нежелательное намагничивание всей детали, контактирующей с удерживающим магнитом, или других окружающих машинных элементов.</li>
	<li>Температура эксплуатации: до +200°C.</li>
	<li>Рекомендуется всегда содержать рабочую поверхность полюса в чистоте и регулярно очищать ее при необходимости.</li>
	<li>Магниты с сердечником из самария-кобальта обладают силой сцепления в три-пять раз больше, чем магниты из альнико или феррита.</li>
</ul></span>"
K0550 Магниты дисковые из самария-кобальта экранированные;https://alterv.ru/catalog/magnity_postoyannye/k0550_magnity_diskovye_iz_samariya_kobalta_ekranirovannye/;Kipp;Главная > Каталог > Промышленная фурнитура > Магниты постоянные > K0550 Магниты дисковые из самария-кобальта экранированные;https://alterv.ru/upload/iblock/d5e/k0550_magnity_diskovye.jpg, https://alterv.ru/upload/iblock/755/k0550_magnity_diskovyea.jpg, https://alterv.ru/upload/iblock/6b7/k0550_magnity_diskovyeb.jpg;https://alterv.ru/upload/iblock/099/Z09066_nn_ru_print.jpg, https://alterv.ru/upload/iblock/a41/Z09066_nn_ru_A.jpg, https://alterv.ru/upload/iblock/b5b/Z09066_nn_ru_B.jpg;"<h2><span style=""font-size: 13pt;"">Материал:</span></h2>
<ul>
	<li>Корпус из стали.</li>
	<li>Магнитный сердечник из самария-кобальта (SmCo).</li>
</ul>
<hr>
<h2><span style=""font-size: 13pt;"">Исполнение:</span></h2>
<ul>
	<li>Удерживающие магниты.</li>
	<li>Сталь оцинкованная.</li>
</ul>
<hr>
<h2><span style=""font-size: 13pt;"">Указания по применению:</span></h2>
<ul>
	<li>Данные магниты хорошо подходят в качестве креплений (держателей).</li>
	<li>Удерживающие магниты обладают только одной удерживающей поверхностью.</li>
	<li>Удерживающие магниты помогают ограничить воздействие магнитного поля, чтобы предотвратить нежелательное намагничивание всей детали, контактирующей с удерживающим магнитом, или других окружающих машинных элементов.</li>
	<li>Температура эксплуатации: до +200°C.</li>
	<li>Рекомендуется всегда содержать рабочую поверхность полюса в чистоте и регулярно очищать ее при необходимости.</li>
	<li>Магниты с сердечником из самария-кобальта обладают силой сцепления в три-пять раз больше, чем магниты из альнико или феррита.</li>
</ul>";K0550.16;20 ±0,15;6;9,18;3;2379,01;B;Со втулкой со внутренней резьбой;M4;13;;8;13;;;;;;;;;;;;;;;"<span style=""font-family: 'Open Sans', sans-serif""><h2><span style=""font-size: 13pt"">Материал:</span></h2>
<ul>
	<li>Корпус из стали.</li>
	<li>Магнитный сердечник из самария-кобальта (SmCo).</li>
</ul>
<hr>
<h2><span style=""font-size: 13pt"">Исполнение:</span></h2>
<ul>
	<li>Удерживающие магниты.</li>
	<li>Сталь оцинкованная.</li>
</ul>
<hr>
<h2><span style=""font-size: 13pt"">Указания по применению:</span></h2>
<ul>
	<li>Данные магниты хорошо подходят в качестве креплений (держателей).</li>
	<li>Удерживающие магниты обладают только одной удерживающей поверхностью.</li>
	<li>Удерживающие магниты помогают ограничить воздействие магнитного поля, чтобы предотвратить нежелательное намагничивание всей детали, контактирующей с удерживающим магнитом, или других окружающих машинных элементов.</li>
	<li>Температура эксплуатации: до +200°C.</li>
	<li>Рекомендуется всегда содержать рабочую поверхность полюса в чистоте и регулярно очищать ее при необходимости.</li>
	<li>Магниты с сердечником из самария-кобальта обладают силой сцепления в три-пять раз больше, чем магниты из альнико или феррита.</li>
</ul></span>"
K0550 Магниты дисковые из самария-кобальта экранированные;https://alterv.ru/catalog/magnity_postoyannye/k0550_magnity_diskovye_iz_samariya_kobalta_ekranirovannye/;Kipp;Главная > Каталог > Промышленная фурнитура > Магниты постоянные > K0550 Магниты дисковые из самария-кобальта экранированные;https://alterv.ru/upload/iblock/d5e/k0550_magnity_diskovye.jpg, https://alterv.ru/upload/iblock/755/k0550_magnity_diskovyea.jpg, https://alterv.ru/upload/iblock/6b7/k0550_magnity_diskovyeb.jpg;https://alterv.ru/upload/iblock/099/Z09066_nn_ru_print.jpg, https://alterv.ru/upload/iblock/a41/Z09066_nn_ru_A.jpg, https://alterv.ru/upload/iblock/b5b/Z09066_nn_ru_B.jpg;"<h2><span style=""font-size: 13pt;"">Материал:</span></h2>
<ul>
	<li>Корпус из стали.</li>
	<li>Магнитный сердечник из самария-кобальта (SmCo).</li>
</ul>
<hr>
<h2><span style=""font-size: 13pt;"">Исполнение:</span></h2>
<ul>
	<li>Удерживающие магниты.</li>
	<li>Сталь оцинкованная.</li>
</ul>
<hr>
<h2><span style=""font-size: 13pt;"">Указания по применению:</span></h2>
<ul>
	<li>Данные магниты хорошо подходят в качестве креплений (держателей).</li>
	<li>Удерживающие магниты обладают только одной удерживающей поверхностью.</li>
	<li>Удерживающие магниты помогают ограничить воздействие магнитного поля, чтобы предотвратить нежелательное намагничивание всей детали, контактирующей с удерживающим магнитом, или других окружающих машинных элементов.</li>
	<li>Температура эксплуатации: до +200°C.</li>
	<li>Рекомендуется всегда содержать рабочую поверхность полюса в чистоте и регулярно очищать ее при необходимости.</li>
	<li>Магниты с сердечником из самария-кобальта обладают силой сцепления в три-пять раз больше, чем магниты из альнико или феррита.</li>
</ul>";K0550.17;25 ±0,15;7;15,3;Под заказ;3725,87;B;Со втулкой со внутренней резьбой;M4;14;;8;14;;;;;;;;;;;;;;;"<span style=""font-family: 'Open Sans', sans-serif""><h2><span style=""font-size: 13pt"">Материал:</span></h2>
<ul>
	<li>Корпус из стали.</li>
	<li>Магнитный сердечник из самария-кобальта (SmCo).</li>
</ul>
<hr>
<h2><span style=""font-size: 13pt"">Исполнение:</span></h2>
<ul>
	<li>Удерживающие магниты.</li>
	<li>Сталь оцинкованная.</li>
</ul>
<hr>
<h2><span style=""font-size: 13pt"">Указания по применению:</span></h2>
<ul>
	<li>Данные магниты хорошо подходят в качестве креплений (держателей).</li>
	<li>Удерживающие магниты обладают только одной удерживающей поверхностью.</li>
	<li>Удерживающие магниты помогают ограничить воздействие магнитного поля, чтобы предотвратить нежелательное намагничивание всей детали, контактирующей с удерживающим магнитом, или других окружающих машинных элементов.</li>
	<li>Температура эксплуатации: до +200°C.</li>
	<li>Рекомендуется всегда содержать рабочую поверхность полюса в чистоте и регулярно очищать ее при необходимости.</li>
	<li>Магниты с сердечником из самария-кобальта обладают силой сцепления в три-пять раз больше, чем магниты из альнико или феррита.</li>
</ul></span>"
K0550 Магниты дисковые из самария-кобальта экранированные;https://alterv.ru/catalog/magnity_postoyannye/k0550_magnity_diskovye_iz_samariya_kobalta_ekranirovannye/;Kipp;Главная > Каталог > Промышленная фурнитура > Магниты постоянные > K0550 Магниты дисковые из самария-кобальта экранированные;https://alterv.ru/upload/iblock/d5e/k0550_magnity_diskovye.jpg, https://alterv.ru/upload/iblock/755/k0550_magnity_diskovyea.jpg, https://alterv.ru/upload/iblock/6b7/k0550_magnity_diskovyeb.jpg;https://alterv.ru/upload/iblock/099/Z09066_nn_ru_print.jpg, https://alterv.ru/upload/iblock/a41/Z09066_nn_ru_A.jpg, https://alterv.ru/upload/iblock/b5b/Z09066_nn_ru_B.jpg;"<h2><span style=""font-size: 13pt;"">Материал:</span></h2>
<ul>
	<li>Корпус из стали.</li>
	<li>Магнитный сердечник из самария-кобальта (SmCo).</li>
</ul>
<hr>
<h2><span style=""font-size: 13pt;"">Исполнение:</span></h2>
<ul>
	<li>Удерживающие магниты.</li>
	<li>Сталь оцинкованная.</li>
</ul>
<hr>
<h2><span style=""font-size: 13pt;"">Указания по применению:</span></h2>
<ul>
	<li>Данные магниты хорошо подходят в качестве креплений (держателей).</li>
	<li>Удерживающие магниты обладают только одной удерживающей поверхностью.</li>
	<li>Удерживающие магниты помогают ограничить воздействие магнитного поля, чтобы предотвратить нежелательное намагничивание всей детали, контактирующей с удерживающим магнитом, или других окружающих машинных элементов.</li>
	<li>Температура эксплуатации: до +200°C.</li>
	<li>Рекомендуется всегда содержать рабочую поверхность полюса в чистоте и регулярно очищать ее при необходимости.</li>
	<li>Магниты с сердечником из самария-кобальта обладают силой сцепления в три-пять раз больше, чем магниты из альнико или феррита.</li>
</ul>";K0550.18;32 ±0,2;7;22,43;Под заказ;5410,6;B;Со втулкой со внутренней резьбой;M5;15,5;;10;15,5;;;;;;;;;;;;;;;"<span style=""font-family: 'Open Sans', sans-serif""><h2><span style=""font-size: 13pt"">Материал:</span></h2>
<ul>
	<li>Корпус из стали.</li>
	<li>Магнитный сердечник из самария-кобальта (SmCo).</li>
</ul>
<hr>
<h2><span style=""font-size: 13pt"">Исполнение:</span></h2>
<ul>
	<li>Удерживающие магниты.</li>
	<li>Сталь оцинкованная.</li>
</ul>
<hr>
<h2><span style=""font-size: 13pt"">Указания по применению:</span></h2>
<ul>
	<li>Данные магниты хорошо подходят в качестве креплений (держателей).</li>
	<li>Удерживающие магниты обладают только одной удерживающей поверхностью.</li>
	<li>Удерживающие магниты помогают ограничить воздействие магнитного поля, чтобы предотвратить нежелательное намагничивание всей детали, контактирующей с удерживающим магнитом, или других окружающих машинных элементов.</li>
	<li>Температура эксплуатации: до +200°C.</li>
	<li>Рекомендуется всегда содержать рабочую поверхность полюса в чистоте и регулярно очищать ее при необходимости.</li>
	<li>Магниты с сердечником из самария-кобальта обладают силой сцепления в три-пять раз больше, чем магниты из альнико или феррита.</li>
</ul></span>"
K0551 Магниты цилиндрические из самария-кобальта;https://alterv.ru/catalog/magnity_postoyannye/k0551_magnity_tsilindricheskie_iz_samariya_kobalta/;Kipp;Главная > Каталог > Промышленная фурнитура > Магниты постоянные > K0551 Магниты цилиндрические из самария-кобальта;https://alterv.ru/upload/iblock/c2a/k0551_magnity_cilindricheskie.jpg, https://alterv.ru/upload/iblock/1d4/k0551_magnity_cilindricheskiea.jpg, https://alterv.ru/upload/iblock/81f/k0551_magnity_cilindricheskieb.jpg;https://alterv.ru/upload/iblock/717/Z09067_K0551_nn_de_A.jpg, https://alterv.ru/upload/iblock/c2a/Z09067_K0551_nn_de_A.jpg, https://alterv.ru/upload/iblock/28d/Z09067_K0551_nn_de_B.jpg;"<h2><span style=""font-size: 13pt;"">Материалы:</span></h2>
<ul>
	<li>Корпус из латуни.</li>
	<li>Магнитный сердечник из самария-кобальта (SmCo).</li>
</ul>
<hr>
<h2><span style=""font-size: 13pt;"">Исполнение:</span></h2>
<ul>
	<li>Удерживающие экранированные магниты.</li>
	<li>Диаметр ""D"" шлифованный.</li>
</ul>
<hr>
<h2><span style=""font-size: 13pt;"">Указания по применению:</span></h2>
<ul>
	<li>Удерживающие магниты обладают только одной удерживающей поверхностью.</li>
	<li>Удерживающие магниты помогают ограничить воздействие магнитного поля, чтобы предотвратить нежелательное намагничивание всей детали, контактирующей с удерживающим магнитом, или других окружающих машинных элементов.</li>
	<li>Температура эксплуатации: до +200°C.</li>
	<li>Рекомендуется всегда содержать рабочую поверхность полюса в чистоте и регулярно очищать ее при необходимости.</li>
	<li>Удерживающие магниты из самария-кобальта хорошо подходят для применения в машинах точечной сварки, поскольку не допускают размагничивания.</li>
	<li>Цилиндрические магниты и размер ""H"" (только для формы A) могут быть уменьшены с сохранением прежней силы сцепления.</li>
	<li>Внимание! Цилиндрические магниты из самария-кобальта нельзя напрямую впрессовывать в железо, так как в результате магнитного замыкания возникнут потери силы сцепления.</li>
</ul>";K0551.01;6;20;0,82;Под заказ;772,95;A;Без резьбы;;10;;;;1,5;;;;;;;;;;;;;;"<span style=""font-family: 'Open Sans', sans-serif""><h2><span style=""font-size: 13pt"">Материалы:</span></h2>
<ul>
	<li>Корпус из латуни.</li>
	<li>Магнитный сердечник из самария-кобальта (SmCo).</li>
</ul>
<hr>
<h2><span style=""font-size: 13pt"">Исполнение:</span></h2>
<ul>
	<li>Удерживающие экранированные магниты.</li>
	<li>Диаметр ""D"" шлифованный.</li>
</ul>
<hr>
<h2><span style=""font-size: 13pt"">Указания по применению:</span></h2>
<ul>
	<li>Удерживающие магниты обладают только одной удерживающей поверхностью.</li>
	<li>Удерживающие магниты помогают ограничить воздействие магнитного поля, чтобы предотвратить нежелательное намагничивание всей детали, контактирующей с удерживающим магнитом, или других окружающих машинных элементов.</li>
	<li>Температура эксплуатации: до +200°C.</li>
	<li>Рекомендуется всегда содержать рабочую поверхность полюса в чистоте и регулярно очищать ее при необходимости.</li>
	<li>Удерживающие магниты из самария-кобальта хорошо подходят для применения в машинах точечной сварки, поскольку не допускают размагничивания.</li>
	<li>Цилиндрические магниты и размер ""H"" (только для формы A) могут быть уменьшены с сохранением прежней силы сцепления.</li>
	<li>Внимание! Цилиндрические магниты из самария-кобальта нельзя напрямую впрессовывать в железо, так как в результате магнитного замыкания возникнут потери силы сцепления.</li>
</ul></span>"
K0551 Магниты цилиндрические из самария-кобальта;https://alterv.ru/catalog/magnity_postoyannye/k0551_magnity_tsilindricheskie_iz_samariya_kobalta/;Kipp;Главная > Каталог > Промышленная фурнитура > Магниты постоянные > K0551 Магниты цилиндрические из самария-кобальта;https://alterv.ru/upload/iblock/c2a/k0551_magnity_cilindricheskie.jpg, https://alterv.ru/upload/iblock/1d4/k0551_magnity_cilindricheskiea.jpg, https://alterv.ru/upload/iblock/81f/k0551_magnity_cilindricheskieb.jpg;https://alterv.ru/upload/iblock/717/Z09067_K0551_nn_de_A.jpg, https://alterv.ru/upload/iblock/c2a/Z09067_K0551_nn_de_A.jpg, https://alterv.ru/upload/iblock/28d/Z09067_K0551_nn_de_B.jpg;"<h2><span style=""font-size: 13pt;"">Материалы:</span></h2>
<ul>
	<li>Корпус из латуни.</li>
	<li>Магнитный сердечник из самария-кобальта (SmCo).</li>
</ul>
<hr>
<h2><span style=""font-size: 13pt;"">Исполнение:</span></h2>
<ul>
	<li>Удерживающие экранированные магниты.</li>
	<li>Диаметр ""D"" шлифованный.</li>
</ul>
<hr>
<h2><span style=""font-size: 13pt;"">Указания по применению:</span></h2>
<ul>
	<li>Удерживающие магниты обладают только одной удерживающей поверхностью.</li>
	<li>Удерживающие магниты помогают ограничить воздействие магнитного поля, чтобы предотвратить нежелательное намагничивание всей детали, контактирующей с удерживающим магнитом, или других окружающих машинных элементов.</li>
	<li>Температура эксплуатации: до +200°C.</li>
	<li>Рекомендуется всегда содержать рабочую поверхность полюса в чистоте и регулярно очищать ее при необходимости.</li>
	<li>Удерживающие магниты из самария-кобальта хорошо подходят для применения в машинах точечной сварки, поскольку не допускают размагничивания.</li>
	<li>Цилиндрические магниты и размер ""H"" (только для формы A) могут быть уменьшены с сохранением прежней силы сцепления.</li>
	<li>Внимание! Цилиндрические магниты из самария-кобальта нельзя напрямую впрессовывать в железо, так как в результате магнитного замыкания возникнут потери силы сцепления.</li>
</ul>";K0551.03;8;20;2,24;3;976,6;A;Без резьбы;;10;;;;1,5;;;;;;;;;;;;;;"<span style=""font-family: 'Open Sans', sans-serif""><h2><span style=""font-size: 13pt"">Материалы:</span></h2>
<ul>
	<li>Корпус из латуни.</li>
	<li>Магнитный сердечник из самария-кобальта (SmCo).</li>
</ul>
<hr>
<h2><span style=""font-size: 13pt"">Исполнение:</span></h2>
<ul>
	<li>Удерживающие экранированные магниты.</li>
	<li>Диаметр ""D"" шлифованный.</li>
</ul>
<hr>
<h2><span style=""font-size: 13pt"">Указания по применению:</span></h2>
<ul>
	<li>Удерживающие магниты обладают только одной удерживающей поверхностью.</li>
	<li>Удерживающие магниты помогают ограничить воздействие магнитного поля, чтобы предотвратить нежелательное намагничивание всей детали, контактирующей с удерживающим магнитом, или других окружающих машинных элементов.</li>
	<li>Температура эксплуатации: до +200°C.</li>
	<li>Рекомендуется всегда содержать рабочую поверхность полюса в чистоте и регулярно очищать ее при необходимости.</li>
	<li>Удерживающие магниты из самария-кобальта хорошо подходят для применения в машинах точечной сварки, поскольку не допускают размагничивания.</li>
	<li>Цилиндрические магниты и размер ""H"" (только для формы A) могут быть уменьшены с сохранением прежней силы сцепления.</li>
	<li>Внимание! Цилиндрические магниты из самария-кобальта нельзя напрямую впрессовывать в железо, так как в результате магнитного замыкания возникнут потери силы сцепления.</li>
</ul></span>"
K0551 Магниты цилиндрические из самария-кобальта;https://alterv.ru/catalog/magnity_postoyannye/k0551_magnity_tsilindricheskie_iz_samariya_kobalta/;Kipp;Главная > Каталог > Промышленная фурнитура > Магниты постоянные > K0551 Магниты цилиндрические из самария-кобальта;https://alterv.ru/upload/iblock/c2a/k0551_magnity_cilindricheskie.jpg, https://alterv.ru/upload/iblock/1d4/k0551_magnity_cilindricheskiea.jpg, https://alterv.ru/upload/iblock/81f/k0551_magnity_cilindricheskieb.jpg;https://alterv.ru/upload/iblock/717/Z09067_K0551_nn_de_A.jpg, https://alterv.ru/upload/iblock/c2a/Z09067_K0551_nn_de_A.jpg, https://alterv.ru/upload/iblock/28d/Z09067_K0551_nn_de_B.jpg;"<h2><span style=""font-size: 13pt;"">Материалы:</span></h2>
<ul>
	<li>Корпус из латуни.</li>
	<li>Магнитный сердечник из самария-кобальта (SmCo).</li>
</ul>
<hr>
<h2><span style=""font-size: 13pt;"">Исполнение:</span></h2>
<ul>
	<li>Удерживающие экранированные магниты.</li>
	<li>Диаметр ""D"" шлифованный.</li>
</ul>
<hr>
<h2><span style=""font-size: 13pt;"">Указания по применению:</span></h2>
<ul>
	<li>Удерживающие магниты обладают только одной удерживающей поверхностью.</li>
	<li>Удерживающие магниты помогают ограничить воздействие магнитного поля, чтобы предотвратить нежелательное намагничивание всей детали, контактирующей с удерживающим магнитом, или других окружающих машинных элементов.</li>
	<li>Температура эксплуатации: до +200°C.</li>
	<li>Рекомендуется всегда содержать рабочую поверхность полюса в чистоте и регулярно очищать ее при необходимости.</li>
	<li>Удерживающие магниты из самария-кобальта хорошо подходят для применения в машинах точечной сварки, поскольку не допускают размагничивания.</li>
	<li>Цилиндрические магниты и размер ""H"" (только для формы A) могут быть уменьшены с сохранением прежней силы сцепления.</li>
	<li>Внимание! Цилиндрические магниты из самария-кобальта нельзя напрямую впрессовывать в железо, так как в результате магнитного замыкания возникнут потери силы сцепления.</li>
</ul>";K0551.05;10;20;4,08;2;1194,13;A;Без резьбы;;8;;;;2;;;;;;;;;;;;;;"<span style=""font-family: 'Open Sans', sans-serif""><h2><span style=""font-size: 13pt"">Материалы:</span></h2>
<ul>
	<li>Корпус из латуни.</li>
	<li>Магнитный сердечник из самария-кобальта (SmCo).</li>
</ul>
<hr>
<h2><span style=""font-size: 13pt"">Исполнение:</span></h2>
<ul>
	<li>Удерживающие экранированные магниты.</li>
	<li>Диаметр ""D"" шлифованный.</li>
</ul>
<hr>
<h2><span style=""font-size: 13pt"">Указания по применению:</span></h2>
<ul>
	<li>Удерживающие магниты обладают только одной удерживающей поверхностью.</li>
	<li>Удерживающие магниты помогают ограничить воздействие магнитного поля, чтобы предотвратить нежелательное намагничивание всей детали, контактирующей с удерживающим магнитом, или других окружающих машинных элементов.</li>
	<li>Температура эксплуатации: до +200°C.</li>
	<li>Рекомендуется всегда содержать рабочую поверхность полюса в чистоте и регулярно очищать ее при необходимости.</li>
	<li>Удерживающие магниты из самария-кобальта хорошо подходят для применения в машинах точечной сварки, поскольку не допускают размагничивания.</li>
	<li>Цилиндрические магниты и размер ""H"" (только для формы A) могут быть уменьшены с сохранением прежней силы сцепления.</li>
	<li>Внимание! Цилиндрические магниты из самария-кобальта нельзя напрямую впрессовывать в железо, так как в результате магнитного замыкания возникнут потери силы сцепления.</li>
</ul></span>"
K0551 Магниты цилиндрические из самария-кобальта;https://alterv.ru/catalog/magnity_postoyannye/k0551_magnity_tsilindricheskie_iz_samariya_kobalta/;Kipp;Главная > Каталог > Промышленная фурнитура > Магниты постоянные > K0551 Магниты цилиндрические из самария-кобальта;https://alterv.ru/upload/iblock/c2a/k0551_magnity_cilindricheskie.jpg, https://alterv.ru/upload/iblock/1d4/k0551_magnity_cilindricheskiea.jpg, https://alterv.ru/upload/iblock/81f/k0551_magnity_cilindricheskieb.jpg;https://alterv.ru/upload/iblock/717/Z09067_K0551_nn_de_A.jpg, https://alterv.ru/upload/iblock/c2a/Z09067_K0551_nn_de_A.jpg, https://alterv.ru/upload/iblock/28d/Z09067_K0551_nn_de_B.jpg;"<h2><span style=""font-size: 13pt;"">Материалы:</span></h2>
<ul>
	<li>Корпус из латуни.</li>
	<li>Магнитный сердечник из самария-кобальта (SmCo).</li>
</ul>
<hr>
<h2><span style=""font-size: 13pt;"">Исполнение:</span></h2>
<ul>
	<li>Удерживающие экранированные магниты.</li>
	<li>Диаметр ""D"" шлифованный.</li>
</ul>
<hr>
<h2><span style=""font-size: 13pt;"">Указания по применению:</span></h2>
<ul>
	<li>Удерживающие магниты обладают только одной удерживающей поверхностью.</li>
	<li>Удерживающие магниты помогают ограничить воздействие магнитного поля, чтобы предотвратить нежелательное намагничивание всей детали, контактирующей с удерживающим магнитом, или других окружающих машинных элементов.</li>
	<li>Температура эксплуатации: до +200°C.</li>
	<li>Рекомендуется всегда содержать рабочую поверхность полюса в чистоте и регулярно очищать ее при необходимости.</li>
	<li>Удерживающие магниты из самария-кобальта хорошо подходят для применения в машинах точечной сварки, поскольку не допускают размагничивания.</li>
	<li>Цилиндрические магниты и размер ""H"" (только для формы A) могут быть уменьшены с сохранением прежней силы сцепления.</li>
	<li>Внимание! Цилиндрические магниты из самария-кобальта нельзя напрямую впрессовывать в железо, так как в результате магнитного замыкания возникнут потери силы сцепления.</li>
</ul>";K0551.07;13;20;6,12;1;1582,92;A;Без резьбы;;6;;;;2,5;;;;;;;;;;;;;;"<span style=""font-family: 'Open Sans', sans-serif""><h2><span style=""font-size: 13pt"">Материалы:</span></h2>
<ul>
	<li>Корпус из латуни.</li>
	<li>Магнитный сердечник из самария-кобальта (SmCo).</li>
</ul>
<hr>
<h2><span style=""font-size: 13pt"">Исполнение:</span></h2>
<ul>
	<li>Удерживающие экранированные магниты.</li>
	<li>Диаметр ""D"" шлифованный.</li>
</ul>
<hr>
<h2><span style=""font-size: 13pt"">Указания по применению:</span></h2>
<ul>
	<li>Удерживающие магниты обладают только одной удерживающей поверхностью.</li>
	<li>Удерживающие магниты помогают ограничить воздействие магнитного поля, чтобы предотвратить нежелательное намагничивание всей детали, контактирующей с удерживающим магнитом, или других окружающих машинных элементов.</li>
	<li>Температура эксплуатации: до +200°C.</li>
	<li>Рекомендуется всегда содержать рабочую поверхность полюса в чистоте и регулярно очищать ее при необходимости.</li>
	<li>Удерживающие магниты из самария-кобальта хорошо подходят для применения в машинах точечной сварки, поскольку не допускают размагничивания.</li>
	<li>Цилиндрические магниты и размер ""H"" (только для формы A) могут быть уменьшены с сохранением прежней силы сцепления.</li>
	<li>Внимание! Цилиндрические магниты из самария-кобальта нельзя напрямую впрессовывать в железо, так как в результате магнитного замыкания возникнут потери силы сцепления.</li>
</ul></span>"
K0551 Магниты цилиндрические из самария-кобальта;https://alterv.ru/catalog/magnity_postoyannye/k0551_magnity_tsilindricheskie_iz_samariya_kobalta/;Kipp;Главная > Каталог > Промышленная фурнитура > Магниты постоянные > K0551 Магниты цилиндрические из самария-кобальта;https://alterv.ru/upload/iblock/c2a/k0551_magnity_cilindricheskie.jpg, https://alterv.ru/upload/iblock/1d4/k0551_magnity_cilindricheskiea.jpg, https://alterv.ru/upload/iblock/81f/k0551_magnity_cilindricheskieb.jpg;https://alterv.ru/upload/iblock/717/Z09067_K0551_nn_de_A.jpg, https://alterv.ru/upload/iblock/c2a/Z09067_K0551_nn_de_A.jpg, https://alterv.ru/upload/iblock/28d/Z09067_K0551_nn_de_B.jpg;"<h2><span style=""font-size: 13pt;"">Материалы:</span></h2>
<ul>
	<li>Корпус из латуни.</li>
	<li>Магнитный сердечник из самария-кобальта (SmCo).</li>
</ul>
<hr>
<h2><span style=""font-size: 13pt;"">Исполнение:</span></h2>
<ul>
	<li>Удерживающие экранированные магниты.</li>
	<li>Диаметр ""D"" шлифованный.</li>
</ul>
<hr>
<h2><span style=""font-size: 13pt;"">Указания по применению:</span></h2>
<ul>
	<li>Удерживающие магниты обладают только одной удерживающей поверхностью.</li>
	<li>Удерживающие магниты помогают ограничить воздействие магнитного поля, чтобы предотвратить нежелательное намагничивание всей детали, контактирующей с удерживающим магнитом, или других окружающих машинных элементов.</li>
	<li>Температура эксплуатации: до +200°C.</li>
	<li>Рекомендуется всегда содержать рабочую поверхность полюса в чистоте и регулярно очищать ее при необходимости.</li>
	<li>Удерживающие магниты из самария-кобальта хорошо подходят для применения в машинах точечной сварки, поскольку не допускают размагничивания.</li>
	<li>Цилиндрические магниты и размер ""H"" (только для формы A) могут быть уменьшены с сохранением прежней силы сцепления.</li>
	<li>Внимание! Цилиндрические магниты из самария-кобальта нельзя напрямую впрессовывать в железо, так как в результате магнитного замыкания возникнут потери силы сцепления.</li>
</ul>";K0551.09;16;20;12,75;Под заказ;2152,2;A;Без резьбы;;2;;;;3;;;;;;;;;;;;;;"<span style=""font-family: 'Open Sans', sans-serif""><h2><span style=""font-size: 13pt"">Материалы:</span></h2>
<ul>
	<li>Корпус из латуни.</li>
	<li>Магнитный сердечник из самария-кобальта (SmCo).</li>
</ul>
<hr>
<h2><span style=""font-size: 13pt"">Исполнение:</span></h2>
<ul>
	<li>Удерживающие экранированные магниты.</li>
	<li>Диаметр ""D"" шлифованный.</li>
</ul>
<hr>
<h2><span style=""font-size: 13pt"">Указания по применению:</span></h2>
<ul>
	<li>Удерживающие магниты обладают только одной удерживающей поверхностью.</li>
	<li>Удерживающие магниты помогают ограничить воздействие магнитного поля, чтобы предотвратить нежелательное намагничивание всей детали, контактирующей с удерживающим магнитом, или других окружающих машинных элементов.</li>
	<li>Температура эксплуатации: до +200°C.</li>
	<li>Рекомендуется всегда содержать рабочую поверхность полюса в чистоте и регулярно очищать ее при необходимости.</li>
	<li>Удерживающие магниты из самария-кобальта хорошо подходят для применения в машинах точечной сварки, поскольку не допускают размагничивания.</li>
	<li>Цилиндрические магниты и размер ""H"" (только для формы A) могут быть уменьшены с сохранением прежней силы сцепления.</li>
	<li>Внимание! Цилиндрические магниты из самария-кобальта нельзя напрямую впрессовывать в железо, так как в результате магнитного замыкания возникнут потери силы сцепления.</li>
</ul></span>"
K0551 Магниты цилиндрические из самария-кобальта;https://alterv.ru/catalog/magnity_postoyannye/k0551_magnity_tsilindricheskie_iz_samariya_kobalta/;Kipp;Главная > Каталог > Промышленная фурнитура > Магниты постоянные > K0551 Магниты цилиндрические из самария-кобальта;https://alterv.ru/upload/iblock/c2a/k0551_magnity_cilindricheskie.jpg, https://alterv.ru/upload/iblock/1d4/k0551_magnity_cilindricheskiea.jpg, https://alterv.ru/upload/iblock/81f/k0551_magnity_cilindricheskieb.jpg;https://alterv.ru/upload/iblock/717/Z09067_K0551_nn_de_A.jpg, https://alterv.ru/upload/iblock/c2a/Z09067_K0551_nn_de_A.jpg, https://alterv.ru/upload/iblock/28d/Z09067_K0551_nn_de_B.jpg;"<h2><span style=""font-size: 13pt;"">Материалы:</span></h2>
<ul>
	<li>Корпус из латуни.</li>
	<li>Магнитный сердечник из самария-кобальта (SmCo).</li>
</ul>
<hr>
<h2><span style=""font-size: 13pt;"">Исполнение:</span></h2>
<ul>
	<li>Удерживающие экранированные магниты.</li>
	<li>Диаметр ""D"" шлифованный.</li>
</ul>
<hr>
<h2><span style=""font-size: 13pt;"">Указания по применению:</span></h2>
<ul>
	<li>Удерживающие магниты обладают только одной удерживающей поверхностью.</li>
	<li>Удерживающие магниты помогают ограничить воздействие магнитного поля, чтобы предотвратить нежелательное намагничивание всей детали, контактирующей с удерживающим магнитом, или других окружающих машинных элементов.</li>
	<li>Температура эксплуатации: до +200°C.</li>
	<li>Рекомендуется всегда содержать рабочую поверхность полюса в чистоте и регулярно очищать ее при необходимости.</li>
	<li>Удерживающие магниты из самария-кобальта хорошо подходят для применения в машинах точечной сварки, поскольку не допускают размагничивания.</li>
	<li>Цилиндрические магниты и размер ""H"" (только для формы A) могут быть уменьшены с сохранением прежней силы сцепления.</li>
	<li>Внимание! Цилиндрические магниты из самария-кобальта нельзя напрямую впрессовывать в железо, так как в результате магнитного замыкания возникнут потери силы сцепления.</li>
</ul>";K0551.11;20;25;25,49;Под заказ;3526,84;A;Без резьбы;;5;;;;4;;;;;;;;;;;;;;"<span style=""font-family: 'Open Sans', sans-serif""><h2><span style=""font-size: 13pt"">Материалы:</span></h2>
<ul>
	<li>Корпус из латуни.</li>
	<li>Магнитный сердечник из самария-кобальта (SmCo).</li>
</ul>
<hr>
<h2><span style=""font-size: 13pt"">Исполнение:</span></h2>
<ul>
	<li>Удерживающие экранированные магниты.</li>
	<li>Диаметр ""D"" шлифованный.</li>
</ul>
<hr>
<h2><span style=""font-size: 13pt"">Указания по применению:</span></h2>
<ul>
	<li>Удерживающие магниты обладают только одной удерживающей поверхностью.</li>
	<li>Удерживающие магниты помогают ограничить воздействие магнитного поля, чтобы предотвратить нежелательное намагничивание всей детали, контактирующей с удерживающим магнитом, или других окружающих машинных элементов.</li>
	<li>Температура эксплуатации: до +200°C.</li>
	<li>Рекомендуется всегда содержать рабочую поверхность полюса в чистоте и регулярно очищать ее при необходимости.</li>
	<li>Удерживающие магниты из самария-кобальта хорошо подходят для применения в машинах точечной сварки, поскольку не допускают размагничивания.</li>
	<li>Цилиндрические магниты и размер ""H"" (только для формы A) могут быть уменьшены с сохранением прежней силы сцепления.</li>
	<li>Внимание! Цилиндрические магниты из самария-кобальта нельзя напрямую впрессовывать в железо, так как в результате магнитного замыкания возникнут потери силы сцепления.</li>
</ul></span>"
K0551 Магниты цилиндрические из самария-кобальта;https://alterv.ru/catalog/magnity_postoyannye/k0551_magnity_tsilindricheskie_iz_samariya_kobalta/;Kipp;Главная > Каталог > Промышленная фурнитура > Магниты постоянные > K0551 Магниты цилиндрические из самария-кобальта;https://alterv.ru/upload/iblock/c2a/k0551_magnity_cilindricheskie.jpg, https://alterv.ru/upload/iblock/1d4/k0551_magnity_cilindricheskiea.jpg, https://alterv.ru/upload/iblock/81f/k0551_magnity_cilindricheskieb.jpg;https://alterv.ru/upload/iblock/717/Z09067_K0551_nn_de_A.jpg, https://alterv.ru/upload/iblock/c2a/Z09067_K0551_nn_de_A.jpg, https://alterv.ru/upload/iblock/28d/Z09067_K0551_nn_de_B.jpg;"<h2><span style=""font-size: 13pt;"">Материалы:</span></h2>
<ul>
	<li>Корпус из латуни.</li>
	<li>Магнитный сердечник из самария-кобальта (SmCo).</li>
</ul>
<hr>
<h2><span style=""font-size: 13pt;"">Исполнение:</span></h2>
<ul>
	<li>Удерживающие экранированные магниты.</li>
	<li>Диаметр ""D"" шлифованный.</li>
</ul>
<hr>
<h2><span style=""font-size: 13pt;"">Указания по применению:</span></h2>
<ul>
	<li>Удерживающие магниты обладают только одной удерживающей поверхностью.</li>
	<li>Удерживающие магниты помогают ограничить воздействие магнитного поля, чтобы предотвратить нежелательное намагничивание всей детали, контактирующей с удерживающим магнитом, или других окружающих машинных элементов.</li>
	<li>Температура эксплуатации: до +200°C.</li>
	<li>Рекомендуется всегда содержать рабочую поверхность полюса в чистоте и регулярно очищать ее при необходимости.</li>
	<li>Удерживающие магниты из самария-кобальта хорошо подходят для применения в машинах точечной сварки, поскольку не допускают размагничивания.</li>
	<li>Цилиндрические магниты и размер ""H"" (только для формы A) могут быть уменьшены с сохранением прежней силы сцепления.</li>
	<li>Внимание! Цилиндрические магниты из самария-кобальта нельзя напрямую впрессовывать в железо, так как в результате магнитного замыкания возникнут потери силы сцепления.</li>
</ul>";K0551.13;25;35;40,79;Под заказ;7715,54;A;Без резьбы;;7;;;;5;;;;;;;;;;;;;;"<span style=""font-family: 'Open Sans', sans-serif""><h2><span style=""font-size: 13pt"">Материалы:</span></h2>
<ul>
	<li>Корпус из латуни.</li>
	<li>Магнитный сердечник из самария-кобальта (SmCo).</li>
</ul>
<hr>
<h2><span style=""font-size: 13pt"">Исполнение:</span></h2>
<ul>
	<li>Удерживающие экранированные магниты.</li>
	<li>Диаметр ""D"" шлифованный.</li>
</ul>
<hr>
<h2><span style=""font-size: 13pt"">Указания по применению:</span></h2>
<ul>
	<li>Удерживающие магниты обладают только одной удерживающей поверхностью.</li>
	<li>Удерживающие магниты помогают ограничить воздействие магнитного поля, чтобы предотвратить нежелательное намагничивание всей детали, контактирующей с удерживающим магнитом, или других окружающих машинных элементов.</li>
	<li>Температура эксплуатации: до +200°C.</li>
	<li>Рекомендуется всегда содержать рабочую поверхность полюса в чистоте и регулярно очищать ее при необходимости.</li>
	<li>Удерживающие магниты из самария-кобальта хорошо подходят для применения в машинах точечной сварки, поскольку не допускают размагничивания.</li>
	<li>Цилиндрические магниты и размер ""H"" (только для формы A) могут быть уменьшены с сохранением прежней силы сцепления.</li>
	<li>Внимание! Цилиндрические магниты из самария-кобальта нельзя напрямую впрессовывать в железо, так как в результате магнитного замыкания возникнут потери силы сцепления.</li>
</ul></span>"
K0551 Магниты цилиндрические из самария-кобальта;https://alterv.ru/catalog/magnity_postoyannye/k0551_magnity_tsilindricheskie_iz_samariya_kobalta/;Kipp;Главная > Каталог > Промышленная фурнитура > Магниты постоянные > K0551 Магниты цилиндрические из самария-кобальта;https://alterv.ru/upload/iblock/c2a/k0551_magnity_cilindricheskie.jpg, https://alterv.ru/upload/iblock/1d4/k0551_magnity_cilindricheskiea.jpg, https://alterv.ru/upload/iblock/81f/k0551_magnity_cilindricheskieb.jpg;https://alterv.ru/upload/iblock/717/Z09067_K0551_nn_de_A.jpg, https://alterv.ru/upload/iblock/c2a/Z09067_K0551_nn_de_A.jpg, https://alterv.ru/upload/iblock/28d/Z09067_K0551_nn_de_B.jpg;"<h2><span style=""font-size: 13pt;"">Материалы:</span></h2>
<ul>
	<li>Корпус из латуни.</li>
	<li>Магнитный сердечник из самария-кобальта (SmCo).</li>
</ul>
<hr>
<h2><span style=""font-size: 13pt;"">Исполнение:</span></h2>
<ul>
	<li>Удерживающие экранированные магниты.</li>
	<li>Диаметр ""D"" шлифованный.</li>
</ul>
<hr>
<h2><span style=""font-size: 13pt;"">Указания по применению:</span></h2>
<ul>
	<li>Удерживающие магниты обладают только одной удерживающей поверхностью.</li>
	<li>Удерживающие магниты помогают ограничить воздействие магнитного поля, чтобы предотвратить нежелательное намагничивание всей детали, контактирующей с удерживающим магнитом, или других окружающих машинных элементов.</li>
	<li>Температура эксплуатации: до +200°C.</li>
	<li>Рекомендуется всегда содержать рабочую поверхность полюса в чистоте и регулярно очищать ее при необходимости.</li>
	<li>Удерживающие магниты из самария-кобальта хорошо подходят для применения в машинах точечной сварки, поскольку не допускают размагничивания.</li>
	<li>Цилиндрические магниты и размер ""H"" (только для формы A) могут быть уменьшены с сохранением прежней силы сцепления.</li>
	<li>Внимание! Цилиндрические магниты из самария-кобальта нельзя напрямую впрессовывать в железо, так как в результате магнитного замыкания возникнут потери силы сцепления.</li>
</ul>";K0551.15;32;40;61,18;Под заказ;14070,35;A;Без резьбы;;4,5;;;;6;;;;;;;;;;;;;;"<span style=""font-family: 'Open Sans', sans-serif""><h2><span style=""font-size: 13pt"">Материалы:</span></h2>
<ul>
	<li>Корпус из латуни.</li>
	<li>Магнитный сердечник из самария-кобальта (SmCo).</li>
</ul>
<hr>
<h2><span style=""font-size: 13pt"">Исполнение:</span></h2>
<ul>
	<li>Удерживающие экранированные магниты.</li>
	<li>Диаметр ""D"" шлифованный.</li>
</ul>
<hr>
<h2><span style=""font-size: 13pt"">Указания по применению:</span></h2>
<ul>
	<li>Удерживающие магниты обладают только одной удерживающей поверхностью.</li>
	<li>Удерживающие магниты помогают ограничить воздействие магнитного поля, чтобы предотвратить нежелательное намагничивание всей детали, контактирующей с удерживающим магнитом, или других окружающих машинных элементов.</li>
	<li>Температура эксплуатации: до +200°C.</li>
	<li>Рекомендуется всегда содержать рабочую поверхность полюса в чистоте и регулярно очищать ее при необходимости.</li>
	<li>Удерживающие магниты из самария-кобальта хорошо подходят для применения в машинах точечной сварки, поскольку не допускают размагничивания.</li>
	<li>Цилиндрические магниты и размер ""H"" (только для формы A) могут быть уменьшены с сохранением прежней силы сцепления.</li>
	<li>Внимание! Цилиндрические магниты из самария-кобальта нельзя напрямую впрессовывать в железо, так как в результате магнитного замыкания возникнут потери силы сцепления.</li>
</ul></span>"
K0551 Магниты цилиндрические из самария-кобальта;https://alterv.ru/catalog/magnity_postoyannye/k0551_magnity_tsilindricheskie_iz_samariya_kobalta/;Kipp;Главная > Каталог > Промышленная фурнитура > Магниты постоянные > K0551 Магниты цилиндрические из самария-кобальта;https://alterv.ru/upload/iblock/c2a/k0551_magnity_cilindricheskie.jpg, https://alterv.ru/upload/iblock/1d4/k0551_magnity_cilindricheskiea.jpg, https://alterv.ru/upload/iblock/81f/k0551_magnity_cilindricheskieb.jpg;https://alterv.ru/upload/iblock/717/Z09067_K0551_nn_de_A.jpg, https://alterv.ru/upload/iblock/c2a/Z09067_K0551_nn_de_A.jpg, https://alterv.ru/upload/iblock/28d/Z09067_K0551_nn_de_B.jpg;"<h2><span style=""font-size: 13pt;"">Материалы:</span></h2>
<ul>
	<li>Корпус из латуни.</li>
	<li>Магнитный сердечник из самария-кобальта (SmCo).</li>
</ul>
<hr>
<h2><span style=""font-size: 13pt;"">Исполнение:</span></h2>
<ul>
	<li>Удерживающие экранированные магниты.</li>
	<li>Диаметр ""D"" шлифованный.</li>
</ul>
<hr>
<h2><span style=""font-size: 13pt;"">Указания по применению:</span></h2>
<ul>
	<li>Удерживающие магниты обладают только одной удерживающей поверхностью.</li>
	<li>Удерживающие магниты помогают ограничить воздействие магнитного поля, чтобы предотвратить нежелательное намагничивание всей детали, контактирующей с удерживающим магнитом, или других окружающих машинных элементов.</li>
	<li>Температура эксплуатации: до +200°C.</li>
	<li>Рекомендуется всегда содержать рабочую поверхность полюса в чистоте и регулярно очищать ее при необходимости.</li>
	<li>Удерживающие магниты из самария-кобальта хорошо подходят для применения в машинах точечной сварки, поскольку не допускают размагничивания.</li>
	<li>Цилиндрические магниты и размер ""H"" (только для формы A) могут быть уменьшены с сохранением прежней силы сцепления.</li>
	<li>Внимание! Цилиндрические магниты из самария-кобальта нельзя напрямую впрессовывать в железо, так как в результате магнитного замыкания возникнут потери силы сцепления.</li>
</ul>";K0551.02;6;20;0,82;Под заказ;1059,9;B;Со внутренней резьбой;;;;M3;5;1,5;;;;;;;;;;;;;;"<span style=""font-family: 'Open Sans', sans-serif""><h2><span style=""font-size: 13pt"">Материалы:</span></h2>
<ul>
	<li>Корпус из латуни.</li>
	<li>Магнитный сердечник из самария-кобальта (SmCo).</li>
</ul>
<hr>
<h2><span style=""font-size: 13pt"">Исполнение:</span></h2>
<ul>
	<li>Удерживающие экранированные магниты.</li>
	<li>Диаметр ""D"" шлифованный.</li>
</ul>
<hr>
<h2><span style=""font-size: 13pt"">Указания по применению:</span></h2>
<ul>
	<li>Удерживающие магниты обладают только одной удерживающей поверхностью.</li>
	<li>Удерживающие магниты помогают ограничить воздействие магнитного поля, чтобы предотвратить нежелательное намагничивание всей детали, контактирующей с удерживающим магнитом, или других окружающих машинных элементов.</li>
	<li>Температура эксплуатации: до +200°C.</li>
	<li>Рекомендуется всегда содержать рабочую поверхность полюса в чистоте и регулярно очищать ее при необходимости.</li>
	<li>Удерживающие магниты из самария-кобальта хорошо подходят для применения в машинах точечной сварки, поскольку не допускают размагничивания.</li>
	<li>Цилиндрические магниты и размер ""H"" (только для формы A) могут быть уменьшены с сохранением прежней силы сцепления.</li>
	<li>Внимание! Цилиндрические магниты из самария-кобальта нельзя напрямую впрессовывать в железо, так как в результате магнитного замыкания возникнут потери силы сцепления.</li>
</ul></span>"
K0551 Магниты цилиндрические из самария-кобальта;https://alterv.ru/catalog/magnity_postoyannye/k0551_magnity_tsilindricheskie_iz_samariya_kobalta/;Kipp;Главная > Каталог > Промышленная фурнитура > Магниты постоянные > K0551 Магниты цилиндрические из самария-кобальта;https://alterv.ru/upload/iblock/c2a/k0551_magnity_cilindricheskie.jpg, https://alterv.ru/upload/iblock/1d4/k0551_magnity_cilindricheskiea.jpg, https://alterv.ru/upload/iblock/81f/k0551_magnity_cilindricheskieb.jpg;https://alterv.ru/upload/iblock/717/Z09067_K0551_nn_de_A.jpg, https://alterv.ru/upload/iblock/c2a/Z09067_K0551_nn_de_A.jpg, https://alterv.ru/upload/iblock/28d/Z09067_K0551_nn_de_B.jpg;"<h2><span style=""font-size: 13pt;"">Материалы:</span></h2>
<ul>
	<li>Корпус из латуни.</li>
	<li>Магнитный сердечник из самария-кобальта (SmCo).</li>
</ul>
<hr>
<h2><span style=""font-size: 13pt;"">Исполнение:</span></h2>
<ul>
	<li>Удерживающие экранированные магниты.</li>
	<li>Диаметр ""D"" шлифованный.</li>
</ul>
<hr>
<h2><span style=""font-size: 13pt;"">Указания по применению:</span></h2>
<ul>
	<li>Удерживающие магниты обладают только одной удерживающей поверхностью.</li>
	<li>Удерживающие магниты помогают ограничить воздействие магнитного поля, чтобы предотвратить нежелательное намагничивание всей детали, контактирующей с удерживающим магнитом, или других окружающих машинных элементов.</li>
	<li>Температура эксплуатации: до +200°C.</li>
	<li>Рекомендуется всегда содержать рабочую поверхность полюса в чистоте и регулярно очищать ее при необходимости.</li>
	<li>Удерживающие магниты из самария-кобальта хорошо подходят для применения в машинах точечной сварки, поскольку не допускают размагничивания.</li>
	<li>Цилиндрические магниты и размер ""H"" (только для формы A) могут быть уменьшены с сохранением прежней силы сцепления.</li>
	<li>Внимание! Цилиндрические магниты из самария-кобальта нельзя напрямую впрессовывать в железо, так как в результате магнитного замыкания возникнут потери силы сцепления.</li>
</ul>";K0551.04;8;20;2,24;Под заказ;1198,75;B;Со внутренней резьбой;;;;M3;5;1,5;;;;;;;;;;;;;;"<span style=""font-family: 'Open Sans', sans-serif""><h2><span style=""font-size: 13pt"">Материалы:</span></h2>
<ul>
	<li>Корпус из латуни.</li>
	<li>Магнитный сердечник из самария-кобальта (SmCo).</li>
</ul>
<hr>
<h2><span style=""font-size: 13pt"">Исполнение:</span></h2>
<ul>
	<li>Удерживающие экранированные магниты.</li>
	<li>Диаметр ""D"" шлифованный.</li>
</ul>
<hr>
<h2><span style=""font-size: 13pt"">Указания по применению:</span></h2>
<ul>
	<li>Удерживающие магниты обладают только одной удерживающей поверхностью.</li>
	<li>Удерживающие магниты помогают ограничить воздействие магнитного поля, чтобы предотвратить нежелательное намагничивание всей детали, контактирующей с удерживающим магнитом, или других окружающих машинных элементов.</li>
	<li>Температура эксплуатации: до +200°C.</li>
	<li>Рекомендуется всегда содержать рабочую поверхность полюса в чистоте и регулярно очищать ее при необходимости.</li>
	<li>Удерживающие магниты из самария-кобальта хорошо подходят для применения в машинах точечной сварки, поскольку не допускают размагничивания.</li>
	<li>Цилиндрические магниты и размер ""H"" (только для формы A) могут быть уменьшены с сохранением прежней силы сцепления.</li>
	<li>Внимание! Цилиндрические магниты из самария-кобальта нельзя напрямую впрессовывать в железо, так как в результате магнитного замыкания возникнут потери силы сцепления.</li>
</ul></span>"
K0551 Магниты цилиндрические из самария-кобальта;https://alterv.ru/catalog/magnity_postoyannye/k0551_magnity_tsilindricheskie_iz_samariya_kobalta/;Kipp;Главная > Каталог > Промышленная фурнитура > Магниты постоянные > K0551 Магниты цилиндрические из самария-кобальта;https://alterv.ru/upload/iblock/c2a/k0551_magnity_cilindricheskie.jpg, https://alterv.ru/upload/iblock/1d4/k0551_magnity_cilindricheskiea.jpg, https://alterv.ru/upload/iblock/81f/k0551_magnity_cilindricheskieb.jpg;https://alterv.ru/upload/iblock/717/Z09067_K0551_nn_de_A.jpg, https://alterv.ru/upload/iblock/c2a/Z09067_K0551_nn_de_A.jpg, https://alterv.ru/upload/iblock/28d/Z09067_K0551_nn_de_B.jpg;"<h2><span style=""font-size: 13pt;"">Материалы:</span></h2>
<ul>
	<li>Корпус из латуни.</li>
	<li>Магнитный сердечник из самария-кобальта (SmCo).</li>
</ul>
<hr>
<h2><span style=""font-size: 13pt;"">Исполнение:</span></h2>
<ul>
	<li>Удерживающие экранированные магниты.</li>
	<li>Диаметр ""D"" шлифованный.</li>
</ul>
<hr>
<h2><span style=""font-size: 13pt;"">Указания по применению:</span></h2>
<ul>
	<li>Удерживающие магниты обладают только одной удерживающей поверхностью.</li>
	<li>Удерживающие магниты помогают ограничить воздействие магнитного поля, чтобы предотвратить нежелательное намагничивание всей детали, контактирующей с удерживающим магнитом, или других окружающих машинных элементов.</li>
	<li>Температура эксплуатации: до +200°C.</li>
	<li>Рекомендуется всегда содержать рабочую поверхность полюса в чистоте и регулярно очищать ее при необходимости.</li>
	<li>Удерживающие магниты из самария-кобальта хорошо подходят для применения в машинах точечной сварки, поскольку не допускают размагничивания.</li>
	<li>Цилиндрические магниты и размер ""H"" (только для формы A) могут быть уменьшены с сохранением прежней силы сцепления.</li>
	<li>Внимание! Цилиндрические магниты из самария-кобальта нельзя напрямую впрессовывать в железо, так как в результате магнитного замыкания возникнут потери силы сцепления.</li>
</ul>";K0551.06;10;20;4,08;Под заказ;1439,42;B;Со внутренней резьбой;;;;M4;7;2;;;;;;;;;;;;;;"<span style=""font-family: 'Open Sans', sans-serif""><h2><span style=""font-size: 13pt"">Материалы:</span></h2>
<ul>
	<li>Корпус из латуни.</li>
	<li>Магнитный сердечник из самария-кобальта (SmCo).</li>
</ul>
<hr>
<h2><span style=""font-size: 13pt"">Исполнение:</span></h2>
<ul>
	<li>Удерживающие экранированные магниты.</li>
	<li>Диаметр ""D"" шлифованный.</li>
</ul>
<hr>
<h2><span style=""font-size: 13pt"">Указания по применению:</span></h2>
<ul>
	<li>Удерживающие магниты обладают только одной удерживающей поверхностью.</li>
	<li>Удерживающие магниты помогают ограничить воздействие магнитного поля, чтобы предотвратить нежелательное намагничивание всей детали, контактирующей с удерживающим магнитом, или других окружающих машинных элементов.</li>
	<li>Температура эксплуатации: до +200°C.</li>
	<li>Рекомендуется всегда содержать рабочую поверхность полюса в чистоте и регулярно очищать ее при необходимости.</li>
	<li>Удерживающие магниты из самария-кобальта хорошо подходят для применения в машинах точечной сварки, поскольку не допускают размагничивания.</li>
	<li>Цилиндрические магниты и размер ""H"" (только для формы A) могут быть уменьшены с сохранением прежней силы сцепления.</li>
	<li>Внимание! Цилиндрические магниты из самария-кобальта нельзя напрямую впрессовывать в железо, так как в результате магнитного замыкания возникнут потери силы сцепления.</li>
</ul></span>"
K0551 Магниты цилиндрические из самария-кобальта;https://alterv.ru/catalog/magnity_postoyannye/k0551_magnity_tsilindricheskie_iz_samariya_kobalta/;Kipp;Главная > Каталог > Промышленная фурнитура > Магниты постоянные > K0551 Магниты цилиндрические из самария-кобальта;https://alterv.ru/upload/iblock/c2a/k0551_magnity_cilindricheskie.jpg, https://alterv.ru/upload/iblock/1d4/k0551_magnity_cilindricheskiea.jpg, https://alterv.ru/upload/iblock/81f/k0551_magnity_cilindricheskieb.jpg;https://alterv.ru/upload/iblock/717/Z09067_K0551_nn_de_A.jpg, https://alterv.ru/upload/iblock/c2a/Z09067_K0551_nn_de_A.jpg, https://alterv.ru/upload/iblock/28d/Z09067_K0551_nn_de_B.jpg;"<h2><span style=""font-size: 13pt;"">Материалы:</span></h2>
<ul>
	<li>Корпус из латуни.</li>
	<li>Магнитный сердечник из самария-кобальта (SmCo).</li>
</ul>
<hr>
<h2><span style=""font-size: 13pt;"">Исполнение:</span></h2>
<ul>
	<li>Удерживающие экранированные магниты.</li>
	<li>Диаметр ""D"" шлифованный.</li>
</ul>
<hr>
<h2><span style=""font-size: 13pt;"">Указания по применению:</span></h2>
<ul>
	<li>Удерживающие магниты обладают только одной удерживающей поверхностью.</li>
	<li>Удерживающие магниты помогают ограничить воздействие магнитного поля, чтобы предотвратить нежелательное намагничивание всей детали, контактирующей с удерживающим магнитом, или других окружающих машинных элементов.</li>
	<li>Температура эксплуатации: до +200°C.</li>
	<li>Рекомендуется всегда содержать рабочую поверхность полюса в чистоте и регулярно очищать ее при необходимости.</li>
	<li>Удерживающие магниты из самария-кобальта хорошо подходят для применения в машинах точечной сварки, поскольку не допускают размагничивания.</li>
	<li>Цилиндрические магниты и размер ""H"" (только для формы A) могут быть уменьшены с сохранением прежней силы сцепления.</li>
	<li>Внимание! Цилиндрические магниты из самария-кобальта нельзя напрямую впрессовывать в железо, так как в результате магнитного замыкания возникнут потери силы сцепления.</li>
</ul>";K0551.08;13;20;6,12;Под заказ;1832,86;B;Со внутренней резьбой;;;;M4;7;2,5;;;;;;;;;;;;;;"<span style=""font-family: 'Open Sans', sans-serif""><h2><span style=""font-size: 13pt"">Материалы:</span></h2>
<ul>
	<li>Корпус из латуни.</li>
	<li>Магнитный сердечник из самария-кобальта (SmCo).</li>
</ul>
<hr>
<h2><span style=""font-size: 13pt"">Исполнение:</span></h2>
<ul>
	<li>Удерживающие экранированные магниты.</li>
	<li>Диаметр ""D"" шлифованный.</li>
</ul>
<hr>
<h2><span style=""font-size: 13pt"">Указания по применению:</span></h2>
<ul>
	<li>Удерживающие магниты обладают только одной удерживающей поверхностью.</li>
	<li>Удерживающие магниты помогают ограничить воздействие магнитного поля, чтобы предотвратить нежелательное намагничивание всей детали, контактирующей с удерживающим магнитом, или других окружающих машинных элементов.</li>
	<li>Температура эксплуатации: до +200°C.</li>
	<li>Рекомендуется всегда содержать рабочую поверхность полюса в чистоте и регулярно очищать ее при необходимости.</li>
	<li>Удерживающие магниты из самария-кобальта хорошо подходят для применения в машинах точечной сварки, поскольку не допускают размагничивания.</li>
	<li>Цилиндрические магниты и размер ""H"" (только для формы A) могут быть уменьшены с сохранением прежней силы сцепления.</li>
	<li>Внимание! Цилиндрические магниты из самария-кобальта нельзя напрямую впрессовывать в железо, так как в результате магнитного замыкания возникнут потери силы сцепления.</li>
</ul></span>"
K0551 Магниты цилиндрические из самария-кобальта;https://alterv.ru/catalog/magnity_postoyannye/k0551_magnity_tsilindricheskie_iz_samariya_kobalta/;Kipp;Главная > Каталог > Промышленная фурнитура > Магниты постоянные > K0551 Магниты цилиндрические из самария-кобальта;https://alterv.ru/upload/iblock/c2a/k0551_magnity_cilindricheskie.jpg, https://alterv.ru/upload/iblock/1d4/k0551_magnity_cilindricheskiea.jpg, https://alterv.ru/upload/iblock/81f/k0551_magnity_cilindricheskieb.jpg;https://alterv.ru/upload/iblock/717/Z09067_K0551_nn_de_A.jpg, https://alterv.ru/upload/iblock/c2a/Z09067_K0551_nn_de_A.jpg, https://alterv.ru/upload/iblock/28d/Z09067_K0551_nn_de_B.jpg;"<h2><span style=""font-size: 13pt;"">Материалы:</span></h2>
<ul>
	<li>Корпус из латуни.</li>
	<li>Магнитный сердечник из самария-кобальта (SmCo).</li>
</ul>
<hr>
<h2><span style=""font-size: 13pt;"">Исполнение:</span></h2>
<ul>
	<li>Удерживающие экранированные магниты.</li>
	<li>Диаметр ""D"" шлифованный.</li>
</ul>
<hr>
<h2><span style=""font-size: 13pt;"">Указания по применению:</span></h2>
<ul>
	<li>Удерживающие магниты обладают только одной удерживающей поверхностью.</li>
	<li>Удерживающие магниты помогают ограничить воздействие магнитного поля, чтобы предотвратить нежелательное намагничивание всей детали, контактирующей с удерживающим магнитом, или других окружающих машинных элементов.</li>
	<li>Температура эксплуатации: до +200°C.</li>
	<li>Рекомендуется всегда содержать рабочую поверхность полюса в чистоте и регулярно очищать ее при необходимости.</li>
	<li>Удерживающие магниты из самария-кобальта хорошо подходят для применения в машинах точечной сварки, поскольку не допускают размагничивания.</li>
	<li>Цилиндрические магниты и размер ""H"" (только для формы A) могут быть уменьшены с сохранением прежней силы сцепления.</li>
	<li>Внимание! Цилиндрические магниты из самария-кобальта нельзя напрямую впрессовывать в железо, так как в результате магнитного замыкания возникнут потери силы сцепления.</li>
</ul>";K0551.10;16;25;12,75;Под заказ;2508,59;B;Со внутренней резьбой;;;;M4;8;3;;;;;;;;;;;;;;"<span style=""font-family: 'Open Sans', sans-serif""><h2><span style=""font-size: 13pt"">Материалы:</span></h2>
<ul>
	<li>Корпус из латуни.</li>
	<li>Магнитный сердечник из самария-кобальта (SmCo).</li>
</ul>
<hr>
<h2><span style=""font-size: 13pt"">Исполнение:</span></h2>
<ul>
	<li>Удерживающие экранированные магниты.</li>
	<li>Диаметр ""D"" шлифованный.</li>
</ul>
<hr>
<h2><span style=""font-size: 13pt"">Указания по применению:</span></h2>
<ul>
	<li>Удерживающие магниты обладают только одной удерживающей поверхностью.</li>
	<li>Удерживающие магниты помогают ограничить воздействие магнитного поля, чтобы предотвратить нежелательное намагничивание всей детали, контактирующей с удерживающим магнитом, или других окружающих машинных элементов.</li>
	<li>Температура эксплуатации: до +200°C.</li>
	<li>Рекомендуется всегда содержать рабочую поверхность полюса в чистоте и регулярно очищать ее при необходимости.</li>
	<li>Удерживающие магниты из самария-кобальта хорошо подходят для применения в машинах точечной сварки, поскольку не допускают размагничивания.</li>
	<li>Цилиндрические магниты и размер ""H"" (только для формы A) могут быть уменьшены с сохранением прежней силы сцепления.</li>
	<li>Внимание! Цилиндрические магниты из самария-кобальта нельзя напрямую впрессовывать в железо, так как в результате магнитного замыкания возникнут потери силы сцепления.</li>
</ul></span>"
K0551 Магниты цилиндрические из самария-кобальта;https://alterv.ru/catalog/magnity_postoyannye/k0551_magnity_tsilindricheskie_iz_samariya_kobalta/;Kipp;Главная > Каталог > Промышленная фурнитура > Магниты постоянные > K0551 Магниты цилиндрические из самария-кобальта;https://alterv.ru/upload/iblock/c2a/k0551_magnity_cilindricheskie.jpg, https://alterv.ru/upload/iblock/1d4/k0551_magnity_cilindricheskiea.jpg, https://alterv.ru/upload/iblock/81f/k0551_magnity_cilindricheskieb.jpg;https://alterv.ru/upload/iblock/717/Z09067_K0551_nn_de_A.jpg, https://alterv.ru/upload/iblock/c2a/Z09067_K0551_nn_de_A.jpg, https://alterv.ru/upload/iblock/28d/Z09067_K0551_nn_de_B.jpg;"<h2><span style=""font-size: 13pt;"">Материалы:</span></h2>
<ul>
	<li>Корпус из латуни.</li>
	<li>Магнитный сердечник из самария-кобальта (SmCo).</li>
</ul>
<hr>
<h2><span style=""font-size: 13pt;"">Исполнение:</span></h2>
<ul>
	<li>Удерживающие экранированные магниты.</li>
	<li>Диаметр ""D"" шлифованный.</li>
</ul>
<hr>
<h2><span style=""font-size: 13pt;"">Указания по применению:</span></h2>
<ul>
	<li>Удерживающие магниты обладают только одной удерживающей поверхностью.</li>
	<li>Удерживающие магниты помогают ограничить воздействие магнитного поля, чтобы предотвратить нежелательное намагничивание всей детали, контактирующей с удерживающим магнитом, или других окружающих машинных элементов.</li>
	<li>Температура эксплуатации: до +200°C.</li>
	<li>Рекомендуется всегда содержать рабочую поверхность полюса в чистоте и регулярно очищать ее при необходимости.</li>
	<li>Удерживающие магниты из самария-кобальта хорошо подходят для применения в машинах точечной сварки, поскольку не допускают размагничивания.</li>
	<li>Цилиндрические магниты и размер ""H"" (только для формы A) могут быть уменьшены с сохранением прежней силы сцепления.</li>
	<li>Внимание! Цилиндрические магниты из самария-кобальта нельзя напрямую впрессовывать в железо, так как в результате магнитного замыкания возникнут потери силы сцепления.</li>
</ul>";K0551.12;20;25;25,49;Под заказ;3637,92;B;Со внутренней резьбой;;;;M6;6;4;;;;;;;;;;;;;;"<span style=""font-family: 'Open Sans', sans-serif""><h2><span style=""font-size: 13pt"">Материалы:</span></h2>
<ul>
	<li>Корпус из латуни.</li>
	<li>Магнитный сердечник из самария-кобальта (SmCo).</li>
</ul>
<hr>
<h2><span style=""font-size: 13pt"">Исполнение:</span></h2>
<ul>
	<li>Удерживающие экранированные магниты.</li>
	<li>Диаметр ""D"" шлифованный.</li>
</ul>
<hr>
<h2><span style=""font-size: 13pt"">Указания по применению:</span></h2>
<ul>
	<li>Удерживающие магниты обладают только одной удерживающей поверхностью.</li>
	<li>Удерживающие магниты помогают ограничить воздействие магнитного поля, чтобы предотвратить нежелательное намагничивание всей детали, контактирующей с удерживающим магнитом, или других окружающих машинных элементов.</li>
	<li>Температура эксплуатации: до +200°C.</li>
	<li>Рекомендуется всегда содержать рабочую поверхность полюса в чистоте и регулярно очищать ее при необходимости.</li>
	<li>Удерживающие магниты из самария-кобальта хорошо подходят для применения в машинах точечной сварки, поскольку не допускают размагничивания.</li>
	<li>Цилиндрические магниты и размер ""H"" (только для формы A) могут быть уменьшены с сохранением прежней силы сцепления.</li>
	<li>Внимание! Цилиндрические магниты из самария-кобальта нельзя напрямую впрессовывать в железо, так как в результате магнитного замыкания возникнут потери силы сцепления.</li>
</ul></span>"
K0551 Магниты цилиндрические из самария-кобальта;https://alterv.ru/catalog/magnity_postoyannye/k0551_magnity_tsilindricheskie_iz_samariya_kobalta/;Kipp;Главная > Каталог > Промышленная фурнитура > Магниты постоянные > K0551 Магниты цилиндрические из самария-кобальта;https://alterv.ru/upload/iblock/c2a/k0551_magnity_cilindricheskie.jpg, https://alterv.ru/upload/iblock/1d4/k0551_magnity_cilindricheskiea.jpg, https://alterv.ru/upload/iblock/81f/k0551_magnity_cilindricheskieb.jpg;https://alterv.ru/upload/iblock/717/Z09067_K0551_nn_de_A.jpg, https://alterv.ru/upload/iblock/c2a/Z09067_K0551_nn_de_A.jpg, https://alterv.ru/upload/iblock/28d/Z09067_K0551_nn_de_B.jpg;"<h2><span style=""font-size: 13pt;"">Материалы:</span></h2>
<ul>
	<li>Корпус из латуни.</li>
	<li>Магнитный сердечник из самария-кобальта (SmCo).</li>
</ul>
<hr>
<h2><span style=""font-size: 13pt;"">Исполнение:</span></h2>
<ul>
	<li>Удерживающие экранированные магниты.</li>
	<li>Диаметр ""D"" шлифованный.</li>
</ul>
<hr>
<h2><span style=""font-size: 13pt;"">Указания по применению:</span></h2>
<ul>
	<li>Удерживающие магниты обладают только одной удерживающей поверхностью.</li>
	<li>Удерживающие магниты помогают ограничить воздействие магнитного поля, чтобы предотвратить нежелательное намагничивание всей детали, контактирующей с удерживающим магнитом, или других окружающих машинных элементов.</li>
	<li>Температура эксплуатации: до +200°C.</li>
	<li>Рекомендуется всегда содержать рабочую поверхность полюса в чистоте и регулярно очищать ее при необходимости.</li>
	<li>Удерживающие магниты из самария-кобальта хорошо подходят для применения в машинах точечной сварки, поскольку не допускают размагничивания.</li>
	<li>Цилиндрические магниты и размер ""H"" (только для формы A) могут быть уменьшены с сохранением прежней силы сцепления.</li>
	<li>Внимание! Цилиндрические магниты из самария-кобальта нельзя напрямую впрессовывать в железо, так как в результате магнитного замыкания возникнут потери силы сцепления.</li>
</ul>";K0551.14;25;35;40,79;Под заказ;7572,06;B;Со внутренней резьбой;;;;M6;8;5;;;;;;;;;;;;;;"<span style=""font-family: 'Open Sans', sans-serif""><h2><span style=""font-size: 13pt"">Материалы:</span></h2>
<ul>
	<li>Корпус из латуни.</li>
	<li>Магнитный сердечник из самария-кобальта (SmCo).</li>
</ul>
<hr>
<h2><span style=""font-size: 13pt"">Исполнение:</span></h2>
<ul>
	<li>Удерживающие экранированные магниты.</li>
	<li>Диаметр ""D"" шлифованный.</li>
</ul>
<hr>
<h2><span style=""font-size: 13pt"">Указания по применению:</span></h2>
<ul>
	<li>Удерживающие магниты обладают только одной удерживающей поверхностью.</li>
	<li>Удерживающие магниты помогают ограничить воздействие магнитного поля, чтобы предотвратить нежелательное намагничивание всей детали, контактирующей с удерживающим магнитом, или других окружающих машинных элементов.</li>
	<li>Температура эксплуатации: до +200°C.</li>
	<li>Рекомендуется всегда содержать рабочую поверхность полюса в чистоте и регулярно очищать ее при необходимости.</li>
	<li>Удерживающие магниты из самария-кобальта хорошо подходят для применения в машинах точечной сварки, поскольку не допускают размагничивания.</li>
	<li>Цилиндрические магниты и размер ""H"" (только для формы A) могут быть уменьшены с сохранением прежней силы сцепления.</li>
	<li>Внимание! Цилиндрические магниты из самария-кобальта нельзя напрямую впрессовывать в железо, так как в результате магнитного замыкания возникнут потери силы сцепления.</li>
</ul></span>"
K0551 Магниты цилиндрические из самария-кобальта;https://alterv.ru/catalog/magnity_postoyannye/k0551_magnity_tsilindricheskie_iz_samariya_kobalta/;Kipp;Главная > Каталог > Промышленная фурнитура > Магниты постоянные > K0551 Магниты цилиндрические из самария-кобальта;https://alterv.ru/upload/iblock/c2a/k0551_magnity_cilindricheskie.jpg, https://alterv.ru/upload/iblock/1d4/k0551_magnity_cilindricheskiea.jpg, https://alterv.ru/upload/iblock/81f/k0551_magnity_cilindricheskieb.jpg;https://alterv.ru/upload/iblock/717/Z09067_K0551_nn_de_A.jpg, https://alterv.ru/upload/iblock/c2a/Z09067_K0551_nn_de_A.jpg, https://alterv.ru/upload/iblock/28d/Z09067_K0551_nn_de_B.jpg;"<h2><span style=""font-size: 13pt;"">Материалы:</span></h2>
<ul>
	<li>Корпус из латуни.</li>
	<li>Магнитный сердечник из самария-кобальта (SmCo).</li>
</ul>
<hr>
<h2><span style=""font-size: 13pt;"">Исполнение:</span></h2>
<ul>
	<li>Удерживающие экранированные магниты.</li>
	<li>Диаметр ""D"" шлифованный.</li>
</ul>
<hr>
<h2><span style=""font-size: 13pt;"">Указания по применению:</span></h2>
<ul>
	<li>Удерживающие магниты обладают только одной удерживающей поверхностью.</li>
	<li>Удерживающие магниты помогают ограничить воздействие магнитного поля, чтобы предотвратить нежелательное намагничивание всей детали, контактирующей с удерживающим магнитом, или других окружающих машинных элементов.</li>
	<li>Температура эксплуатации: до +200°C.</li>
	<li>Рекомендуется всегда содержать рабочую поверхность полюса в чистоте и регулярно очищать ее при необходимости.</li>
	<li>Удерживающие магниты из самария-кобальта хорошо подходят для применения в машинах точечной сварки, поскольку не допускают размагничивания.</li>
	<li>Цилиндрические магниты и размер ""H"" (только для формы A) могут быть уменьшены с сохранением прежней силы сцепления.</li>
	<li>Внимание! Цилиндрические магниты из самария-кобальта нельзя напрямую впрессовывать в железо, так как в результате магнитного замыкания возникнут потери силы сцепления.</li>
</ul>";K0551.16;32;40;61,18;Под заказ;13658,41;B;Со внутренней резьбой;;;;M6;6;6;;;;;;;;;;;;;;"<span style=""font-family: 'Open Sans', sans-serif""><h2><span style=""font-size: 13pt"">Материалы:</span></h2>
<ul>
	<li>Корпус из латуни.</li>
	<li>Магнитный сердечник из самария-кобальта (SmCo).</li>
</ul>
<hr>
<h2><span style=""font-size: 13pt"">Исполнение:</span></h2>
<ul>
	<li>Удерживающие экранированные магниты.</li>
	<li>Диаметр ""D"" шлифованный.</li>
</ul>
<hr>
<h2><span style=""font-size: 13pt"">Указания по применению:</span></h2>
<ul>
	<li>Удерживающие магниты обладают только одной удерживающей поверхностью.</li>
	<li>Удерживающие магниты помогают ограничить воздействие магнитного поля, чтобы предотвратить нежелательное намагничивание всей детали, контактирующей с удерживающим магнитом, или других окружающих машинных элементов.</li>
	<li>Температура эксплуатации: до +200°C.</li>
	<li>Рекомендуется всегда содержать рабочую поверхность полюса в чистоте и регулярно очищать ее при необходимости.</li>
	<li>Удерживающие магниты из самария-кобальта хорошо подходят для применения в машинах точечной сварки, поскольку не допускают размагничивания.</li>
	<li>Цилиндрические магниты и размер ""H"" (только для формы A) могут быть уменьшены с сохранением прежней силы сцепления.</li>
	<li>Внимание! Цилиндрические магниты из самария-кобальта нельзя напрямую впрессовывать в железо, так как в результате магнитного замыкания возникнут потери силы сцепления.</li>
</ul></span>"
K0552 Магниты со внутренней резьбой неодимовые;https://alterv.ru/catalog/magnity_postoyannye/k0552_magnity_so_vnutrenney_rezboy_neodimovye/;Kipp;Главная > Каталог > Промышленная фурнитура > Магниты постоянные > K0552 Магниты со внутренней резьбой неодимовые;https://alterv.ru/upload/iblock/a40/k0552_magnity.jpg;https://alterv.ru/upload/iblock/1cc/Z09068_nn_ru.jpg;"<h2><span style=""font-size: 13pt;"">Материалы:</span></h2>
<ul>
	<li>Корпус из стали.</li>
	<li>Магнитный сердечник из неодима (NdFeB).</li>
</ul>
<hr>
<h2><span style=""font-size: 13pt;"">Исполнение:</span></h2>
<ul>
	<li>Цилиндрические экранированные магниты.</li>
	<li>Сталь оцинкованная.</li>
	<li>Исполнение K0552.08 - система с 4 магнитами диаметром 18 мм каждый.</li>
</ul>
<hr>
<h2><span style=""font-size: 13pt;"">Указания по применению:</span></h2>
<ul>
	<li>Температура эксплуатации: до +80°C.</li>
	<li>Цилиндрические магниты из неодима хорошо подходят для установки в глухие отверстия стальные и железные конструкции при производстве машинного оборудования и в машиностроении.</li>
</ul>";K0552.01;8;12;1,22;5;879,41;;;;;;M3;5;;3;;;;;;;;;;;;;"<span style=""font-family: 'Open Sans', sans-serif""><h2><span style=""font-size: 13pt"">Материалы:</span></h2>
<ul>
	<li>Корпус из стали.</li>
	<li>Магнитный сердечник из неодима (NdFeB).</li>
</ul>
<hr>
<h2><span style=""font-size: 13pt"">Исполнение:</span></h2>
<ul>
	<li>Цилиндрические экранированные магниты.</li>
	<li>Сталь оцинкованная.</li>
	<li>Исполнение K0552.08 - система с 4 магнитами диаметром 18 мм каждый.</li>
</ul>
<hr>
<h2><span style=""font-size: 13pt"">Указания по применению:</span></h2>
<ul>
	<li>Температура эксплуатации: до +80°C.</li>
	<li>Цилиндрические магниты из неодима хорошо подходят для установки в глухие отверстия стальные и железные конструкции при производстве машинного оборудования и в машиностроении.</li>
</ul></span>"
K0552 Магниты со внутренней резьбой неодимовые;https://alterv.ru/catalog/magnity_postoyannye/k0552_magnity_so_vnutrenney_rezboy_neodimovye/;Kipp;Главная > Каталог > Промышленная фурнитура > Магниты постоянные > K0552 Магниты со внутренней резьбой неодимовые;https://alterv.ru/upload/iblock/a40/k0552_magnity.jpg;https://alterv.ru/upload/iblock/1cc/Z09068_nn_ru.jpg;"<h2><span style=""font-size: 13pt;"">Материалы:</span></h2>
<ul>
	<li>Корпус из стали.</li>
	<li>Магнитный сердечник из неодима (NdFeB).</li>
</ul>
<hr>
<h2><span style=""font-size: 13pt;"">Исполнение:</span></h2>
<ul>
	<li>Цилиндрические экранированные магниты.</li>
	<li>Сталь оцинкованная.</li>
	<li>Исполнение K0552.08 - система с 4 магнитами диаметром 18 мм каждый.</li>
</ul>
<hr>
<h2><span style=""font-size: 13pt;"">Указания по применению:</span></h2>
<ul>
	<li>Температура эксплуатации: до +80°C.</li>
	<li>Цилиндрические магниты из неодима хорошо подходят для установки в глухие отверстия стальные и железные конструкции при производстве машинного оборудования и в машиностроении.</li>
</ul>";K0552.02;10;16;2,45;Под заказ;1004,37;;;;;;M4;7;;7;;;;;;;;;;;;;"<span style=""font-family: 'Open Sans', sans-serif""><h2><span style=""font-size: 13pt"">Материалы:</span></h2>
<ul>
	<li>Корпус из стали.</li>
	<li>Магнитный сердечник из неодима (NdFeB).</li>
</ul>
<hr>
<h2><span style=""font-size: 13pt"">Исполнение:</span></h2>
<ul>
	<li>Цилиндрические экранированные магниты.</li>
	<li>Сталь оцинкованная.</li>
	<li>Исполнение K0552.08 - система с 4 магнитами диаметром 18 мм каждый.</li>
</ul>
<hr>
<h2><span style=""font-size: 13pt"">Указания по применению:</span></h2>
<ul>
	<li>Температура эксплуатации: до +80°C.</li>
	<li>Цилиндрические магниты из неодима хорошо подходят для установки в глухие отверстия стальные и железные конструкции при производстве машинного оборудования и в машиностроении.</li>
</ul></span>"
K0552 Магниты со внутренней резьбой неодимовые;https://alterv.ru/catalog/magnity_postoyannye/k0552_magnity_so_vnutrenney_rezboy_neodimovye/;Kipp;Главная > Каталог > Промышленная фурнитура > Магниты постоянные > K0552 Магниты со внутренней резьбой неодимовые;https://alterv.ru/upload/iblock/a40/k0552_magnity.jpg;https://alterv.ru/upload/iblock/1cc/Z09068_nn_ru.jpg;"<h2><span style=""font-size: 13pt;"">Материалы:</span></h2>
<ul>
	<li>Корпус из стали.</li>
	<li>Магнитный сердечник из неодима (NdFeB).</li>
</ul>
<hr>
<h2><span style=""font-size: 13pt;"">Исполнение:</span></h2>
<ul>
	<li>Цилиндрические экранированные магниты.</li>
	<li>Сталь оцинкованная.</li>
	<li>Исполнение K0552.08 - система с 4 магнитами диаметром 18 мм каждый.</li>
</ul>
<hr>
<h2><span style=""font-size: 13pt;"">Указания по применению:</span></h2>
<ul>
	<li>Температура эксплуатации: до +80°C.</li>
	<li>Цилиндрические магниты из неодима хорошо подходят для установки в глухие отверстия стальные и железные конструкции при производстве машинного оборудования и в машиностроении.</li>
</ul>";K0552.03;13;18;6,12;Под заказ;1147,85;;;;;;M4;7;;3;;;;;;;;;;;;;"<span style=""font-family: 'Open Sans', sans-serif""><h2><span style=""font-size: 13pt"">Материалы:</span></h2>
<ul>
	<li>Корпус из стали.</li>
	<li>Магнитный сердечник из неодима (NdFeB).</li>
</ul>
<hr>
<h2><span style=""font-size: 13pt"">Исполнение:</span></h2>
<ul>
	<li>Цилиндрические экранированные магниты.</li>
	<li>Сталь оцинкованная.</li>
	<li>Исполнение K0552.08 - система с 4 магнитами диаметром 18 мм каждый.</li>
</ul>
<hr>
<h2><span style=""font-size: 13pt"">Указания по применению:</span></h2>
<ul>
	<li>Температура эксплуатации: до +80°C.</li>
	<li>Цилиндрические магниты из неодима хорошо подходят для установки в глухие отверстия стальные и железные конструкции при производстве машинного оборудования и в машиностроении.</li>
</ul></span>"
K0552 Магниты со внутренней резьбой неодимовые;https://alterv.ru/catalog/magnity_postoyannye/k0552_magnity_so_vnutrenney_rezboy_neodimovye/;Kipp;Главная > Каталог > Промышленная фурнитура > Магниты постоянные > K0552 Магниты со внутренней резьбой неодимовые;https://alterv.ru/upload/iblock/a40/k0552_magnity.jpg;https://alterv.ru/upload/iblock/1cc/Z09068_nn_ru.jpg;"<h2><span style=""font-size: 13pt;"">Материалы:</span></h2>
<ul>
	<li>Корпус из стали.</li>
	<li>Магнитный сердечник из неодима (NdFeB).</li>
</ul>
<hr>
<h2><span style=""font-size: 13pt;"">Исполнение:</span></h2>
<ul>
	<li>Цилиндрические экранированные магниты.</li>
	<li>Сталь оцинкованная.</li>
	<li>Исполнение K0552.08 - система с 4 магнитами диаметром 18 мм каждый.</li>
</ul>
<hr>
<h2><span style=""font-size: 13pt;"">Указания по применению:</span></h2>
<ul>
	<li>Температура эксплуатации: до +80°C.</li>
	<li>Цилиндрические магниты из неодима хорошо подходят для установки в глухие отверстия стальные и железные конструкции при производстве машинного оборудования и в машиностроении.</li>
</ul>";K0552.04;16;20;9,18;3;1217,28;;;;;;M4;7;;6;;;;;;;;;;;;;"<span style=""font-family: 'Open Sans', sans-serif""><h2><span style=""font-size: 13pt"">Материалы:</span></h2>
<ul>
	<li>Корпус из стали.</li>
	<li>Магнитный сердечник из неодима (NdFeB).</li>
</ul>
<hr>
<h2><span style=""font-size: 13pt"">Исполнение:</span></h2>
<ul>
	<li>Цилиндрические экранированные магниты.</li>
	<li>Сталь оцинкованная.</li>
	<li>Исполнение K0552.08 - система с 4 магнитами диаметром 18 мм каждый.</li>
</ul>
<hr>
<h2><span style=""font-size: 13pt"">Указания по применению:</span></h2>
<ul>
	<li>Температура эксплуатации: до +80°C.</li>
	<li>Цилиндрические магниты из неодима хорошо подходят для установки в глухие отверстия стальные и железные конструкции при производстве машинного оборудования и в машиностроении.</li>
</ul></span>"
K0552 Магниты со внутренней резьбой неодимовые;https://alterv.ru/catalog/magnity_postoyannye/k0552_magnity_so_vnutrenney_rezboy_neodimovye/;Kipp;Главная > Каталог > Промышленная фурнитура > Магниты постоянные > K0552 Магниты со внутренней резьбой неодимовые;https://alterv.ru/upload/iblock/a40/k0552_magnity.jpg;https://alterv.ru/upload/iblock/1cc/Z09068_nn_ru.jpg;"<h2><span style=""font-size: 13pt;"">Материалы:</span></h2>
<ul>
	<li>Корпус из стали.</li>
	<li>Магнитный сердечник из неодима (NdFeB).</li>
</ul>
<hr>
<h2><span style=""font-size: 13pt;"">Исполнение:</span></h2>
<ul>
	<li>Цилиндрические экранированные магниты.</li>
	<li>Сталь оцинкованная.</li>
	<li>Исполнение K0552.08 - система с 4 магнитами диаметром 18 мм каждый.</li>
</ul>
<hr>
<h2><span style=""font-size: 13pt;"">Указания по применению:</span></h2>
<ul>
	<li>Температура эксплуатации: до +80°C.</li>
	<li>Цилиндрические магниты из неодима хорошо подходят для установки в глухие отверстия стальные и железные конструкции при производстве машинного оборудования и в машиностроении.</li>
</ul>";K0552.05;20;25;13,77;1;2105,92;;;;;;M5;9;;9;;;;;;;;;;;;;"<span style=""font-family: 'Open Sans', sans-serif""><h2><span style=""font-size: 13pt"">Материалы:</span></h2>
<ul>
	<li>Корпус из стали.</li>
	<li>Магнитный сердечник из неодима (NdFeB).</li>
</ul>
<hr>
<h2><span style=""font-size: 13pt"">Исполнение:</span></h2>
<ul>
	<li>Цилиндрические экранированные магниты.</li>
	<li>Сталь оцинкованная.</li>
	<li>Исполнение K0552.08 - система с 4 магнитами диаметром 18 мм каждый.</li>
</ul>
<hr>
<h2><span style=""font-size: 13pt"">Указания по применению:</span></h2>
<ul>
	<li>Температура эксплуатации: до +80°C.</li>
	<li>Цилиндрические магниты из неодима хорошо подходят для установки в глухие отверстия стальные и железные конструкции при производстве машинного оборудования и в машиностроении.</li>
</ul></span>"
K0552 Магниты со внутренней резьбой неодимовые;https://alterv.ru/catalog/magnity_postoyannye/k0552_magnity_so_vnutrenney_rezboy_neodimovye/;Kipp;Главная > Каталог > Промышленная фурнитура > Магниты постоянные > K0552 Магниты со внутренней резьбой неодимовые;https://alterv.ru/upload/iblock/a40/k0552_magnity.jpg;https://alterv.ru/upload/iblock/1cc/Z09068_nn_ru.jpg;"<h2><span style=""font-size: 13pt;"">Материалы:</span></h2>
<ul>
	<li>Корпус из стали.</li>
	<li>Магнитный сердечник из неодима (NdFeB).</li>
</ul>
<hr>
<h2><span style=""font-size: 13pt;"">Исполнение:</span></h2>
<ul>
	<li>Цилиндрические экранированные магниты.</li>
	<li>Сталь оцинкованная.</li>
	<li>Исполнение K0552.08 - система с 4 магнитами диаметром 18 мм каждый.</li>
</ul>
<hr>
<h2><span style=""font-size: 13pt;"">Указания по применению:</span></h2>
<ul>
	<li>Температура эксплуатации: до +80°C.</li>
	<li>Цилиндрические магниты из неодима хорошо подходят для установки в глухие отверстия стальные и железные конструкции при производстве машинного оборудования и в машиностроении.</li>
</ul>";K0552.06;25;30;19,37;Под заказ;4480,3;;;;;;M6;9;;10;;;;;;;;;;;;;"<span style=""font-family: 'Open Sans', sans-serif""><h2><span style=""font-size: 13pt"">Материалы:</span></h2>
<ul>
	<li>Корпус из стали.</li>
	<li>Магнитный сердечник из неодима (NdFeB).</li>
</ul>
<hr>
<h2><span style=""font-size: 13pt"">Исполнение:</span></h2>
<ul>
	<li>Цилиндрические экранированные магниты.</li>
	<li>Сталь оцинкованная.</li>
	<li>Исполнение K0552.08 - система с 4 магнитами диаметром 18 мм каждый.</li>
</ul>
<hr>
<h2><span style=""font-size: 13pt"">Указания по применению:</span></h2>
<ul>
	<li>Температура эксплуатации: до +80°C.</li>
	<li>Цилиндрические магниты из неодима хорошо подходят для установки в глухие отверстия стальные и железные конструкции при производстве машинного оборудования и в машиностроении.</li>
</ul></span>"
K0552 Магниты со внутренней резьбой неодимовые;https://alterv.ru/catalog/magnity_postoyannye/k0552_magnity_so_vnutrenney_rezboy_neodimovye/;Kipp;Главная > Каталог > Промышленная фурнитура > Магниты постоянные > K0552 Магниты со внутренней резьбой неодимовые;https://alterv.ru/upload/iblock/a40/k0552_magnity.jpg;https://alterv.ru/upload/iblock/1cc/Z09068_nn_ru.jpg;"<h2><span style=""font-size: 13pt;"">Материалы:</span></h2>
<ul>
	<li>Корпус из стали.</li>
	<li>Магнитный сердечник из неодима (NdFeB).</li>
</ul>
<hr>
<h2><span style=""font-size: 13pt;"">Исполнение:</span></h2>
<ul>
	<li>Цилиндрические экранированные магниты.</li>
	<li>Сталь оцинкованная.</li>
	<li>Исполнение K0552.08 - система с 4 магнитами диаметром 18 мм каждый.</li>
</ul>
<hr>
<h2><span style=""font-size: 13pt;"">Указания по применению:</span></h2>
<ul>
	<li>Температура эксплуатации: до +80°C.</li>
	<li>Цилиндрические магниты из неодима хорошо подходят для установки в глухие отверстия стальные и железные конструкции при производстве машинного оборудования и в машиностроении.</li>
</ul>";K0552.07;35;40;30,59;Под заказ;7761,82;;;;;;M8;13;;10;;;;;;;;;;;;;"<span style=""font-family: 'Open Sans', sans-serif""><h2><span style=""font-size: 13pt"">Материалы:</span></h2>
<ul>
	<li>Корпус из стали.</li>
	<li>Магнитный сердечник из неодима (NdFeB).</li>
</ul>
<hr>
<h2><span style=""font-size: 13pt"">Исполнение:</span></h2>
<ul>
	<li>Цилиндрические экранированные магниты.</li>
	<li>Сталь оцинкованная.</li>
	<li>Исполнение K0552.08 - система с 4 магнитами диаметром 18 мм каждый.</li>
</ul>
<hr>
<h2><span style=""font-size: 13pt"">Указания по применению:</span></h2>
<ul>
	<li>Температура эксплуатации: до +80°C.</li>
	<li>Цилиндрические магниты из неодима хорошо подходят для установки в глухие отверстия стальные и железные конструкции при производстве машинного оборудования и в машиностроении.</li>
</ul></span>"
K0552 Магниты со внутренней резьбой неодимовые;https://alterv.ru/catalog/magnity_postoyannye/k0552_magnity_so_vnutrenney_rezboy_neodimovye/;Kipp;Главная > Каталог > Промышленная фурнитура > Магниты постоянные > K0552 Магниты со внутренней резьбой неодимовые;https://alterv.ru/upload/iblock/a40/k0552_magnity.jpg;https://alterv.ru/upload/iblock/1cc/Z09068_nn_ru.jpg;"<h2><span style=""font-size: 13pt;"">Материалы:</span></h2>
<ul>
	<li>Корпус из стали.</li>
	<li>Магнитный сердечник из неодима (NdFeB).</li>
</ul>
<hr>
<h2><span style=""font-size: 13pt;"">Исполнение:</span></h2>
<ul>
	<li>Цилиндрические экранированные магниты.</li>
	<li>Сталь оцинкованная.</li>
	<li>Исполнение K0552.08 - система с 4 магнитами диаметром 18 мм каждый.</li>
</ul>
<hr>
<h2><span style=""font-size: 13pt;"">Указания по применению:</span></h2>
<ul>
	<li>Температура эксплуатации: до +80°C.</li>
	<li>Цилиндрические магниты из неодима хорошо подходят для установки в глухие отверстия стальные и железные конструкции при производстве машинного оборудования и в машиностроении.</li>
</ul>";K0552.08;50;50;56,08;Под заказ;15606,98;;;;;;M12;13;;13;;;;;;;;;;;;;"<span style=""font-family: 'Open Sans', sans-serif""><h2><span style=""font-size: 13pt"">Материалы:</span></h2>
<ul>
	<li>Корпус из стали.</li>
	<li>Магнитный сердечник из неодима (NdFeB).</li>
</ul>
<hr>
<h2><span style=""font-size: 13pt"">Исполнение:</span></h2>
<ul>
	<li>Цилиндрические экранированные магниты.</li>
	<li>Сталь оцинкованная.</li>
	<li>Исполнение K0552.08 - система с 4 магнитами диаметром 18 мм каждый.</li>
</ul>
<hr>
<h2><span style=""font-size: 13pt"">Указания по применению:</span></h2>
<ul>
	<li>Температура эксплуатации: до +80°C.</li>
	<li>Цилиндрические магниты из неодима хорошо подходят для установки в глухие отверстия стальные и железные конструкции при производстве машинного оборудования и в машиностроении.</li>
</ul></span>"
K0553 Магниты дисковые неодимовые экранированные;https://alterv.ru/catalog/magnity_postoyannye/k0553_magnity_diskovye_neodimovye_ekranirovannye/;Kipp;Главная > Каталог > Промышленная фурнитура > Магниты постоянные > K0553 Магниты дисковые неодимовые экранированные;https://alterv.ru/upload/iblock/98f/k0553_magnity_diskovye.jpg, https://alterv.ru/upload/iblock/6cd/k0553_magnity_diskovyea.jpg, https://alterv.ru/upload/iblock/2a3/k0553_magnity_diskovyeb.jpg, https://alterv.ru/upload/iblock/8ec/k0553_magnity_diskovyec.jpg;https://alterv.ru/upload/iblock/2f7/Z09069_nn_ru_www.jpg, https://alterv.ru/upload/iblock/019/Z09069_nn_ru_A.jpg, https://alterv.ru/upload/iblock/bdb/Z09069_nn_ru_B.jpg, https://alterv.ru/upload/iblock/8d5/Z09069_nn_ru_C.jpg;"<h2><span style=""font-size: 13pt;"">Материалы:</span></h2>
<ul>
	<li>Корпус из стали.</li>
	<li>Магнитный сердечник из неодима (NdFeB).</li>
</ul>
<hr>
<h2><span style=""font-size: 13pt;"">Исполнение:</span></h2>
<ul>
	<li>Сталь оцинкованная.</li>
</ul>
<hr>
<h2><span style=""font-size: 13pt;"">Указания по применению:</span></h2>
<ul>
	<li>Данные магниты хорошо подходят в качестве креплений (держателей).</li>
	<li>Температура эксплуатации: до +80°C.</li>
	<li>Неодим повышает силу сцепления в сравнении с самарием-кобальтом примерно на 10-20%.</li>
</ul>";K0553.01;6 ±0,15;4,5;0,51;Под заказ;402,67;A;Без резьбы;;;;;;;;;;;;;;;;;;;;"<span style=""font-family: 'Open Sans', sans-serif""><h2><span style=""font-size: 13pt"">Материалы:</span></h2>
<ul>
	<li>Корпус из стали.</li>
	<li>Магнитный сердечник из неодима (NdFeB).</li>
</ul>
<hr>
<h2><span style=""font-size: 13pt"">Исполнение:</span></h2>
<ul>
	<li>Сталь оцинкованная.</li>
</ul>
<hr>
<h2><span style=""font-size: 13pt"">Указания по применению:</span></h2>
<ul>
	<li>Данные магниты хорошо подходят в качестве креплений (держателей).</li>
	<li>Температура эксплуатации: до +80°C.</li>
	<li>Неодим повышает силу сцепления в сравнении с самарием-кобальтом примерно на 10-20%.</li>
</ul></span>"
K0553 Магниты дисковые неодимовые экранированные;https://alterv.ru/catalog/magnity_postoyannye/k0553_magnity_diskovye_neodimovye_ekranirovannye/;Kipp;Главная > Каталог > Промышленная фурнитура > Магниты постоянные > K0553 Магниты дисковые неодимовые экранированные;https://alterv.ru/upload/iblock/98f/k0553_magnity_diskovye.jpg, https://alterv.ru/upload/iblock/6cd/k0553_magnity_diskovyea.jpg, https://alterv.ru/upload/iblock/2a3/k0553_magnity_diskovyeb.jpg, https://alterv.ru/upload/iblock/8ec/k0553_magnity_diskovyec.jpg;https://alterv.ru/upload/iblock/2f7/Z09069_nn_ru_www.jpg, https://alterv.ru/upload/iblock/019/Z09069_nn_ru_A.jpg, https://alterv.ru/upload/iblock/bdb/Z09069_nn_ru_B.jpg, https://alterv.ru/upload/iblock/8d5/Z09069_nn_ru_C.jpg;"<h2><span style=""font-size: 13pt;"">Материалы:</span></h2>
<ul>
	<li>Корпус из стали.</li>
	<li>Магнитный сердечник из неодима (NdFeB).</li>
</ul>
<hr>
<h2><span style=""font-size: 13pt;"">Исполнение:</span></h2>
<ul>
	<li>Сталь оцинкованная.</li>
</ul>
<hr>
<h2><span style=""font-size: 13pt;"">Указания по применению:</span></h2>
<ul>
	<li>Данные магниты хорошо подходят в качестве креплений (держателей).</li>
	<li>Температура эксплуатации: до +80°C.</li>
	<li>Неодим повышает силу сцепления в сравнении с самарием-кобальтом примерно на 10-20%.</li>
</ul>";K0553.02;8 ±0,15;4,5;1,33;Под заказ;416,56;A;Без резьбы;;;;;;;;;;;;;;;;;;;;"<span style=""font-family: 'Open Sans', sans-serif""><h2><span style=""font-size: 13pt"">Материалы:</span></h2>
<ul>
	<li>Корпус из стали.</li>
	<li>Магнитный сердечник из неодима (NdFeB).</li>
</ul>
<hr>
<h2><span style=""font-size: 13pt"">Исполнение:</span></h2>
<ul>
	<li>Сталь оцинкованная.</li>
</ul>
<hr>
<h2><span style=""font-size: 13pt"">Указания по применению:</span></h2>
<ul>
	<li>Данные магниты хорошо подходят в качестве креплений (держателей).</li>
	<li>Температура эксплуатации: до +80°C.</li>
	<li>Неодим повышает силу сцепления в сравнении с самарием-кобальтом примерно на 10-20%.</li>
</ul></span>"
K0553 Магниты дисковые неодимовые экранированные;https://alterv.ru/catalog/magnity_postoyannye/k0553_magnity_diskovye_neodimovye_ekranirovannye/;Kipp;Главная > Каталог > Промышленная фурнитура > Магниты постоянные > K0553 Магниты дисковые неодимовые экранированные;https://alterv.ru/upload/iblock/98f/k0553_magnity_diskovye.jpg, https://alterv.ru/upload/iblock/6cd/k0553_magnity_diskovyea.jpg, https://alterv.ru/upload/iblock/2a3/k0553_magnity_diskovyeb.jpg, https://alterv.ru/upload/iblock/8ec/k0553_magnity_diskovyec.jpg;https://alterv.ru/upload/iblock/2f7/Z09069_nn_ru_www.jpg, https://alterv.ru/upload/iblock/019/Z09069_nn_ru_A.jpg, https://alterv.ru/upload/iblock/bdb/Z09069_nn_ru_B.jpg, https://alterv.ru/upload/iblock/8d5/Z09069_nn_ru_C.jpg;"<h2><span style=""font-size: 13pt;"">Материалы:</span></h2>
<ul>
	<li>Корпус из стали.</li>
	<li>Магнитный сердечник из неодима (NdFeB).</li>
</ul>
<hr>
<h2><span style=""font-size: 13pt;"">Исполнение:</span></h2>
<ul>
	<li>Сталь оцинкованная.</li>
</ul>
<hr>
<h2><span style=""font-size: 13pt;"">Указания по применению:</span></h2>
<ul>
	<li>Данные магниты хорошо подходят в качестве креплений (держателей).</li>
	<li>Температура эксплуатации: до +80°C.</li>
	<li>Неодим повышает силу сцепления в сравнении с самарием-кобальтом примерно на 10-20%.</li>
</ul>";K0553.03;10 ±0,15;4,5;2,55;Под заказ;490,62;A;Без резьбы;;;;;;;;;;;;;;;;;;;;"<span style=""font-family: 'Open Sans', sans-serif""><h2><span style=""font-size: 13pt"">Материалы:</span></h2>
<ul>
	<li>Корпус из стали.</li>
	<li>Магнитный сердечник из неодима (NdFeB).</li>
</ul>
<hr>
<h2><span style=""font-size: 13pt"">Исполнение:</span></h2>
<ul>
	<li>Сталь оцинкованная.</li>
</ul>
<hr>
<h2><span style=""font-size: 13pt"">Указания по применению:</span></h2>
<ul>
	<li>Данные магниты хорошо подходят в качестве креплений (держателей).</li>
	<li>Температура эксплуатации: до +80°C.</li>
	<li>Неодим повышает силу сцепления в сравнении с самарием-кобальтом примерно на 10-20%.</li>
</ul></span>"
K0553 Магниты дисковые неодимовые экранированные;https://alterv.ru/catalog/magnity_postoyannye/k0553_magnity_diskovye_neodimovye_ekranirovannye/;Kipp;Главная > Каталог > Промышленная фурнитура > Магниты постоянные > K0553 Магниты дисковые неодимовые экранированные;https://alterv.ru/upload/iblock/98f/k0553_magnity_diskovye.jpg, https://alterv.ru/upload/iblock/6cd/k0553_magnity_diskovyea.jpg, https://alterv.ru/upload/iblock/2a3/k0553_magnity_diskovyeb.jpg, https://alterv.ru/upload/iblock/8ec/k0553_magnity_diskovyec.jpg;https://alterv.ru/upload/iblock/2f7/Z09069_nn_ru_www.jpg, https://alterv.ru/upload/iblock/019/Z09069_nn_ru_A.jpg, https://alterv.ru/upload/iblock/bdb/Z09069_nn_ru_B.jpg, https://alterv.ru/upload/iblock/8d5/Z09069_nn_ru_C.jpg;"<h2><span style=""font-size: 13pt;"">Материалы:</span></h2>
<ul>
	<li>Корпус из стали.</li>
	<li>Магнитный сердечник из неодима (NdFeB).</li>
</ul>
<hr>
<h2><span style=""font-size: 13pt;"">Исполнение:</span></h2>
<ul>
	<li>Сталь оцинкованная.</li>
</ul>
<hr>
<h2><span style=""font-size: 13pt;"">Указания по применению:</span></h2>
<ul>
	<li>Данные магниты хорошо подходят в качестве креплений (держателей).</li>
	<li>Температура эксплуатации: до +80°C.</li>
	<li>Неодим повышает силу сцепления в сравнении с самарием-кобальтом примерно на 10-20%.</li>
</ul>";K0553.04;13 ±0,15;4,5;6,12;Под заказ;504,5;A;Без резьбы;;;;;;;;;;;;;;;;;;;;"<span style=""font-family: 'Open Sans', sans-serif""><h2><span style=""font-size: 13pt"">Материалы:</span></h2>
<ul>
	<li>Корпус из стали.</li>
	<li>Магнитный сердечник из неодима (NdFeB).</li>
</ul>
<hr>
<h2><span style=""font-size: 13pt"">Исполнение:</span></h2>
<ul>
	<li>Сталь оцинкованная.</li>
</ul>
<hr>
<h2><span style=""font-size: 13pt"">Указания по применению:</span></h2>
<ul>
	<li>Данные магниты хорошо подходят в качестве креплений (держателей).</li>
	<li>Температура эксплуатации: до +80°C.</li>
	<li>Неодим повышает силу сцепления в сравнении с самарием-кобальтом примерно на 10-20%.</li>
</ul></span>"
K0553 Магниты дисковые неодимовые экранированные;https://alterv.ru/catalog/magnity_postoyannye/k0553_magnity_diskovye_neodimovye_ekranirovannye/;Kipp;Главная > Каталог > Промышленная фурнитура > Магниты постоянные > K0553 Магниты дисковые неодимовые экранированные;https://alterv.ru/upload/iblock/98f/k0553_magnity_diskovye.jpg, https://alterv.ru/upload/iblock/6cd/k0553_magnity_diskovyea.jpg, https://alterv.ru/upload/iblock/2a3/k0553_magnity_diskovyeb.jpg, https://alterv.ru/upload/iblock/8ec/k0553_magnity_diskovyec.jpg;https://alterv.ru/upload/iblock/2f7/Z09069_nn_ru_www.jpg, https://alterv.ru/upload/iblock/019/Z09069_nn_ru_A.jpg, https://alterv.ru/upload/iblock/bdb/Z09069_nn_ru_B.jpg, https://alterv.ru/upload/iblock/8d5/Z09069_nn_ru_C.jpg;"<h2><span style=""font-size: 13pt;"">Материалы:</span></h2>
<ul>
	<li>Корпус из стали.</li>
	<li>Магнитный сердечник из неодима (NdFeB).</li>
</ul>
<hr>
<h2><span style=""font-size: 13pt;"">Исполнение:</span></h2>
<ul>
	<li>Сталь оцинкованная.</li>
</ul>
<hr>
<h2><span style=""font-size: 13pt;"">Указания по применению:</span></h2>
<ul>
	<li>Данные магниты хорошо подходят в качестве креплений (держателей).</li>
	<li>Температура эксплуатации: до +80°C.</li>
	<li>Неодим повышает силу сцепления в сравнении с самарием-кобальтом примерно на 10-20%.</li>
</ul>";K0553.05;16 ±0,15;4,5;9,69;Под заказ;601,7;A;Без резьбы;;;;;;;;;;;;;;;;;;;;"<span style=""font-family: 'Open Sans', sans-serif""><h2><span style=""font-size: 13pt"">Материалы:</span></h2>
<ul>
	<li>Корпус из стали.</li>
	<li>Магнитный сердечник из неодима (NdFeB).</li>
</ul>
<hr>
<h2><span style=""font-size: 13pt"">Исполнение:</span></h2>
<ul>
	<li>Сталь оцинкованная.</li>
</ul>
<hr>
<h2><span style=""font-size: 13pt"">Указания по применению:</span></h2>
<ul>
	<li>Данные магниты хорошо подходят в качестве креплений (держателей).</li>
	<li>Температура эксплуатации: до +80°C.</li>
	<li>Неодим повышает силу сцепления в сравнении с самарием-кобальтом примерно на 10-20%.</li>
</ul></span>"
K0553 Магниты дисковые неодимовые экранированные;https://alterv.ru/catalog/magnity_postoyannye/k0553_magnity_diskovye_neodimovye_ekranirovannye/;Kipp;Главная > Каталог > Промышленная фурнитура > Магниты постоянные > K0553 Магниты дисковые неодимовые экранированные;https://alterv.ru/upload/iblock/98f/k0553_magnity_diskovye.jpg, https://alterv.ru/upload/iblock/6cd/k0553_magnity_diskovyea.jpg, https://alterv.ru/upload/iblock/2a3/k0553_magnity_diskovyeb.jpg, https://alterv.ru/upload/iblock/8ec/k0553_magnity_diskovyec.jpg;https://alterv.ru/upload/iblock/2f7/Z09069_nn_ru_www.jpg, https://alterv.ru/upload/iblock/019/Z09069_nn_ru_A.jpg, https://alterv.ru/upload/iblock/bdb/Z09069_nn_ru_B.jpg, https://alterv.ru/upload/iblock/8d5/Z09069_nn_ru_C.jpg;"<h2><span style=""font-size: 13pt;"">Материалы:</span></h2>
<ul>
	<li>Корпус из стали.</li>
	<li>Магнитный сердечник из неодима (NdFeB).</li>
</ul>
<hr>
<h2><span style=""font-size: 13pt;"">Исполнение:</span></h2>
<ul>
	<li>Сталь оцинкованная.</li>
</ul>
<hr>
<h2><span style=""font-size: 13pt;"">Указания по применению:</span></h2>
<ul>
	<li>Данные магниты хорошо подходят в качестве креплений (держателей).</li>
	<li>Температура эксплуатации: до +80°C.</li>
	<li>Неодим повышает силу сцепления в сравнении с самарием-кобальтом примерно на 10-20%.</li>
</ul>";K0553.06;20 ±0,15;6;14,28;Под заказ;902,53;A;Без резьбы;;;;;;;;;;;;;;;;;;;;"<span style=""font-family: 'Open Sans', sans-serif""><h2><span style=""font-size: 13pt"">Материалы:</span></h2>
<ul>
	<li>Корпус из стали.</li>
	<li>Магнитный сердечник из неодима (NdFeB).</li>
</ul>
<hr>
<h2><span style=""font-size: 13pt"">Исполнение:</span></h2>
<ul>
	<li>Сталь оцинкованная.</li>
</ul>
<hr>
<h2><span style=""font-size: 13pt"">Указания по применению:</span></h2>
<ul>
	<li>Данные магниты хорошо подходят в качестве креплений (держателей).</li>
	<li>Температура эксплуатации: до +80°C.</li>
	<li>Неодим повышает силу сцепления в сравнении с самарием-кобальтом примерно на 10-20%.</li>
</ul></span>"
K0553 Магниты дисковые неодимовые экранированные;https://alterv.ru/catalog/magnity_postoyannye/k0553_magnity_diskovye_neodimovye_ekranirovannye/;Kipp;Главная > Каталог > Промышленная фурнитура > Магниты постоянные > K0553 Магниты дисковые неодимовые экранированные;https://alterv.ru/upload/iblock/98f/k0553_magnity_diskovye.jpg, https://alterv.ru/upload/iblock/6cd/k0553_magnity_diskovyea.jpg, https://alterv.ru/upload/iblock/2a3/k0553_magnity_diskovyeb.jpg, https://alterv.ru/upload/iblock/8ec/k0553_magnity_diskovyec.jpg;https://alterv.ru/upload/iblock/2f7/Z09069_nn_ru_www.jpg, https://alterv.ru/upload/iblock/019/Z09069_nn_ru_A.jpg, https://alterv.ru/upload/iblock/bdb/Z09069_nn_ru_B.jpg, https://alterv.ru/upload/iblock/8d5/Z09069_nn_ru_C.jpg;"<h2><span style=""font-size: 13pt;"">Материалы:</span></h2>
<ul>
	<li>Корпус из стали.</li>
	<li>Магнитный сердечник из неодима (NdFeB).</li>
</ul>
<hr>
<h2><span style=""font-size: 13pt;"">Исполнение:</span></h2>
<ul>
	<li>Сталь оцинкованная.</li>
</ul>
<hr>
<h2><span style=""font-size: 13pt;"">Указания по применению:</span></h2>
<ul>
	<li>Данные магниты хорошо подходят в качестве креплений (держателей).</li>
	<li>Температура эксплуатации: до +80°C.</li>
	<li>Неодим повышает силу сцепления в сравнении с самарием-кобальтом примерно на 10-20%.</li>
</ul>";K0553.07;25 ±0,15;7;20,39;Под заказ;1351,5;A;Без резьбы;;;;;;;;;;;;;;;;;;;;"<span style=""font-family: 'Open Sans', sans-serif""><h2><span style=""font-size: 13pt"">Материалы:</span></h2>
<ul>
	<li>Корпус из стали.</li>
	<li>Магнитный сердечник из неодима (NdFeB).</li>
</ul>
<hr>
<h2><span style=""font-size: 13pt"">Исполнение:</span></h2>
<ul>
	<li>Сталь оцинкованная.</li>
</ul>
<hr>
<h2><span style=""font-size: 13pt"">Указания по применению:</span></h2>
<ul>
	<li>Данные магниты хорошо подходят в качестве креплений (держателей).</li>
	<li>Температура эксплуатации: до +80°C.</li>
	<li>Неодим повышает силу сцепления в сравнении с самарием-кобальтом примерно на 10-20%.</li>
</ul></span>"
K0553 Магниты дисковые неодимовые экранированные;https://alterv.ru/catalog/magnity_postoyannye/k0553_magnity_diskovye_neodimovye_ekranirovannye/;Kipp;Главная > Каталог > Промышленная фурнитура > Магниты постоянные > K0553 Магниты дисковые неодимовые экранированные;https://alterv.ru/upload/iblock/98f/k0553_magnity_diskovye.jpg, https://alterv.ru/upload/iblock/6cd/k0553_magnity_diskovyea.jpg, https://alterv.ru/upload/iblock/2a3/k0553_magnity_diskovyeb.jpg, https://alterv.ru/upload/iblock/8ec/k0553_magnity_diskovyec.jpg;https://alterv.ru/upload/iblock/2f7/Z09069_nn_ru_www.jpg, https://alterv.ru/upload/iblock/019/Z09069_nn_ru_A.jpg, https://alterv.ru/upload/iblock/bdb/Z09069_nn_ru_B.jpg, https://alterv.ru/upload/iblock/8d5/Z09069_nn_ru_C.jpg;"<h2><span style=""font-size: 13pt;"">Материалы:</span></h2>
<ul>
	<li>Корпус из стали.</li>
	<li>Магнитный сердечник из неодима (NdFeB).</li>
</ul>
<hr>
<h2><span style=""font-size: 13pt;"">Исполнение:</span></h2>
<ul>
	<li>Сталь оцинкованная.</li>
</ul>
<hr>
<h2><span style=""font-size: 13pt;"">Указания по применению:</span></h2>
<ul>
	<li>Данные магниты хорошо подходят в качестве креплений (держателей).</li>
	<li>Температура эксплуатации: до +80°C.</li>
	<li>Неодим повышает силу сцепления в сравнении с самарием-кобальтом примерно на 10-20%.</li>
</ul>";K0553.08;32 ±0,2;7;35,69;Под заказ;2119,8;A;Без резьбы;;;;;;;;;;;;;;;;;;;;"<span style=""font-family: 'Open Sans', sans-serif""><h2><span style=""font-size: 13pt"">Материалы:</span></h2>
<ul>
	<li>Корпус из стали.</li>
	<li>Магнитный сердечник из неодима (NdFeB).</li>
</ul>
<hr>
<h2><span style=""font-size: 13pt"">Исполнение:</span></h2>
<ul>
	<li>Сталь оцинкованная.</li>
</ul>
<hr>
<h2><span style=""font-size: 13pt"">Указания по применению:</span></h2>
<ul>
	<li>Данные магниты хорошо подходят в качестве креплений (держателей).</li>
	<li>Температура эксплуатации: до +80°C.</li>
	<li>Неодим повышает силу сцепления в сравнении с самарием-кобальтом примерно на 10-20%.</li>
</ul></span>"
K0553 Магниты дисковые неодимовые экранированные;https://alterv.ru/catalog/magnity_postoyannye/k0553_magnity_diskovye_neodimovye_ekranirovannye/;Kipp;Главная > Каталог > Промышленная фурнитура > Магниты постоянные > K0553 Магниты дисковые неодимовые экранированные;https://alterv.ru/upload/iblock/98f/k0553_magnity_diskovye.jpg, https://alterv.ru/upload/iblock/6cd/k0553_magnity_diskovyea.jpg, https://alterv.ru/upload/iblock/2a3/k0553_magnity_diskovyeb.jpg, https://alterv.ru/upload/iblock/8ec/k0553_magnity_diskovyec.jpg;https://alterv.ru/upload/iblock/2f7/Z09069_nn_ru_www.jpg, https://alterv.ru/upload/iblock/019/Z09069_nn_ru_A.jpg, https://alterv.ru/upload/iblock/bdb/Z09069_nn_ru_B.jpg, https://alterv.ru/upload/iblock/8d5/Z09069_nn_ru_C.jpg;"<h2><span style=""font-size: 13pt;"">Материалы:</span></h2>
<ul>
	<li>Корпус из стали.</li>
	<li>Магнитный сердечник из неодима (NdFeB).</li>
</ul>
<hr>
<h2><span style=""font-size: 13pt;"">Исполнение:</span></h2>
<ul>
	<li>Сталь оцинкованная.</li>
</ul>
<hr>
<h2><span style=""font-size: 13pt;"">Указания по применению:</span></h2>
<ul>
	<li>Данные магниты хорошо подходят в качестве креплений (держателей).</li>
	<li>Температура эксплуатации: до +80°C.</li>
	<li>Неодим повышает силу сцепления в сравнении с самарием-кобальтом примерно на 10-20%.</li>
</ul>";K0553.11;6 ±0,15;4,5;0,51;Под заказ;504,5;B;Со втулкой со внутренней резьбой;M3;11,5;;6;6;;;;;;;;;;;;;;;"<span style=""font-family: 'Open Sans', sans-serif""><h2><span style=""font-size: 13pt"">Материалы:</span></h2>
<ul>
	<li>Корпус из стали.</li>
	<li>Магнитный сердечник из неодима (NdFeB).</li>
</ul>
<hr>
<h2><span style=""font-size: 13pt"">Исполнение:</span></h2>
<ul>
	<li>Сталь оцинкованная.</li>
</ul>
<hr>
<h2><span style=""font-size: 13pt"">Указания по применению:</span></h2>
<ul>
	<li>Данные магниты хорошо подходят в качестве креплений (держателей).</li>
	<li>Температура эксплуатации: до +80°C.</li>
	<li>Неодим повышает силу сцепления в сравнении с самарием-кобальтом примерно на 10-20%.</li>
</ul></span>"
K0553 Магниты дисковые неодимовые экранированные;https://alterv.ru/catalog/magnity_postoyannye/k0553_magnity_diskovye_neodimovye_ekranirovannye/;Kipp;Главная > Каталог > Промышленная фурнитура > Магниты постоянные > K0553 Магниты дисковые неодимовые экранированные;https://alterv.ru/upload/iblock/98f/k0553_magnity_diskovye.jpg, https://alterv.ru/upload/iblock/6cd/k0553_magnity_diskovyea.jpg, https://alterv.ru/upload/iblock/2a3/k0553_magnity_diskovyeb.jpg, https://alterv.ru/upload/iblock/8ec/k0553_magnity_diskovyec.jpg;https://alterv.ru/upload/iblock/2f7/Z09069_nn_ru_www.jpg, https://alterv.ru/upload/iblock/019/Z09069_nn_ru_A.jpg, https://alterv.ru/upload/iblock/bdb/Z09069_nn_ru_B.jpg, https://alterv.ru/upload/iblock/8d5/Z09069_nn_ru_C.jpg;"<h2><span style=""font-size: 13pt;"">Материалы:</span></h2>
<ul>
	<li>Корпус из стали.</li>
	<li>Магнитный сердечник из неодима (NdFeB).</li>
</ul>
<hr>
<h2><span style=""font-size: 13pt;"">Исполнение:</span></h2>
<ul>
	<li>Сталь оцинкованная.</li>
</ul>
<hr>
<h2><span style=""font-size: 13pt;"">Указания по применению:</span></h2>
<ul>
	<li>Данные магниты хорошо подходят в качестве креплений (держателей).</li>
	<li>Температура эксплуатации: до +80°C.</li>
	<li>Неодим повышает силу сцепления в сравнении с самарием-кобальтом примерно на 10-20%.</li>
</ul>";K0553.12;8 ±0,15;4,5;1,33;Под заказ;518,38;B;Со втулкой со внутренней резьбой;M3;11,5;;6;7;;;;;;;;;;;;;;;"<span style=""font-family: 'Open Sans', sans-serif""><h2><span style=""font-size: 13pt"">Материалы:</span></h2>
<ul>
	<li>Корпус из стали.</li>
	<li>Магнитный сердечник из неодима (NdFeB).</li>
</ul>
<hr>
<h2><span style=""font-size: 13pt"">Исполнение:</span></h2>
<ul>
	<li>Сталь оцинкованная.</li>
</ul>
<hr>
<h2><span style=""font-size: 13pt"">Указания по применению:</span></h2>
<ul>
	<li>Данные магниты хорошо подходят в качестве креплений (держателей).</li>
	<li>Температура эксплуатации: до +80°C.</li>
	<li>Неодим повышает силу сцепления в сравнении с самарием-кобальтом примерно на 10-20%.</li>
</ul></span>"
K0553 Магниты дисковые неодимовые экранированные;https://alterv.ru/catalog/magnity_postoyannye/k0553_magnity_diskovye_neodimovye_ekranirovannye/;Kipp;Главная > Каталог > Промышленная фурнитура > Магниты постоянные > K0553 Магниты дисковые неодимовые экранированные;https://alterv.ru/upload/iblock/98f/k0553_magnity_diskovye.jpg, https://alterv.ru/upload/iblock/6cd/k0553_magnity_diskovyea.jpg, https://alterv.ru/upload/iblock/2a3/k0553_magnity_diskovyeb.jpg, https://alterv.ru/upload/iblock/8ec/k0553_magnity_diskovyec.jpg;https://alterv.ru/upload/iblock/2f7/Z09069_nn_ru_www.jpg, https://alterv.ru/upload/iblock/019/Z09069_nn_ru_A.jpg, https://alterv.ru/upload/iblock/bdb/Z09069_nn_ru_B.jpg, https://alterv.ru/upload/iblock/8d5/Z09069_nn_ru_C.jpg;"<h2><span style=""font-size: 13pt;"">Материалы:</span></h2>
<ul>
	<li>Корпус из стали.</li>
	<li>Магнитный сердечник из неодима (NdFeB).</li>
</ul>
<hr>
<h2><span style=""font-size: 13pt;"">Исполнение:</span></h2>
<ul>
	<li>Сталь оцинкованная.</li>
</ul>
<hr>
<h2><span style=""font-size: 13pt;"">Указания по применению:</span></h2>
<ul>
	<li>Данные магниты хорошо подходят в качестве креплений (держателей).</li>
	<li>Температура эксплуатации: до +80°C.</li>
	<li>Неодим повышает силу сцепления в сравнении с самарием-кобальтом примерно на 10-20%.</li>
</ul>";K0553.13;10 ±0,15;4,5;2,55;Под заказ;597,05;B;Со втулкой со внутренней резьбой;M3;11,5;;6;7;;;;;;;;;;;;;;;"<span style=""font-family: 'Open Sans', sans-serif""><h2><span style=""font-size: 13pt"">Материалы:</span></h2>
<ul>
	<li>Корпус из стали.</li>
	<li>Магнитный сердечник из неодима (NdFeB).</li>
</ul>
<hr>
<h2><span style=""font-size: 13pt"">Исполнение:</span></h2>
<ul>
	<li>Сталь оцинкованная.</li>
</ul>
<hr>
<h2><span style=""font-size: 13pt"">Указания по применению:</span></h2>
<ul>
	<li>Данные магниты хорошо подходят в качестве креплений (держателей).</li>
	<li>Температура эксплуатации: до +80°C.</li>
	<li>Неодим повышает силу сцепления в сравнении с самарием-кобальтом примерно на 10-20%.</li>
</ul></span>"
K0553 Магниты дисковые неодимовые экранированные;https://alterv.ru/catalog/magnity_postoyannye/k0553_magnity_diskovye_neodimovye_ekranirovannye/;Kipp;Главная > Каталог > Промышленная фурнитура > Магниты постоянные > K0553 Магниты дисковые неодимовые экранированные;https://alterv.ru/upload/iblock/98f/k0553_magnity_diskovye.jpg, https://alterv.ru/upload/iblock/6cd/k0553_magnity_diskovyea.jpg, https://alterv.ru/upload/iblock/2a3/k0553_magnity_diskovyeb.jpg, https://alterv.ru/upload/iblock/8ec/k0553_magnity_diskovyec.jpg;https://alterv.ru/upload/iblock/2f7/Z09069_nn_ru_www.jpg, https://alterv.ru/upload/iblock/019/Z09069_nn_ru_A.jpg, https://alterv.ru/upload/iblock/bdb/Z09069_nn_ru_B.jpg, https://alterv.ru/upload/iblock/8d5/Z09069_nn_ru_C.jpg;"<h2><span style=""font-size: 13pt;"">Материалы:</span></h2>
<ul>
	<li>Корпус из стали.</li>
	<li>Магнитный сердечник из неодима (NdFeB).</li>
</ul>
<hr>
<h2><span style=""font-size: 13pt;"">Исполнение:</span></h2>
<ul>
	<li>Сталь оцинкованная.</li>
</ul>
<hr>
<h2><span style=""font-size: 13pt;"">Указания по применению:</span></h2>
<ul>
	<li>Данные магниты хорошо подходят в качестве креплений (держателей).</li>
	<li>Температура эксплуатации: до +80°C.</li>
	<li>Неодим повышает силу сцепления в сравнении с самарием-кобальтом примерно на 10-20%.</li>
</ul>";K0553.14;13 ±0,15;4,5;6,12;Под заказ;624,83;B;Со втулкой со внутренней резьбой;M3;11,5;;6;6;;;;;;;;;;;;;;;"<span style=""font-family: 'Open Sans', sans-serif""><h2><span style=""font-size: 13pt"">Материалы:</span></h2>
<ul>
	<li>Корпус из стали.</li>
	<li>Магнитный сердечник из неодима (NdFeB).</li>
</ul>
<hr>
<h2><span style=""font-size: 13pt"">Исполнение:</span></h2>
<ul>
	<li>Сталь оцинкованная.</li>
</ul>
<hr>
<h2><span style=""font-size: 13pt"">Указания по применению:</span></h2>
<ul>
	<li>Данные магниты хорошо подходят в качестве креплений (держателей).</li>
	<li>Температура эксплуатации: до +80°C.</li>
	<li>Неодим повышает силу сцепления в сравнении с самарием-кобальтом примерно на 10-20%.</li>
</ul></span>"
K0553 Магниты дисковые неодимовые экранированные;https://alterv.ru/catalog/magnity_postoyannye/k0553_magnity_diskovye_neodimovye_ekranirovannye/;Kipp;Главная > Каталог > Промышленная фурнитура > Магниты постоянные > K0553 Магниты дисковые неодимовые экранированные;https://alterv.ru/upload/iblock/98f/k0553_magnity_diskovye.jpg, https://alterv.ru/upload/iblock/6cd/k0553_magnity_diskovyea.jpg, https://alterv.ru/upload/iblock/2a3/k0553_magnity_diskovyeb.jpg, https://alterv.ru/upload/iblock/8ec/k0553_magnity_diskovyec.jpg;https://alterv.ru/upload/iblock/2f7/Z09069_nn_ru_www.jpg, https://alterv.ru/upload/iblock/019/Z09069_nn_ru_A.jpg, https://alterv.ru/upload/iblock/bdb/Z09069_nn_ru_B.jpg, https://alterv.ru/upload/iblock/8d5/Z09069_nn_ru_C.jpg;"<h2><span style=""font-size: 13pt;"">Материалы:</span></h2>
<ul>
	<li>Корпус из стали.</li>
	<li>Магнитный сердечник из неодима (NdFeB).</li>
</ul>
<hr>
<h2><span style=""font-size: 13pt;"">Исполнение:</span></h2>
<ul>
	<li>Сталь оцинкованная.</li>
</ul>
<hr>
<h2><span style=""font-size: 13pt;"">Указания по применению:</span></h2>
<ul>
	<li>Данные магниты хорошо подходят в качестве креплений (держателей).</li>
	<li>Температура эксплуатации: до +80°C.</li>
	<li>Неодим повышает силу сцепления в сравнении с самарием-кобальтом примерно на 10-20%.</li>
</ul>";K0553.15;16 ±0,15;4,5;9,69;Под заказ;726,66;B;Со втулкой со внутренней резьбой;M4;11,5;;6;7;;;;;;;;;;;;;;;"<span style=""font-family: 'Open Sans', sans-serif""><h2><span style=""font-size: 13pt"">Материалы:</span></h2>
<ul>
	<li>Корпус из стали.</li>
	<li>Магнитный сердечник из неодима (NdFeB).</li>
</ul>
<hr>
<h2><span style=""font-size: 13pt"">Исполнение:</span></h2>
<ul>
	<li>Сталь оцинкованная.</li>
</ul>
<hr>
<h2><span style=""font-size: 13pt"">Указания по применению:</span></h2>
<ul>
	<li>Данные магниты хорошо подходят в качестве креплений (держателей).</li>
	<li>Температура эксплуатации: до +80°C.</li>
	<li>Неодим повышает силу сцепления в сравнении с самарием-кобальтом примерно на 10-20%.</li>
</ul></span>"
K0553 Магниты дисковые неодимовые экранированные;https://alterv.ru/catalog/magnity_postoyannye/k0553_magnity_diskovye_neodimovye_ekranirovannye/;Kipp;Главная > Каталог > Промышленная фурнитура > Магниты постоянные > K0553 Магниты дисковые неодимовые экранированные;https://alterv.ru/upload/iblock/98f/k0553_magnity_diskovye.jpg, https://alterv.ru/upload/iblock/6cd/k0553_magnity_diskovyea.jpg, https://alterv.ru/upload/iblock/2a3/k0553_magnity_diskovyeb.jpg, https://alterv.ru/upload/iblock/8ec/k0553_magnity_diskovyec.jpg;https://alterv.ru/upload/iblock/2f7/Z09069_nn_ru_www.jpg, https://alterv.ru/upload/iblock/019/Z09069_nn_ru_A.jpg, https://alterv.ru/upload/iblock/bdb/Z09069_nn_ru_B.jpg, https://alterv.ru/upload/iblock/8d5/Z09069_nn_ru_C.jpg;"<h2><span style=""font-size: 13pt;"">Материалы:</span></h2>
<ul>
	<li>Корпус из стали.</li>
	<li>Магнитный сердечник из неодима (NdFeB).</li>
</ul>
<hr>
<h2><span style=""font-size: 13pt;"">Исполнение:</span></h2>
<ul>
	<li>Сталь оцинкованная.</li>
</ul>
<hr>
<h2><span style=""font-size: 13pt;"">Указания по применению:</span></h2>
<ul>
	<li>Данные магниты хорошо подходят в качестве креплений (держателей).</li>
	<li>Температура эксплуатации: до +80°C.</li>
	<li>Неодим повышает силу сцепления в сравнении с самарием-кобальтом примерно на 10-20%.</li>
</ul>";K0553.16;20 ±0,15;6;14,28;Под заказ;1231,16;B;Со втулкой со внутренней резьбой;M4;13;;8;9;;;;;;;;;;;;;;;"<span style=""font-family: 'Open Sans', sans-serif""><h2><span style=""font-size: 13pt"">Материалы:</span></h2>
<ul>
	<li>Корпус из стали.</li>
	<li>Магнитный сердечник из неодима (NdFeB).</li>
</ul>
<hr>
<h2><span style=""font-size: 13pt"">Исполнение:</span></h2>
<ul>
	<li>Сталь оцинкованная.</li>
</ul>
<hr>
<h2><span style=""font-size: 13pt"">Указания по применению:</span></h2>
<ul>
	<li>Данные магниты хорошо подходят в качестве креплений (держателей).</li>
	<li>Температура эксплуатации: до +80°C.</li>
	<li>Неодим повышает силу сцепления в сравнении с самарием-кобальтом примерно на 10-20%.</li>
</ul></span>"
K0553 Магниты дисковые неодимовые экранированные;https://alterv.ru/catalog/magnity_postoyannye/k0553_magnity_diskovye_neodimovye_ekranirovannye/;Kipp;Главная > Каталог > Промышленная фурнитура > Магниты постоянные > K0553 Магниты дисковые неодимовые экранированные;https://alterv.ru/upload/iblock/98f/k0553_magnity_diskovye.jpg, https://alterv.ru/upload/iblock/6cd/k0553_magnity_diskovyea.jpg, https://alterv.ru/upload/iblock/2a3/k0553_magnity_diskovyeb.jpg, https://alterv.ru/upload/iblock/8ec/k0553_magnity_diskovyec.jpg;https://alterv.ru/upload/iblock/2f7/Z09069_nn_ru_www.jpg, https://alterv.ru/upload/iblock/019/Z09069_nn_ru_A.jpg, https://alterv.ru/upload/iblock/bdb/Z09069_nn_ru_B.jpg, https://alterv.ru/upload/iblock/8d5/Z09069_nn_ru_C.jpg;"<h2><span style=""font-size: 13pt;"">Материалы:</span></h2>
<ul>
	<li>Корпус из стали.</li>
	<li>Магнитный сердечник из неодима (NdFeB).</li>
</ul>
<hr>
<h2><span style=""font-size: 13pt;"">Исполнение:</span></h2>
<ul>
	<li>Сталь оцинкованная.</li>
</ul>
<hr>
<h2><span style=""font-size: 13pt;"">Указания по применению:</span></h2>
<ul>
	<li>Данные магниты хорошо подходят в качестве креплений (держателей).</li>
	<li>Температура эксплуатации: до +80°C.</li>
	<li>Неодим повышает силу сцепления в сравнении с самарием-кобальтом примерно на 10-20%.</li>
</ul>";K0553.17;25 ±0,15;7;20,39;Под заказ;1832,86;B;Со втулкой со внутренней резьбой;M4;14;;8;9;;;;;;;;;;;;;;;"<span style=""font-family: 'Open Sans', sans-serif""><h2><span style=""font-size: 13pt"">Материалы:</span></h2>
<ul>
	<li>Корпус из стали.</li>
	<li>Магнитный сердечник из неодима (NdFeB).</li>
</ul>
<hr>
<h2><span style=""font-size: 13pt"">Исполнение:</span></h2>
<ul>
	<li>Сталь оцинкованная.</li>
</ul>
<hr>
<h2><span style=""font-size: 13pt"">Указания по применению:</span></h2>
<ul>
	<li>Данные магниты хорошо подходят в качестве креплений (держателей).</li>
	<li>Температура эксплуатации: до +80°C.</li>
	<li>Неодим повышает силу сцепления в сравнении с самарием-кобальтом примерно на 10-20%.</li>
</ul></span>"
K0553 Магниты дисковые неодимовые экранированные;https://alterv.ru/catalog/magnity_postoyannye/k0553_magnity_diskovye_neodimovye_ekranirovannye/;Kipp;Главная > Каталог > Промышленная фурнитура > Магниты постоянные > K0553 Магниты дисковые неодимовые экранированные;https://alterv.ru/upload/iblock/98f/k0553_magnity_diskovye.jpg, https://alterv.ru/upload/iblock/6cd/k0553_magnity_diskovyea.jpg, https://alterv.ru/upload/iblock/2a3/k0553_magnity_diskovyeb.jpg, https://alterv.ru/upload/iblock/8ec/k0553_magnity_diskovyec.jpg;https://alterv.ru/upload/iblock/2f7/Z09069_nn_ru_www.jpg, https://alterv.ru/upload/iblock/019/Z09069_nn_ru_A.jpg, https://alterv.ru/upload/iblock/bdb/Z09069_nn_ru_B.jpg, https://alterv.ru/upload/iblock/8d5/Z09069_nn_ru_C.jpg;"<h2><span style=""font-size: 13pt;"">Материалы:</span></h2>
<ul>
	<li>Корпус из стали.</li>
	<li>Магнитный сердечник из неодима (NdFeB).</li>
</ul>
<hr>
<h2><span style=""font-size: 13pt;"">Исполнение:</span></h2>
<ul>
	<li>Сталь оцинкованная.</li>
</ul>
<hr>
<h2><span style=""font-size: 13pt;"">Указания по применению:</span></h2>
<ul>
	<li>Данные магниты хорошо подходят в качестве креплений (держателей).</li>
	<li>Температура эксплуатации: до +80°C.</li>
	<li>Неодим повышает силу сцепления в сравнении с самарием-кобальтом примерно на 10-20%.</li>
</ul>";K0553.18;32 ±0,2;7;35,69;1;2471,57;B;Со втулкой со внутренней резьбой;M5;15,5;;10;10;;;;;;;;;;;;;;;"<span style=""font-family: 'Open Sans', sans-serif""><h2><span style=""font-size: 13pt"">Материалы:</span></h2>
<ul>
	<li>Корпус из стали.</li>
	<li>Магнитный сердечник из неодима (NdFeB).</li>
</ul>
<hr>
<h2><span style=""font-size: 13pt"">Исполнение:</span></h2>
<ul>
	<li>Сталь оцинкованная.</li>
</ul>
<hr>
<h2><span style=""font-size: 13pt"">Указания по применению:</span></h2>
<ul>
	<li>Данные магниты хорошо подходят в качестве креплений (держателей).</li>
	<li>Температура эксплуатации: до +80°C.</li>
	<li>Неодим повышает силу сцепления в сравнении с самарием-кобальтом примерно на 10-20%.</li>
</ul></span>"
K0553 Магниты дисковые неодимовые экранированные;https://alterv.ru/catalog/magnity_postoyannye/k0553_magnity_diskovye_neodimovye_ekranirovannye/;Kipp;Главная > Каталог > Промышленная фурнитура > Магниты постоянные > K0553 Магниты дисковые неодимовые экранированные;https://alterv.ru/upload/iblock/98f/k0553_magnity_diskovye.jpg, https://alterv.ru/upload/iblock/6cd/k0553_magnity_diskovyea.jpg, https://alterv.ru/upload/iblock/2a3/k0553_magnity_diskovyeb.jpg, https://alterv.ru/upload/iblock/8ec/k0553_magnity_diskovyec.jpg;https://alterv.ru/upload/iblock/2f7/Z09069_nn_ru_www.jpg, https://alterv.ru/upload/iblock/019/Z09069_nn_ru_A.jpg, https://alterv.ru/upload/iblock/bdb/Z09069_nn_ru_B.jpg, https://alterv.ru/upload/iblock/8d5/Z09069_nn_ru_C.jpg;"<h2><span style=""font-size: 13pt;"">Материалы:</span></h2>
<ul>
	<li>Корпус из стали.</li>
	<li>Магнитный сердечник из неодима (NdFeB).</li>
</ul>
<hr>
<h2><span style=""font-size: 13pt;"">Исполнение:</span></h2>
<ul>
	<li>Сталь оцинкованная.</li>
</ul>
<hr>
<h2><span style=""font-size: 13pt;"">Указания по применению:</span></h2>
<ul>
	<li>Данные магниты хорошо подходят в качестве креплений (держателей).</li>
	<li>Температура эксплуатации: до +80°C.</li>
	<li>Неодим повышает силу сцепления в сравнении с самарием-кобальтом примерно на 10-20%.</li>
</ul>";K0553.19;40 ±0,2;8;68,32;4;3369,47;B;Со втулкой со внутренней резьбой;M6;18;;10;13;;;;;;;;;;;;;;;"<span style=""font-family: 'Open Sans', sans-serif""><h2><span style=""font-size: 13pt"">Материалы:</span></h2>
<ul>
	<li>Корпус из стали.</li>
	<li>Магнитный сердечник из неодима (NdFeB).</li>
</ul>
<hr>
<h2><span style=""font-size: 13pt"">Исполнение:</span></h2>
<ul>
	<li>Сталь оцинкованная.</li>
</ul>
<hr>
<h2><span style=""font-size: 13pt"">Указания по применению:</span></h2>
<ul>
	<li>Данные магниты хорошо подходят в качестве креплений (держателей).</li>
	<li>Температура эксплуатации: до +80°C.</li>
	<li>Неодим повышает силу сцепления в сравнении с самарием-кобальтом примерно на 10-20%.</li>
</ul></span>"
K0553 Магниты дисковые неодимовые экранированные;https://alterv.ru/catalog/magnity_postoyannye/k0553_magnity_diskovye_neodimovye_ekranirovannye/;Kipp;Главная > Каталог > Промышленная фурнитура > Магниты постоянные > K0553 Магниты дисковые неодимовые экранированные;https://alterv.ru/upload/iblock/98f/k0553_magnity_diskovye.jpg, https://alterv.ru/upload/iblock/6cd/k0553_magnity_diskovyea.jpg, https://alterv.ru/upload/iblock/2a3/k0553_magnity_diskovyeb.jpg, https://alterv.ru/upload/iblock/8ec/k0553_magnity_diskovyec.jpg;https://alterv.ru/upload/iblock/2f7/Z09069_nn_ru_www.jpg, https://alterv.ru/upload/iblock/019/Z09069_nn_ru_A.jpg, https://alterv.ru/upload/iblock/bdb/Z09069_nn_ru_B.jpg, https://alterv.ru/upload/iblock/8d5/Z09069_nn_ru_C.jpg;"<h2><span style=""font-size: 13pt;"">Материалы:</span></h2>
<ul>
	<li>Корпус из стали.</li>
	<li>Магнитный сердечник из неодима (NdFeB).</li>
</ul>
<hr>
<h2><span style=""font-size: 13pt;"">Исполнение:</span></h2>
<ul>
	<li>Сталь оцинкованная.</li>
</ul>
<hr>
<h2><span style=""font-size: 13pt;"">Указания по применению:</span></h2>
<ul>
	<li>Данные магниты хорошо подходят в качестве креплений (держателей).</li>
	<li>Температура эксплуатации: до +80°C.</li>
	<li>Неодим повышает силу сцепления в сравнении с самарием-кобальтом примерно на 10-20%.</li>
</ul>";K0553.20;47 ±0,2;9,2;76,48;Под заказ;5165,31;B;Со втулкой со внутренней резьбой;M6;20,5;;12;13;;;;;;;;;;;;;;;"<span style=""font-family: 'Open Sans', sans-serif""><h2><span style=""font-size: 13pt"">Материалы:</span></h2>
<ul>
	<li>Корпус из стали.</li>
	<li>Магнитный сердечник из неодима (NdFeB).</li>
</ul>
<hr>
<h2><span style=""font-size: 13pt"">Исполнение:</span></h2>
<ul>
	<li>Сталь оцинкованная.</li>
</ul>
<hr>
<h2><span style=""font-size: 13pt"">Указания по применению:</span></h2>
<ul>
	<li>Данные магниты хорошо подходят в качестве креплений (держателей).</li>
	<li>Температура эксплуатации: до +80°C.</li>
	<li>Неодим повышает силу сцепления в сравнении с самарием-кобальтом примерно на 10-20%.</li>
</ul></span>"
K0553 Магниты дисковые неодимовые экранированные;https://alterv.ru/catalog/magnity_postoyannye/k0553_magnity_diskovye_neodimovye_ekranirovannye/;Kipp;Главная > Каталог > Промышленная фурнитура > Магниты постоянные > K0553 Магниты дисковые неодимовые экранированные;https://alterv.ru/upload/iblock/98f/k0553_magnity_diskovye.jpg, https://alterv.ru/upload/iblock/6cd/k0553_magnity_diskovyea.jpg, https://alterv.ru/upload/iblock/2a3/k0553_magnity_diskovyeb.jpg, https://alterv.ru/upload/iblock/8ec/k0553_magnity_diskovyec.jpg;https://alterv.ru/upload/iblock/2f7/Z09069_nn_ru_www.jpg, https://alterv.ru/upload/iblock/019/Z09069_nn_ru_A.jpg, https://alterv.ru/upload/iblock/bdb/Z09069_nn_ru_B.jpg, https://alterv.ru/upload/iblock/8d5/Z09069_nn_ru_C.jpg;"<h2><span style=""font-size: 13pt;"">Материалы:</span></h2>
<ul>
	<li>Корпус из стали.</li>
	<li>Магнитный сердечник из неодима (NdFeB).</li>
</ul>
<hr>
<h2><span style=""font-size: 13pt;"">Исполнение:</span></h2>
<ul>
	<li>Сталь оцинкованная.</li>
</ul>
<hr>
<h2><span style=""font-size: 13pt;"">Указания по применению:</span></h2>
<ul>
	<li>Данные магниты хорошо подходят в качестве креплений (держателей).</li>
	<li>Температура эксплуатации: до +80°C.</li>
	<li>Неодим повышает силу сцепления в сравнении с самарием-кобальтом примерно на 10-20%.</li>
</ul>";K0553.21;50 ±0,2;10;101,97;Под заказ;5919,72;B;Со втулкой со внутренней резьбой;M8;22;;15;13;;;;;;;;;;;;;;;"<span style=""font-family: 'Open Sans', sans-serif""><h2><span style=""font-size: 13pt"">Материалы:</span></h2>
<ul>
	<li>Корпус из стали.</li>
	<li>Магнитный сердечник из неодима (NdFeB).</li>
</ul>
<hr>
<h2><span style=""font-size: 13pt"">Исполнение:</span></h2>
<ul>
	<li>Сталь оцинкованная.</li>
</ul>
<hr>
<h2><span style=""font-size: 13pt"">Указания по применению:</span></h2>
<ul>
	<li>Данные магниты хорошо подходят в качестве креплений (держателей).</li>
	<li>Температура эксплуатации: до +80°C.</li>
	<li>Неодим повышает силу сцепления в сравнении с самарием-кобальтом примерно на 10-20%.</li>
</ul></span>"
K0553 Магниты дисковые неодимовые экранированные;https://alterv.ru/catalog/magnity_postoyannye/k0553_magnity_diskovye_neodimovye_ekranirovannye/;Kipp;Главная > Каталог > Промышленная фурнитура > Магниты постоянные > K0553 Магниты дисковые неодимовые экранированные;https://alterv.ru/upload/iblock/98f/k0553_magnity_diskovye.jpg, https://alterv.ru/upload/iblock/6cd/k0553_magnity_diskovyea.jpg, https://alterv.ru/upload/iblock/2a3/k0553_magnity_diskovyeb.jpg, https://alterv.ru/upload/iblock/8ec/k0553_magnity_diskovyec.jpg;https://alterv.ru/upload/iblock/2f7/Z09069_nn_ru_www.jpg, https://alterv.ru/upload/iblock/019/Z09069_nn_ru_A.jpg, https://alterv.ru/upload/iblock/bdb/Z09069_nn_ru_B.jpg, https://alterv.ru/upload/iblock/8d5/Z09069_nn_ru_C.jpg;"<h2><span style=""font-size: 13pt;"">Материалы:</span></h2>
<ul>
	<li>Корпус из стали.</li>
	<li>Магнитный сердечник из неодима (NdFeB).</li>
</ul>
<hr>
<h2><span style=""font-size: 13pt;"">Исполнение:</span></h2>
<ul>
	<li>Сталь оцинкованная.</li>
</ul>
<hr>
<h2><span style=""font-size: 13pt;"">Указания по применению:</span></h2>
<ul>
	<li>Данные магниты хорошо подходят в качестве креплений (держателей).</li>
	<li>Температура эксплуатации: до +80°C.</li>
	<li>Неодим повышает силу сцепления в сравнении с самарием-кобальтом примерно на 10-20%.</li>
</ul>";K0553.23;10 ±0,15;4,5;2,55;Под заказ;569,3;C;С наружной резьбой;;11,5;7;;;;;M3;;;;;;;;;;;;"<span style=""font-family: 'Open Sans', sans-serif""><h2><span style=""font-size: 13pt"">Материалы:</span></h2>
<ul>
	<li>Корпус из стали.</li>
	<li>Магнитный сердечник из неодима (NdFeB).</li>
</ul>
<hr>
<h2><span style=""font-size: 13pt"">Исполнение:</span></h2>
<ul>
	<li>Сталь оцинкованная.</li>
</ul>
<hr>
<h2><span style=""font-size: 13pt"">Указания по применению:</span></h2>
<ul>
	<li>Данные магниты хорошо подходят в качестве креплений (держателей).</li>
	<li>Температура эксплуатации: до +80°C.</li>
	<li>Неодим повышает силу сцепления в сравнении с самарием-кобальтом примерно на 10-20%.</li>
</ul></span>"
K0553 Магниты дисковые неодимовые экранированные;https://alterv.ru/catalog/magnity_postoyannye/k0553_magnity_diskovye_neodimovye_ekranirovannye/;Kipp;Главная > Каталог > Промышленная фурнитура > Магниты постоянные > K0553 Магниты дисковые неодимовые экранированные;https://alterv.ru/upload/iblock/98f/k0553_magnity_diskovye.jpg, https://alterv.ru/upload/iblock/6cd/k0553_magnity_diskovyea.jpg, https://alterv.ru/upload/iblock/2a3/k0553_magnity_diskovyeb.jpg, https://alterv.ru/upload/iblock/8ec/k0553_magnity_diskovyec.jpg;https://alterv.ru/upload/iblock/2f7/Z09069_nn_ru_www.jpg, https://alterv.ru/upload/iblock/019/Z09069_nn_ru_A.jpg, https://alterv.ru/upload/iblock/bdb/Z09069_nn_ru_B.jpg, https://alterv.ru/upload/iblock/8d5/Z09069_nn_ru_C.jpg;"<h2><span style=""font-size: 13pt;"">Материалы:</span></h2>
<ul>
	<li>Корпус из стали.</li>
	<li>Магнитный сердечник из неодима (NdFeB).</li>
</ul>
<hr>
<h2><span style=""font-size: 13pt;"">Исполнение:</span></h2>
<ul>
	<li>Сталь оцинкованная.</li>
</ul>
<hr>
<h2><span style=""font-size: 13pt;"">Указания по применению:</span></h2>
<ul>
	<li>Данные магниты хорошо подходят в качестве креплений (держателей).</li>
	<li>Температура эксплуатации: до +80°C.</li>
	<li>Неодим повышает силу сцепления в сравнении с самарием-кобальтом примерно на 10-20%.</li>
</ul>";K0553.24;13 ±0,15;4,5;6,12;Под заказ;624,83;C;С наружной резьбой;;12,5;8;;;;;M5;;;;;;;;;;;;"<span style=""font-family: 'Open Sans', sans-serif""><h2><span style=""font-size: 13pt"">Материалы:</span></h2>
<ul>
	<li>Корпус из стали.</li>
	<li>Магнитный сердечник из неодима (NdFeB).</li>
</ul>
<hr>
<h2><span style=""font-size: 13pt"">Исполнение:</span></h2>
<ul>
	<li>Сталь оцинкованная.</li>
</ul>
<hr>
<h2><span style=""font-size: 13pt"">Указания по применению:</span></h2>
<ul>
	<li>Данные магниты хорошо подходят в качестве креплений (держателей).</li>
	<li>Температура эксплуатации: до +80°C.</li>
	<li>Неодим повышает силу сцепления в сравнении с самарием-кобальтом примерно на 10-20%.</li>
</ul></span>"
K0553 Магниты дисковые неодимовые экранированные;https://alterv.ru/catalog/magnity_postoyannye/k0553_magnity_diskovye_neodimovye_ekranirovannye/;Kipp;Главная > Каталог > Промышленная фурнитура > Магниты постоянные > K0553 Магниты дисковые неодимовые экранированные;https://alterv.ru/upload/iblock/98f/k0553_magnity_diskovye.jpg, https://alterv.ru/upload/iblock/6cd/k0553_magnity_diskovyea.jpg, https://alterv.ru/upload/iblock/2a3/k0553_magnity_diskovyeb.jpg, https://alterv.ru/upload/iblock/8ec/k0553_magnity_diskovyec.jpg;https://alterv.ru/upload/iblock/2f7/Z09069_nn_ru_www.jpg, https://alterv.ru/upload/iblock/019/Z09069_nn_ru_A.jpg, https://alterv.ru/upload/iblock/bdb/Z09069_nn_ru_B.jpg, https://alterv.ru/upload/iblock/8d5/Z09069_nn_ru_C.jpg;"<h2><span style=""font-size: 13pt;"">Материалы:</span></h2>
<ul>
	<li>Корпус из стали.</li>
	<li>Магнитный сердечник из неодима (NdFeB).</li>
</ul>
<hr>
<h2><span style=""font-size: 13pt;"">Исполнение:</span></h2>
<ul>
	<li>Сталь оцинкованная.</li>
</ul>
<hr>
<h2><span style=""font-size: 13pt;"">Указания по применению:</span></h2>
<ul>
	<li>Данные магниты хорошо подходят в качестве креплений (держателей).</li>
	<li>Температура эксплуатации: до +80°C.</li>
	<li>Неодим повышает силу сцепления в сравнении с самарием-кобальтом примерно на 10-20%.</li>
</ul>";K0553.25;16 ±0,15;4,5;9,69;Под заказ;731,3;C;С наружной резьбой;;12,5;8;;;;;M6;;;;;;;;;;;;"<span style=""font-family: 'Open Sans', sans-serif""><h2><span style=""font-size: 13pt"">Материалы:</span></h2>
<ul>
	<li>Корпус из стали.</li>
	<li>Магнитный сердечник из неодима (NdFeB).</li>
</ul>
<hr>
<h2><span style=""font-size: 13pt"">Исполнение:</span></h2>
<ul>
	<li>Сталь оцинкованная.</li>
</ul>
<hr>
<h2><span style=""font-size: 13pt"">Указания по применению:</span></h2>
<ul>
	<li>Данные магниты хорошо подходят в качестве креплений (держателей).</li>
	<li>Температура эксплуатации: до +80°C.</li>
	<li>Неодим повышает силу сцепления в сравнении с самарием-кобальтом примерно на 10-20%.</li>
</ul></span>"
K0553 Магниты дисковые неодимовые экранированные;https://alterv.ru/catalog/magnity_postoyannye/k0553_magnity_diskovye_neodimovye_ekranirovannye/;Kipp;Главная > Каталог > Промышленная фурнитура > Магниты постоянные > K0553 Магниты дисковые неодимовые экранированные;https://alterv.ru/upload/iblock/98f/k0553_magnity_diskovye.jpg, https://alterv.ru/upload/iblock/6cd/k0553_magnity_diskovyea.jpg, https://alterv.ru/upload/iblock/2a3/k0553_magnity_diskovyeb.jpg, https://alterv.ru/upload/iblock/8ec/k0553_magnity_diskovyec.jpg;https://alterv.ru/upload/iblock/2f7/Z09069_nn_ru_www.jpg, https://alterv.ru/upload/iblock/019/Z09069_nn_ru_A.jpg, https://alterv.ru/upload/iblock/bdb/Z09069_nn_ru_B.jpg, https://alterv.ru/upload/iblock/8d5/Z09069_nn_ru_C.jpg;"<h2><span style=""font-size: 13pt;"">Материалы:</span></h2>
<ul>
	<li>Корпус из стали.</li>
	<li>Магнитный сердечник из неодима (NdFeB).</li>
</ul>
<hr>
<h2><span style=""font-size: 13pt;"">Исполнение:</span></h2>
<ul>
	<li>Сталь оцинкованная.</li>
</ul>
<hr>
<h2><span style=""font-size: 13pt;"">Указания по применению:</span></h2>
<ul>
	<li>Данные магниты хорошо подходят в качестве креплений (держателей).</li>
	<li>Температура эксплуатации: до +80°C.</li>
	<li>Неодим повышает силу сцепления в сравнении с самарием-кобальтом примерно на 10-20%.</li>
</ul>";K0553.26;20 ±0,15;6;14,28;Под заказ;1240,4;C;С наружной резьбой;;16;10;;;;;M6;;;;;;;;;;;;"<span style=""font-family: 'Open Sans', sans-serif""><h2><span style=""font-size: 13pt"">Материалы:</span></h2>
<ul>
	<li>Корпус из стали.</li>
	<li>Магнитный сердечник из неодима (NdFeB).</li>
</ul>
<hr>
<h2><span style=""font-size: 13pt"">Исполнение:</span></h2>
<ul>
	<li>Сталь оцинкованная.</li>
</ul>
<hr>
<h2><span style=""font-size: 13pt"">Указания по применению:</span></h2>
<ul>
	<li>Данные магниты хорошо подходят в качестве креплений (держателей).</li>
	<li>Температура эксплуатации: до +80°C.</li>
	<li>Неодим повышает силу сцепления в сравнении с самарием-кобальтом примерно на 10-20%.</li>
</ul></span>"
K0553 Магниты дисковые неодимовые экранированные;https://alterv.ru/catalog/magnity_postoyannye/k0553_magnity_diskovye_neodimovye_ekranirovannye/;Kipp;Главная > Каталог > Промышленная фурнитура > Магниты постоянные > K0553 Магниты дисковые неодимовые экранированные;https://alterv.ru/upload/iblock/98f/k0553_magnity_diskovye.jpg, https://alterv.ru/upload/iblock/6cd/k0553_magnity_diskovyea.jpg, https://alterv.ru/upload/iblock/2a3/k0553_magnity_diskovyeb.jpg, https://alterv.ru/upload/iblock/8ec/k0553_magnity_diskovyec.jpg;https://alterv.ru/upload/iblock/2f7/Z09069_nn_ru_www.jpg, https://alterv.ru/upload/iblock/019/Z09069_nn_ru_A.jpg, https://alterv.ru/upload/iblock/bdb/Z09069_nn_ru_B.jpg, https://alterv.ru/upload/iblock/8d5/Z09069_nn_ru_C.jpg;"<h2><span style=""font-size: 13pt;"">Материалы:</span></h2>
<ul>
	<li>Корпус из стали.</li>
	<li>Магнитный сердечник из неодима (NdFeB).</li>
</ul>
<hr>
<h2><span style=""font-size: 13pt;"">Исполнение:</span></h2>
<ul>
	<li>Сталь оцинкованная.</li>
</ul>
<hr>
<h2><span style=""font-size: 13pt;"">Указания по применению:</span></h2>
<ul>
	<li>Данные магниты хорошо подходят в качестве креплений (держателей).</li>
	<li>Температура эксплуатации: до +80°C.</li>
	<li>Неодим повышает силу сцепления в сравнении с самарием-кобальтом примерно на 10-20%.</li>
</ul>";K0553.27;25 ±0,15;7;20,39;Под заказ;1832,86;C;С наружной резьбой;;17;10;;;;;M6;;;;;;;;;;;;"<span style=""font-family: 'Open Sans', sans-serif""><h2><span style=""font-size: 13pt"">Материалы:</span></h2>
<ul>
	<li>Корпус из стали.</li>
	<li>Магнитный сердечник из неодима (NdFeB).</li>
</ul>
<hr>
<h2><span style=""font-size: 13pt"">Исполнение:</span></h2>
<ul>
	<li>Сталь оцинкованная.</li>
</ul>
<hr>
<h2><span style=""font-size: 13pt"">Указания по применению:</span></h2>
<ul>
	<li>Данные магниты хорошо подходят в качестве креплений (держателей).</li>
	<li>Температура эксплуатации: до +80°C.</li>
	<li>Неодим повышает силу сцепления в сравнении с самарием-кобальтом примерно на 10-20%.</li>
</ul></span>"
K0553 Магниты дисковые неодимовые экранированные;https://alterv.ru/catalog/magnity_postoyannye/k0553_magnity_diskovye_neodimovye_ekranirovannye/;Kipp;Главная > Каталог > Промышленная фурнитура > Магниты постоянные > K0553 Магниты дисковые неодимовые экранированные;https://alterv.ru/upload/iblock/98f/k0553_magnity_diskovye.jpg, https://alterv.ru/upload/iblock/6cd/k0553_magnity_diskovyea.jpg, https://alterv.ru/upload/iblock/2a3/k0553_magnity_diskovyeb.jpg, https://alterv.ru/upload/iblock/8ec/k0553_magnity_diskovyec.jpg;https://alterv.ru/upload/iblock/2f7/Z09069_nn_ru_www.jpg, https://alterv.ru/upload/iblock/019/Z09069_nn_ru_A.jpg, https://alterv.ru/upload/iblock/bdb/Z09069_nn_ru_B.jpg, https://alterv.ru/upload/iblock/8d5/Z09069_nn_ru_C.jpg;"<h2><span style=""font-size: 13pt;"">Материалы:</span></h2>
<ul>
	<li>Корпус из стали.</li>
	<li>Магнитный сердечник из неодима (NdFeB).</li>
</ul>
<hr>
<h2><span style=""font-size: 13pt;"">Исполнение:</span></h2>
<ul>
	<li>Сталь оцинкованная.</li>
</ul>
<hr>
<h2><span style=""font-size: 13pt;"">Указания по применению:</span></h2>
<ul>
	<li>Данные магниты хорошо подходят в качестве креплений (держателей).</li>
	<li>Температура эксплуатации: до +80°C.</li>
	<li>Неодим повышает силу сцепления в сравнении с самарием-кобальтом примерно на 10-20%.</li>
</ul>";K0553.28;32 ±0,2;7;35,69;Под заказ;2517,85;C;С наружной резьбой;;17;10;;;;;M6;;;;;;;;;;;;"<span style=""font-family: 'Open Sans', sans-serif""><h2><span style=""font-size: 13pt"">Материалы:</span></h2>
<ul>
	<li>Корпус из стали.</li>
	<li>Магнитный сердечник из неодима (NdFeB).</li>
</ul>
<hr>
<h2><span style=""font-size: 13pt"">Исполнение:</span></h2>
<ul>
	<li>Сталь оцинкованная.</li>
</ul>
<hr>
<h2><span style=""font-size: 13pt"">Указания по применению:</span></h2>
<ul>
	<li>Данные магниты хорошо подходят в качестве креплений (держателей).</li>
	<li>Температура эксплуатации: до +80°C.</li>
	<li>Неодим повышает силу сцепления в сравнении с самарием-кобальтом примерно на 10-20%.</li>
</ul></span>"
K0553 Магниты дисковые неодимовые экранированные;https://alterv.ru/catalog/magnity_postoyannye/k0553_magnity_diskovye_neodimovye_ekranirovannye/;Kipp;Главная > Каталог > Промышленная фурнитура > Магниты постоянные > K0553 Магниты дисковые неодимовые экранированные;https://alterv.ru/upload/iblock/98f/k0553_magnity_diskovye.jpg, https://alterv.ru/upload/iblock/6cd/k0553_magnity_diskovyea.jpg, https://alterv.ru/upload/iblock/2a3/k0553_magnity_diskovyeb.jpg, https://alterv.ru/upload/iblock/8ec/k0553_magnity_diskovyec.jpg;https://alterv.ru/upload/iblock/2f7/Z09069_nn_ru_www.jpg, https://alterv.ru/upload/iblock/019/Z09069_nn_ru_A.jpg, https://alterv.ru/upload/iblock/bdb/Z09069_nn_ru_B.jpg, https://alterv.ru/upload/iblock/8d5/Z09069_nn_ru_C.jpg;"<h2><span style=""font-size: 13pt;"">Материалы:</span></h2>
<ul>
	<li>Корпус из стали.</li>
	<li>Магнитный сердечник из неодима (NdFeB).</li>
</ul>
<hr>
<h2><span style=""font-size: 13pt;"">Исполнение:</span></h2>
<ul>
	<li>Сталь оцинкованная.</li>
</ul>
<hr>
<h2><span style=""font-size: 13pt;"">Указания по применению:</span></h2>
<ul>
	<li>Данные магниты хорошо подходят в качестве креплений (держателей).</li>
	<li>Температура эксплуатации: до +80°C.</li>
	<li>Неодим повышает силу сцепления в сравнении с самарием-кобальтом примерно на 10-20%.</li>
</ul>";K0553.29;40 ±0,2;8;68,32;Под заказ;3364,84;C;С наружной резьбой;;20;12;;;;;M8;;;;;;;;;;;;"<span style=""font-family: 'Open Sans', sans-serif""><h2><span style=""font-size: 13pt"">Материалы:</span></h2>
<ul>
	<li>Корпус из стали.</li>
	<li>Магнитный сердечник из неодима (NdFeB).</li>
</ul>
<hr>
<h2><span style=""font-size: 13pt"">Исполнение:</span></h2>
<ul>
	<li>Сталь оцинкованная.</li>
</ul>
<hr>
<h2><span style=""font-size: 13pt"">Указания по применению:</span></h2>
<ul>
	<li>Данные магниты хорошо подходят в качестве креплений (держателей).</li>
	<li>Температура эксплуатации: до +80°C.</li>
	<li>Неодим повышает силу сцепления в сравнении с самарием-кобальтом примерно на 10-20%.</li>
</ul></span>"
K0553 Магниты дисковые неодимовые экранированные;https://alterv.ru/catalog/magnity_postoyannye/k0553_magnity_diskovye_neodimovye_ekranirovannye/;Kipp;Главная > Каталог > Промышленная фурнитура > Магниты постоянные > K0553 Магниты дисковые неодимовые экранированные;https://alterv.ru/upload/iblock/98f/k0553_magnity_diskovye.jpg, https://alterv.ru/upload/iblock/6cd/k0553_magnity_diskovyea.jpg, https://alterv.ru/upload/iblock/2a3/k0553_magnity_diskovyeb.jpg, https://alterv.ru/upload/iblock/8ec/k0553_magnity_diskovyec.jpg;https://alterv.ru/upload/iblock/2f7/Z09069_nn_ru_www.jpg, https://alterv.ru/upload/iblock/019/Z09069_nn_ru_A.jpg, https://alterv.ru/upload/iblock/bdb/Z09069_nn_ru_B.jpg, https://alterv.ru/upload/iblock/8d5/Z09069_nn_ru_C.jpg;"<h2><span style=""font-size: 13pt;"">Материалы:</span></h2>
<ul>
	<li>Корпус из стали.</li>
	<li>Магнитный сердечник из неодима (NdFeB).</li>
</ul>
<hr>
<h2><span style=""font-size: 13pt;"">Исполнение:</span></h2>
<ul>
	<li>Сталь оцинкованная.</li>
</ul>
<hr>
<h2><span style=""font-size: 13pt;"">Указания по применению:</span></h2>
<ul>
	<li>Данные магниты хорошо подходят в качестве креплений (держателей).</li>
	<li>Температура эксплуатации: до +80°C.</li>
	<li>Неодим повышает силу сцепления в сравнении с самарием-кобальтом примерно на 10-20%.</li>
</ul>";K0553.30;47 ±0,2;9,2;80,56;Под заказ;5165,31;C;С наружной резьбой;;22,2;13;;;;;M8;;;;;;;;;;;;"<span style=""font-family: 'Open Sans', sans-serif""><h2><span style=""font-size: 13pt"">Материалы:</span></h2>
<ul>
	<li>Корпус из стали.</li>
	<li>Магнитный сердечник из неодима (NdFeB).</li>
</ul>
<hr>
<h2><span style=""font-size: 13pt"">Исполнение:</span></h2>
<ul>
	<li>Сталь оцинкованная.</li>
</ul>
<hr>
<h2><span style=""font-size: 13pt"">Указания по применению:</span></h2>
<ul>
	<li>Данные магниты хорошо подходят в качестве креплений (держателей).</li>
	<li>Температура эксплуатации: до +80°C.</li>
	<li>Неодим повышает силу сцепления в сравнении с самарием-кобальтом примерно на 10-20%.</li>
</ul></span>"
K0562 Магниты со внутренней резьбой и защитной оболочкой;https://alterv.ru/catalog/magnity_postoyannye/k0562_magnity_so_vnutrenney_rezboy_i_zashchitnoy_obolochkoy/;Kipp;Главная > Каталог > Промышленная фурнитура > Магниты постоянные > K0562 Магниты со внутренней резьбой и защитной оболочкой;https://alterv.ru/upload/iblock/d14/k0562_magnity.jpg;https://alterv.ru/upload/iblock/daf/Z09112_nn_ru.jpg;"<h2><span style=""font-size: 13pt;"">Материалы:</span></h2>
<ul>
	<li>Корпус из стали.</li>
	<li>Магнитный сердечник из неодима (NdFeB).</li>
	<li>Защитная оболочка из синтетической резины.</li>
</ul>
<hr>
<h2><span style=""font-size: 13pt;"">Исполнение:</span></h2>
<ul>
	<li>Экранированные дисковые магниты.</li>
	<li>Сталь оцинкованная.</li>
	<li>Синтетическая резина черного цвета.</li>
</ul>
<hr>
<h2><span style=""font-size: 13pt;"">Указания по применению:</span></h2>
<ul>
	<li>Данные магниты хорошо подходят в качестве креплений (держателей).</li>
	<li>Температура эксплуатации: до +60°C.</li>
	<li>Оболочка предназначена для защиты чувствительных поверхностей.</li>
	<li>Благодаря защитной резиновой оболочке повышается коэффициент трения, что позволяет достичь высокого бокового трения сцепления.</li>
</ul>";K0562.00;18;6;2,55;Под заказ;1319,09;;;M4;;;;;;;;;;;;;;;;;;;"<span style=""font-family: 'Open Sans', sans-serif""><h2><span style=""font-size: 13pt"">Материалы:</span></h2>
<ul>
	<li>Корпус из стали.</li>
	<li>Магнитный сердечник из неодима (NdFeB).</li>
	<li>Защитная оболочка из синтетической резины.</li>
</ul>
<hr>
<h2><span style=""font-size: 13pt"">Исполнение:</span></h2>
<ul>
	<li>Экранированные дисковые магниты.</li>
	<li>Сталь оцинкованная.</li>
	<li>Синтетическая резина черного цвета.</li>
</ul>
<hr>
<h2><span style=""font-size: 13pt"">Указания по применению:</span></h2>
<ul>
	<li>Данные магниты хорошо подходят в качестве креплений (держателей).</li>
	<li>Температура эксплуатации: до +60°C.</li>
	<li>Оболочка предназначена для защиты чувствительных поверхностей.</li>
	<li>Благодаря защитной резиновой оболочке повышается коэффициент трения, что позволяет достичь высокого бокового трения сцепления.</li>
</ul></span>"
K0562 Магниты со внутренней резьбой и защитной оболочкой;https://alterv.ru/catalog/magnity_postoyannye/k0562_magnity_so_vnutrenney_rezboy_i_zashchitnoy_obolochkoy/;Kipp;Главная > Каталог > Промышленная фурнитура > Магниты постоянные > K0562 Магниты со внутренней резьбой и защитной оболочкой;https://alterv.ru/upload/iblock/d14/k0562_magnity.jpg;https://alterv.ru/upload/iblock/daf/Z09112_nn_ru.jpg;"<h2><span style=""font-size: 13pt;"">Материалы:</span></h2>
<ul>
	<li>Корпус из стали.</li>
	<li>Магнитный сердечник из неодима (NdFeB).</li>
	<li>Защитная оболочка из синтетической резины.</li>
</ul>
<hr>
<h2><span style=""font-size: 13pt;"">Исполнение:</span></h2>
<ul>
	<li>Экранированные дисковые магниты.</li>
	<li>Сталь оцинкованная.</li>
	<li>Синтетическая резина черного цвета.</li>
</ul>
<hr>
<h2><span style=""font-size: 13pt;"">Указания по применению:</span></h2>
<ul>
	<li>Данные магниты хорошо подходят в качестве креплений (держателей).</li>
	<li>Температура эксплуатации: до +60°C.</li>
	<li>Оболочка предназначена для защиты чувствительных поверхностей.</li>
	<li>Благодаря защитной резиновой оболочке повышается коэффициент трения, что позволяет достичь высокого бокового трения сцепления.</li>
</ul>";K0562.01;22;6;3,57;Под заказ;1476,45;;;M4;;;;;;;;;;;;;;;;;;;"<span style=""font-family: 'Open Sans', sans-serif""><h2><span style=""font-size: 13pt"">Материалы:</span></h2>
<ul>
	<li>Корпус из стали.</li>
	<li>Магнитный сердечник из неодима (NdFeB).</li>
	<li>Защитная оболочка из синтетической резины.</li>
</ul>
<hr>
<h2><span style=""font-size: 13pt"">Исполнение:</span></h2>
<ul>
	<li>Экранированные дисковые магниты.</li>
	<li>Сталь оцинкованная.</li>
	<li>Синтетическая резина черного цвета.</li>
</ul>
<hr>
<h2><span style=""font-size: 13pt"">Указания по применению:</span></h2>
<ul>
	<li>Данные магниты хорошо подходят в качестве креплений (держателей).</li>
	<li>Температура эксплуатации: до +60°C.</li>
	<li>Оболочка предназначена для защиты чувствительных поверхностей.</li>
	<li>Благодаря защитной резиновой оболочке повышается коэффициент трения, что позволяет достичь высокого бокового трения сцепления.</li>
</ul></span>"
K0562 Магниты со внутренней резьбой и защитной оболочкой;https://alterv.ru/catalog/magnity_postoyannye/k0562_magnity_so_vnutrenney_rezboy_i_zashchitnoy_obolochkoy/;Kipp;Главная > Каталог > Промышленная фурнитура > Магниты постоянные > K0562 Магниты со внутренней резьбой и защитной оболочкой;https://alterv.ru/upload/iblock/d14/k0562_magnity.jpg;https://alterv.ru/upload/iblock/daf/Z09112_nn_ru.jpg;"<h2><span style=""font-size: 13pt;"">Материалы:</span></h2>
<ul>
	<li>Корпус из стали.</li>
	<li>Магнитный сердечник из неодима (NdFeB).</li>
	<li>Защитная оболочка из синтетической резины.</li>
</ul>
<hr>
<h2><span style=""font-size: 13pt;"">Исполнение:</span></h2>
<ul>
	<li>Экранированные дисковые магниты.</li>
	<li>Сталь оцинкованная.</li>
	<li>Синтетическая резина черного цвета.</li>
</ul>
<hr>
<h2><span style=""font-size: 13pt;"">Указания по применению:</span></h2>
<ul>
	<li>Данные магниты хорошо подходят в качестве креплений (держателей).</li>
	<li>Температура эксплуатации: до +60°C.</li>
	<li>Оболочка предназначена для защиты чувствительных поверхностей.</li>
	<li>Благодаря защитной резиновой оболочке повышается коэффициент трения, что позволяет достичь высокого бокового трения сцепления.</li>
</ul>";K0562.02;31;6;7,65;Под заказ;1786,55;;;M5;;;;;;;;;;;;;;;;;;;"<span style=""font-family: 'Open Sans', sans-serif""><h2><span style=""font-size: 13pt"">Материалы:</span></h2>
<ul>
	<li>Корпус из стали.</li>
	<li>Магнитный сердечник из неодима (NdFeB).</li>
	<li>Защитная оболочка из синтетической резины.</li>
</ul>
<hr>
<h2><span style=""font-size: 13pt"">Исполнение:</span></h2>
<ul>
	<li>Экранированные дисковые магниты.</li>
	<li>Сталь оцинкованная.</li>
	<li>Синтетическая резина черного цвета.</li>
</ul>
<hr>
<h2><span style=""font-size: 13pt"">Указания по применению:</span></h2>
<ul>
	<li>Данные магниты хорошо подходят в качестве креплений (держателей).</li>
	<li>Температура эксплуатации: до +60°C.</li>
	<li>Оболочка предназначена для защиты чувствительных поверхностей.</li>
	<li>Благодаря защитной резиновой оболочке повышается коэффициент трения, что позволяет достичь высокого бокового трения сцепления.</li>
</ul></span>"
K0562 Магниты со внутренней резьбой и защитной оболочкой;https://alterv.ru/catalog/magnity_postoyannye/k0562_magnity_so_vnutrenney_rezboy_i_zashchitnoy_obolochkoy/;Kipp;Главная > Каталог > Промышленная фурнитура > Магниты постоянные > K0562 Магниты со внутренней резьбой и защитной оболочкой;https://alterv.ru/upload/iblock/d14/k0562_magnity.jpg;https://alterv.ru/upload/iblock/daf/Z09112_nn_ru.jpg;"<h2><span style=""font-size: 13pt;"">Материалы:</span></h2>
<ul>
	<li>Корпус из стали.</li>
	<li>Магнитный сердечник из неодима (NdFeB).</li>
	<li>Защитная оболочка из синтетической резины.</li>
</ul>
<hr>
<h2><span style=""font-size: 13pt;"">Исполнение:</span></h2>
<ul>
	<li>Экранированные дисковые магниты.</li>
	<li>Сталь оцинкованная.</li>
	<li>Синтетическая резина черного цвета.</li>
</ul>
<hr>
<h2><span style=""font-size: 13pt;"">Указания по применению:</span></h2>
<ul>
	<li>Данные магниты хорошо подходят в качестве креплений (держателей).</li>
	<li>Температура эксплуатации: до +60°C.</li>
	<li>Оболочка предназначена для защиты чувствительных поверхностей.</li>
	<li>Благодаря защитной резиновой оболочке повышается коэффициент трения, что позволяет достичь высокого бокового трения сцепления.</li>
</ul>";K0562.03;43;6;8,67;Под заказ;1832,86;;;M4;;;;;;;;;;;;;;;;;;;"<span style=""font-family: 'Open Sans', sans-serif""><h2><span style=""font-size: 13pt"">Материалы:</span></h2>
<ul>
	<li>Корпус из стали.</li>
	<li>Магнитный сердечник из неодима (NdFeB).</li>
	<li>Защитная оболочка из синтетической резины.</li>
</ul>
<hr>
<h2><span style=""font-size: 13pt"">Исполнение:</span></h2>
<ul>
	<li>Экранированные дисковые магниты.</li>
	<li>Сталь оцинкованная.</li>
	<li>Синтетическая резина черного цвета.</li>
</ul>
<hr>
<h2><span style=""font-size: 13pt"">Указания по применению:</span></h2>
<ul>
	<li>Данные магниты хорошо подходят в качестве креплений (держателей).</li>
	<li>Температура эксплуатации: до +60°C.</li>
	<li>Оболочка предназначена для защиты чувствительных поверхностей.</li>
	<li>Благодаря защитной резиновой оболочке повышается коэффициент трения, что позволяет достичь высокого бокового трения сцепления.</li>
</ul></span>"
K0562 Магниты со внутренней резьбой и защитной оболочкой;https://alterv.ru/catalog/magnity_postoyannye/k0562_magnity_so_vnutrenney_rezboy_i_zashchitnoy_obolochkoy/;Kipp;Главная > Каталог > Промышленная фурнитура > Магниты постоянные > K0562 Магниты со внутренней резьбой и защитной оболочкой;https://alterv.ru/upload/iblock/d14/k0562_magnity.jpg;https://alterv.ru/upload/iblock/daf/Z09112_nn_ru.jpg;"<h2><span style=""font-size: 13pt;"">Материалы:</span></h2>
<ul>
	<li>Корпус из стали.</li>
	<li>Магнитный сердечник из неодима (NdFeB).</li>
	<li>Защитная оболочка из синтетической резины.</li>
</ul>
<hr>
<h2><span style=""font-size: 13pt;"">Исполнение:</span></h2>
<ul>
	<li>Экранированные дисковые магниты.</li>
	<li>Сталь оцинкованная.</li>
	<li>Синтетическая резина черного цвета.</li>
</ul>
<hr>
<h2><span style=""font-size: 13pt;"">Указания по применению:</span></h2>
<ul>
	<li>Данные магниты хорошо подходят в качестве креплений (держателей).</li>
	<li>Температура эксплуатации: до +60°C.</li>
	<li>Оболочка предназначена для защиты чувствительных поверхностей.</li>
	<li>Благодаря защитной резиновой оболочке повышается коэффициент трения, что позволяет достичь высокого бокового трения сцепления.</li>
</ul>";K0562.04;66;8,5;18,35;Под заказ;3526,84;;;M6;;;;;;;;;;;;;;;;;;;"<span style=""font-family: 'Open Sans', sans-serif""><h2><span style=""font-size: 13pt"">Материалы:</span></h2>
<ul>
	<li>Корпус из стали.</li>
	<li>Магнитный сердечник из неодима (NdFeB).</li>
	<li>Защитная оболочка из синтетической резины.</li>
</ul>
<hr>
<h2><span style=""font-size: 13pt"">Исполнение:</span></h2>
<ul>
	<li>Экранированные дисковые магниты.</li>
	<li>Сталь оцинкованная.</li>
	<li>Синтетическая резина черного цвета.</li>
</ul>
<hr>
<h2><span style=""font-size: 13pt"">Указания по применению:</span></h2>
<ul>
	<li>Данные магниты хорошо подходят в качестве креплений (держателей).</li>
	<li>Температура эксплуатации: до +60°C.</li>
	<li>Оболочка предназначена для защиты чувствительных поверхностей.</li>
	<li>Благодаря защитной резиновой оболочке повышается коэффициент трения, что позволяет достичь высокого бокового трения сцепления.</li>
</ul></span>"
K0562 Магниты со внутренней резьбой и защитной оболочкой;https://alterv.ru/catalog/magnity_postoyannye/k0562_magnity_so_vnutrenney_rezboy_i_zashchitnoy_obolochkoy/;Kipp;Главная > Каталог > Промышленная фурнитура > Магниты постоянные > K0562 Магниты со внутренней резьбой и защитной оболочкой;https://alterv.ru/upload/iblock/d14/k0562_magnity.jpg;https://alterv.ru/upload/iblock/daf/Z09112_nn_ru.jpg;"<h2><span style=""font-size: 13pt;"">Материалы:</span></h2>
<ul>
	<li>Корпус из стали.</li>
	<li>Магнитный сердечник из неодима (NdFeB).</li>
	<li>Защитная оболочка из синтетической резины.</li>
</ul>
<hr>
<h2><span style=""font-size: 13pt;"">Исполнение:</span></h2>
<ul>
	<li>Экранированные дисковые магниты.</li>
	<li>Сталь оцинкованная.</li>
	<li>Синтетическая резина черного цвета.</li>
</ul>
<hr>
<h2><span style=""font-size: 13pt;"">Указания по применению:</span></h2>
<ul>
	<li>Данные магниты хорошо подходят в качестве креплений (держателей).</li>
	<li>Температура эксплуатации: до +60°C.</li>
	<li>Оболочка предназначена для защиты чувствительных поверхностей.</li>
	<li>Благодаря защитной резиновой оболочке повышается коэффициент трения, что позволяет достичь высокого бокового трения сцепления.</li>
</ul>";K0562.05;88;8;42,83;Под заказ;7530,41;;;M6;;;;;;;;;;;;;;;;;;;"<span style=""font-family: 'Open Sans', sans-serif""><h2><span style=""font-size: 13pt"">Материалы:</span></h2>
<ul>
	<li>Корпус из стали.</li>
	<li>Магнитный сердечник из неодима (NdFeB).</li>
	<li>Защитная оболочка из синтетической резины.</li>
</ul>
<hr>
<h2><span style=""font-size: 13pt"">Исполнение:</span></h2>
<ul>
	<li>Экранированные дисковые магниты.</li>
	<li>Сталь оцинкованная.</li>
	<li>Синтетическая резина черного цвета.</li>
</ul>
<hr>
<h2><span style=""font-size: 13pt"">Указания по применению:</span></h2>
<ul>
	<li>Данные магниты хорошо подходят в качестве креплений (держателей).</li>
	<li>Температура эксплуатации: до +60°C.</li>
	<li>Оболочка предназначена для защиты чувствительных поверхностей.</li>
	<li>Благодаря защитной резиновой оболочке повышается коэффициент трения, что позволяет достичь высокого бокового трения сцепления.</li>
</ul></span>"
K0564 Магниты с наружной резьбой и защитной оболочкой;https://alterv.ru/catalog/magnity_postoyannye/k0564_magnity_s_naruzhnoy_rezboy_i_zashchitnoy_obolochkoy/;Kipp;Главная > Каталог > Промышленная фурнитура > Магниты постоянные > K0564 Магниты с наружной резьбой и защитной оболочкой;https://alterv.ru/upload/iblock/d32/k0564_magnity.jpg;https://alterv.ru/upload/iblock/e49/Z09116_nn_ru.jpg;"<h2><span style=""font-size: 13pt;"">Материалы:</span></h2>
<ul>
	<li>Корпус из стали.</li>
	<li>Магнитный сердечник из неодима (NdFeB).</li>
	<li>Защитная оболочка из синтетической резины.</li>
</ul>
<hr>
<h2><span style=""font-size: 13pt;"">Исполнение:</span></h2>
<ul>
	<li>Дисковые экранированные магниты.</li>
	<li>Сталь оцинкованная.</li>
	<li>Синтетическая резина черного цвета.</li>
</ul>
<hr>
<h2><span style=""font-size: 13pt;"">Указания по применению:</span></h2>
<ul>
	<li>Данные магниты хорошо подходят в качестве креплений (держателей).</li>
	<li>Температура эксплуатации: до +60°C.</li>
	<li>Оболочка предназначена для защиты чувствительных поверхностей.</li>
	<li>Благодаря защитной оболочке повышается коэффициент трения, что позволяет достичь высокого бокового трения сцепления.</li>
</ul>";K0564.01;22;6;5,1;Под заказ;1397,77;;;M4;12,5;6,5;;;;;;;;;;;;;;;;;"<span style=""font-family: 'Open Sans', sans-serif""><h2><span style=""font-size: 13pt"">Материалы:</span></h2>
<ul>
	<li>Корпус из стали.</li>
	<li>Магнитный сердечник из неодима (NdFeB).</li>
	<li>Защитная оболочка из синтетической резины.</li>
</ul>
<hr>
<h2><span style=""font-size: 13pt"">Исполнение:</span></h2>
<ul>
	<li>Дисковые экранированные магниты.</li>
	<li>Сталь оцинкованная.</li>
	<li>Синтетическая резина черного цвета.</li>
</ul>
<hr>
<h2><span style=""font-size: 13pt"">Указания по применению:</span></h2>
<ul>
	<li>Данные магниты хорошо подходят в качестве креплений (держателей).</li>
	<li>Температура эксплуатации: до +60°C.</li>
	<li>Оболочка предназначена для защиты чувствительных поверхностей.</li>
	<li>Благодаря защитной оболочке повышается коэффициент трения, что позволяет достичь высокого бокового трения сцепления.</li>
</ul></span>"
K0564 Магниты с наружной резьбой и защитной оболочкой;https://alterv.ru/catalog/magnity_postoyannye/k0564_magnity_s_naruzhnoy_rezboy_i_zashchitnoy_obolochkoy/;Kipp;Главная > Каталог > Промышленная фурнитура > Магниты постоянные > K0564 Магниты с наружной резьбой и защитной оболочкой;https://alterv.ru/upload/iblock/d32/k0564_magnity.jpg;https://alterv.ru/upload/iblock/e49/Z09116_nn_ru.jpg;"<h2><span style=""font-size: 13pt;"">Материалы:</span></h2>
<ul>
	<li>Корпус из стали.</li>
	<li>Магнитный сердечник из неодима (NdFeB).</li>
	<li>Защитная оболочка из синтетической резины.</li>
</ul>
<hr>
<h2><span style=""font-size: 13pt;"">Исполнение:</span></h2>
<ul>
	<li>Дисковые экранированные магниты.</li>
	<li>Сталь оцинкованная.</li>
	<li>Синтетическая резина черного цвета.</li>
</ul>
<hr>
<h2><span style=""font-size: 13pt;"">Указания по применению:</span></h2>
<ul>
	<li>Данные магниты хорошо подходят в качестве креплений (держателей).</li>
	<li>Температура эксплуатации: до +60°C.</li>
	<li>Оболочка предназначена для защиты чувствительных поверхностей.</li>
	<li>Благодаря защитной оболочке повышается коэффициент трения, что позволяет достичь высокого бокового трения сцепления.</li>
</ul>";K0564.02;43;6;8,67;Под заказ;2027,25;;;M6;21;15;;;;;;;;;;;;;;;;;"<span style=""font-family: 'Open Sans', sans-serif""><h2><span style=""font-size: 13pt"">Материалы:</span></h2>
<ul>
	<li>Корпус из стали.</li>
	<li>Магнитный сердечник из неодима (NdFeB).</li>
	<li>Защитная оболочка из синтетической резины.</li>
</ul>
<hr>
<h2><span style=""font-size: 13pt"">Исполнение:</span></h2>
<ul>
	<li>Дисковые экранированные магниты.</li>
	<li>Сталь оцинкованная.</li>
	<li>Синтетическая резина черного цвета.</li>
</ul>
<hr>
<h2><span style=""font-size: 13pt"">Указания по применению:</span></h2>
<ul>
	<li>Данные магниты хорошо подходят в качестве креплений (держателей).</li>
	<li>Температура эксплуатации: до +60°C.</li>
	<li>Оболочка предназначена для защиты чувствительных поверхностей.</li>
	<li>Благодаря защитной оболочке повышается коэффициент трения, что позволяет достичь высокого бокового трения сцепления.</li>
</ul></span>"
K0564 Магниты с наружной резьбой и защитной оболочкой;https://alterv.ru/catalog/magnity_postoyannye/k0564_magnity_s_naruzhnoy_rezboy_i_zashchitnoy_obolochkoy/;Kipp;Главная > Каталог > Промышленная фурнитура > Магниты постоянные > K0564 Магниты с наружной резьбой и защитной оболочкой;https://alterv.ru/upload/iblock/d32/k0564_magnity.jpg;https://alterv.ru/upload/iblock/e49/Z09116_nn_ru.jpg;"<h2><span style=""font-size: 13pt;"">Материалы:</span></h2>
<ul>
	<li>Корпус из стали.</li>
	<li>Магнитный сердечник из неодима (NdFeB).</li>
	<li>Защитная оболочка из синтетической резины.</li>
</ul>
<hr>
<h2><span style=""font-size: 13pt;"">Исполнение:</span></h2>
<ul>
	<li>Дисковые экранированные магниты.</li>
	<li>Сталь оцинкованная.</li>
	<li>Синтетическая резина черного цвета.</li>
</ul>
<hr>
<h2><span style=""font-size: 13pt;"">Указания по применению:</span></h2>
<ul>
	<li>Данные магниты хорошо подходят в качестве креплений (держателей).</li>
	<li>Температура эксплуатации: до +60°C.</li>
	<li>Оболочка предназначена для защиты чувствительных поверхностей.</li>
	<li>Благодаря защитной оболочке повышается коэффициент трения, что позволяет достичь высокого бокового трения сцепления.</li>
</ul>";K0564.03;66;8,2;18,35;Под заказ;3568,5;;;M8;23;14,8;;;;;;;;;;;;;;;;;"<span style=""font-family: 'Open Sans', sans-serif""><h2><span style=""font-size: 13pt"">Материалы:</span></h2>
<ul>
	<li>Корпус из стали.</li>
	<li>Магнитный сердечник из неодима (NdFeB).</li>
	<li>Защитная оболочка из синтетической резины.</li>
</ul>
<hr>
<h2><span style=""font-size: 13pt"">Исполнение:</span></h2>
<ul>
	<li>Дисковые экранированные магниты.</li>
	<li>Сталь оцинкованная.</li>
	<li>Синтетическая резина черного цвета.</li>
</ul>
<hr>
<h2><span style=""font-size: 13pt"">Указания по применению:</span></h2>
<ul>
	<li>Данные магниты хорошо подходят в качестве креплений (держателей).</li>
	<li>Температура эксплуатации: до +60°C.</li>
	<li>Оболочка предназначена для защиты чувствительных поверхностей.</li>
	<li>Благодаря защитной оболочке повышается коэффициент трения, что позволяет достичь высокого бокового трения сцепления.</li>
</ul></span>"
K0564 Магниты с наружной резьбой и защитной оболочкой;https://alterv.ru/catalog/magnity_postoyannye/k0564_magnity_s_naruzhnoy_rezboy_i_zashchitnoy_obolochkoy/;Kipp;Главная > Каталог > Промышленная фурнитура > Магниты постоянные > K0564 Магниты с наружной резьбой и защитной оболочкой;https://alterv.ru/upload/iblock/d32/k0564_magnity.jpg;https://alterv.ru/upload/iblock/e49/Z09116_nn_ru.jpg;"<h2><span style=""font-size: 13pt;"">Материалы:</span></h2>
<ul>
	<li>Корпус из стали.</li>
	<li>Магнитный сердечник из неодима (NdFeB).</li>
	<li>Защитная оболочка из синтетической резины.</li>
</ul>
<hr>
<h2><span style=""font-size: 13pt;"">Исполнение:</span></h2>
<ul>
	<li>Дисковые экранированные магниты.</li>
	<li>Сталь оцинкованная.</li>
	<li>Синтетическая резина черного цвета.</li>
</ul>
<hr>
<h2><span style=""font-size: 13pt;"">Указания по применению:</span></h2>
<ul>
	<li>Данные магниты хорошо подходят в качестве креплений (держателей).</li>
	<li>Температура эксплуатации: до +60°C.</li>
	<li>Оболочка предназначена для защиты чувствительных поверхностей.</li>
	<li>Благодаря защитной оболочке повышается коэффициент трения, что позволяет достичь высокого бокового трения сцепления.</li>
</ul>";K0564.04;88;8,2;42,83;Под заказ;7530,41;;;M8;23,5;15,3;;;;;;;;;;;;;;;;;"<span style=""font-family: 'Open Sans', sans-serif""><h2><span style=""font-size: 13pt"">Материалы:</span></h2>
<ul>
	<li>Корпус из стали.</li>
	<li>Магнитный сердечник из неодима (NdFeB).</li>
	<li>Защитная оболочка из синтетической резины.</li>
</ul>
<hr>
<h2><span style=""font-size: 13pt"">Исполнение:</span></h2>
<ul>
	<li>Дисковые экранированные магниты.</li>
	<li>Сталь оцинкованная.</li>
	<li>Синтетическая резина черного цвета.</li>
</ul>
<hr>
<h2><span style=""font-size: 13pt"">Указания по применению:</span></h2>
<ul>
	<li>Данные магниты хорошо подходят в качестве креплений (держателей).</li>
	<li>Температура эксплуатации: до +60°C.</li>
	<li>Оболочка предназначена для защиты чувствительных поверхностей.</li>
	<li>Благодаря защитной оболочке повышается коэффициент трения, что позволяет достичь высокого бокового трения сцепления.</li>
</ul></span>"
K0564 Магниты с наружной резьбой и защитной оболочкой;https://alterv.ru/catalog/magnity_postoyannye/k0564_magnity_s_naruzhnoy_rezboy_i_zashchitnoy_obolochkoy/;Kipp;Главная > Каталог > Промышленная фурнитура > Магниты постоянные > K0564 Магниты с наружной резьбой и защитной оболочкой;https://alterv.ru/upload/iblock/d32/k0564_magnity.jpg;https://alterv.ru/upload/iblock/e49/Z09116_nn_ru.jpg;"<h2><span style=""font-size: 13pt;"">Материалы:</span></h2>
<ul>
	<li>Корпус из стали.</li>
	<li>Магнитный сердечник из неодима (NdFeB).</li>
	<li>Защитная оболочка из синтетической резины.</li>
</ul>
<hr>
<h2><span style=""font-size: 13pt;"">Исполнение:</span></h2>
<ul>
	<li>Дисковые экранированные магниты.</li>
	<li>Сталь оцинкованная.</li>
	<li>Синтетическая резина черного цвета.</li>
</ul>
<hr>
<h2><span style=""font-size: 13pt;"">Указания по применению:</span></h2>
<ul>
	<li>Данные магниты хорошо подходят в качестве креплений (держателей).</li>
	<li>Температура эксплуатации: до +60°C.</li>
	<li>Оболочка предназначена для защиты чувствительных поверхностей.</li>
	<li>Благодаря защитной оболочке повышается коэффициент трения, что позволяет достичь высокого бокового трения сцепления.</li>
</ul>";K0564.05;12;7;1,33;Под заказ;833,13;;;M4;15,5;8,5;;;;;;;;;;;;;;;;;"<span style=""font-family: 'Open Sans', sans-serif""><h2><span style=""font-size: 13pt"">Материалы:</span></h2>
<ul>
	<li>Корпус из стали.</li>
	<li>Магнитный сердечник из неодима (NdFeB).</li>
	<li>Защитная оболочка из синтетической резины.</li>
</ul>
<hr>
<h2><span style=""font-size: 13pt"">Исполнение:</span></h2>
<ul>
	<li>Дисковые экранированные магниты.</li>
	<li>Сталь оцинкованная.</li>
	<li>Синтетическая резина черного цвета.</li>
</ul>
<hr>
<h2><span style=""font-size: 13pt"">Указания по применению:</span></h2>
<ul>
	<li>Данные магниты хорошо подходят в качестве креплений (держателей).</li>
	<li>Температура эксплуатации: до +60°C.</li>
	<li>Оболочка предназначена для защиты чувствительных поверхностей.</li>
	<li>Благодаря защитной оболочке повышается коэффициент трения, что позволяет достичь высокого бокового трения сцепления.</li>
</ul></span>"
K0564 Магниты с наружной резьбой и защитной оболочкой;https://alterv.ru/catalog/magnity_postoyannye/k0564_magnity_s_naruzhnoy_rezboy_i_zashchitnoy_obolochkoy/;Kipp;Главная > Каталог > Промышленная фурнитура > Магниты постоянные > K0564 Магниты с наружной резьбой и защитной оболочкой;https://alterv.ru/upload/iblock/d32/k0564_magnity.jpg;https://alterv.ru/upload/iblock/e49/Z09116_nn_ru.jpg;"<h2><span style=""font-size: 13pt;"">Материалы:</span></h2>
<ul>
	<li>Корпус из стали.</li>
	<li>Магнитный сердечник из неодима (NdFeB).</li>
	<li>Защитная оболочка из синтетической резины.</li>
</ul>
<hr>
<h2><span style=""font-size: 13pt;"">Исполнение:</span></h2>
<ul>
	<li>Дисковые экранированные магниты.</li>
	<li>Сталь оцинкованная.</li>
	<li>Синтетическая резина черного цвета.</li>
</ul>
<hr>
<h2><span style=""font-size: 13pt;"">Указания по применению:</span></h2>
<ul>
	<li>Данные магниты хорошо подходят в качестве креплений (держателей).</li>
	<li>Температура эксплуатации: до +60°C.</li>
	<li>Оболочка предназначена для защиты чувствительных поверхностей.</li>
	<li>Благодаря защитной оболочке повышается коэффициент трения, что позволяет достичь высокого бокового трения сцепления.</li>
</ul>";K0564.06;18;6;3,77;Под заказ;1337,62;;;M4;12;6;;;;;;;;;;;;;;;;;"<span style=""font-family: 'Open Sans', sans-serif""><h2><span style=""font-size: 13pt"">Материалы:</span></h2>
<ul>
	<li>Корпус из стали.</li>
	<li>Магнитный сердечник из неодима (NdFeB).</li>
	<li>Защитная оболочка из синтетической резины.</li>
</ul>
<hr>
<h2><span style=""font-size: 13pt"">Исполнение:</span></h2>
<ul>
	<li>Дисковые экранированные магниты.</li>
	<li>Сталь оцинкованная.</li>
	<li>Синтетическая резина черного цвета.</li>
</ul>
<hr>
<h2><span style=""font-size: 13pt"">Указания по применению:</span></h2>
<ul>
	<li>Данные магниты хорошо подходят в качестве креплений (держателей).</li>
	<li>Температура эксплуатации: до +60°C.</li>
	<li>Оболочка предназначена для защиты чувствительных поверхностей.</li>
	<li>Благодаря защитной оболочке повышается коэффициент трения, что позволяет достичь высокого бокового трения сцепления.</li>
</ul></span>"
K0564 Магниты с наружной резьбой и защитной оболочкой;https://alterv.ru/catalog/magnity_postoyannye/k0564_magnity_s_naruzhnoy_rezboy_i_zashchitnoy_obolochkoy/;Kipp;Главная > Каталог > Промышленная фурнитура > Магниты постоянные > K0564 Магниты с наружной резьбой и защитной оболочкой;https://alterv.ru/upload/iblock/d32/k0564_magnity.jpg;https://alterv.ru/upload/iblock/e49/Z09116_nn_ru.jpg;"<h2><span style=""font-size: 13pt;"">Материалы:</span></h2>
<ul>
	<li>Корпус из стали.</li>
	<li>Магнитный сердечник из неодима (NdFeB).</li>
	<li>Защитная оболочка из синтетической резины.</li>
</ul>
<hr>
<h2><span style=""font-size: 13pt;"">Исполнение:</span></h2>
<ul>
	<li>Дисковые экранированные магниты.</li>
	<li>Сталь оцинкованная.</li>
	<li>Синтетическая резина черного цвета.</li>
</ul>
<hr>
<h2><span style=""font-size: 13pt;"">Указания по применению:</span></h2>
<ul>
	<li>Данные магниты хорошо подходят в качестве креплений (держателей).</li>
	<li>Температура эксплуатации: до +60°C.</li>
	<li>Оболочка предназначена для защиты чувствительных поверхностей.</li>
	<li>Благодаря защитной оболочке повышается коэффициент трения, что позволяет достичь высокого бокового трения сцепления.</li>
</ul>";K0564.07;31;6;9,08;Под заказ;1874,51;;;M6;17;11;;;;;;;;;;;;;;;;;"<span style=""font-family: 'Open Sans', sans-serif""><h2><span style=""font-size: 13pt"">Материалы:</span></h2>
<ul>
	<li>Корпус из стали.</li>
	<li>Магнитный сердечник из неодима (NdFeB).</li>
	<li>Защитная оболочка из синтетической резины.</li>
</ul>
<hr>
<h2><span style=""font-size: 13pt"">Исполнение:</span></h2>
<ul>
	<li>Дисковые экранированные магниты.</li>
	<li>Сталь оцинкованная.</li>
	<li>Синтетическая резина черного цвета.</li>
</ul>
<hr>
<h2><span style=""font-size: 13pt"">Указания по применению:</span></h2>
<ul>
	<li>Данные магниты хорошо подходят в качестве креплений (держателей).</li>
	<li>Температура эксплуатации: до +60°C.</li>
	<li>Оболочка предназначена для защиты чувствительных поверхностей.</li>
	<li>Благодаря защитной оболочке повышается коэффициент трения, что позволяет достичь высокого бокового трения сцепления.</li>
</ul></span>"
K1395 Магниты цилиндрические неодимовые экранированные;https://alterv.ru/catalog/magnity_postoyannye/k1395_magnity_tsilindricheskie_neodimovye_ekranirovannye/;Kipp;Главная > Каталог > Промышленная фурнитура > Магниты постоянные > K1395 Магниты цилиндрические неодимовые экранированные;https://alterv.ru/upload/iblock/b66/k1395_magnity_cilindricheskie.jpg, https://alterv.ru/upload/iblock/e13/k1395_magnity_cilindricheskiea.jpg, https://alterv.ru/upload/iblock/9ef/k1395_magnity_cilindricheskieb.jpg;https://alterv.ru/upload/iblock/eaf/Z09067_10_K1395_nn_de_print.jpg, https://alterv.ru/upload/iblock/771/Z09067_10_K1395_nn_de_A.jpg, https://alterv.ru/upload/iblock/851/Z09067_10_K1395_nn_de_B.jpg;"<h2><span style=""font-size: 13pt;"">Материалы:</span></h2>
<ul>
	<li>Корпус из латуни.</li>
	<li>Магнитный сердечник из неодима (NdFeB).</li>
</ul>
<hr>
<h2><span style=""font-size: 13pt;"">Исполнение:</span></h2>
<ul>
	<li>Гладкий корпус.</li>
	<li>Диаметр ""D"" шлифованный.</li>
</ul>
<hr>
<h2><span style=""font-size: 13pt;"">Указания по применению:</span></h2>
<ul>
	<li>Температура эксплуатации: до +80°C.</li>
	<li>Цилиндрические магниты и размер ""H"" (только для формы A) могут быть уменьшены с сохранением прежней силы сцепления.</li>
	<li>Цилиндрические магниты можно устанавливать методами запрессовки, усадки или вклеивания.</li>
	<li>Внимание! Цилиндрические магниты из неодима нельзя напрямую впрессовывать в железо, так как в результате магнитного замыкания возникнут потери силы сцепления.</li>
</ul>";K1395.106;6;20;1,02;Под заказ;717,41;A;;;10;;;;1,5;;;;;;;;;;;;;;"<span style=""font-family: 'Open Sans', sans-serif""><h2><span style=""font-size: 13pt"">Материалы:</span></h2>
<ul>
	<li>Корпус из латуни.</li>
	<li>Магнитный сердечник из неодима (NdFeB).</li>
</ul>
<hr>
<h2><span style=""font-size: 13pt"">Исполнение:</span></h2>
<ul>
	<li>Гладкий корпус.</li>
	<li>Диаметр ""D"" шлифованный.</li>
</ul>
<hr>
<h2><span style=""font-size: 13pt"">Указания по применению:</span></h2>
<ul>
	<li>Температура эксплуатации: до +80°C.</li>
	<li>Цилиндрические магниты и размер ""H"" (только для формы A) могут быть уменьшены с сохранением прежней силы сцепления.</li>
	<li>Цилиндрические магниты можно устанавливать методами запрессовки, усадки или вклеивания.</li>
	<li>Внимание! Цилиндрические магниты из неодима нельзя напрямую впрессовывать в железо, так как в результате магнитного замыкания возникнут потери силы сцепления.</li>
</ul></span>"
K1395 Магниты цилиндрические неодимовые экранированные;https://alterv.ru/catalog/magnity_postoyannye/k1395_magnity_tsilindricheskie_neodimovye_ekranirovannye/;Kipp;Главная > Каталог > Промышленная фурнитура > Магниты постоянные > K1395 Магниты цилиндрические неодимовые экранированные;https://alterv.ru/upload/iblock/b66/k1395_magnity_cilindricheskie.jpg, https://alterv.ru/upload/iblock/e13/k1395_magnity_cilindricheskiea.jpg, https://alterv.ru/upload/iblock/9ef/k1395_magnity_cilindricheskieb.jpg;https://alterv.ru/upload/iblock/eaf/Z09067_10_K1395_nn_de_print.jpg, https://alterv.ru/upload/iblock/771/Z09067_10_K1395_nn_de_A.jpg, https://alterv.ru/upload/iblock/851/Z09067_10_K1395_nn_de_B.jpg;"<h2><span style=""font-size: 13pt;"">Материалы:</span></h2>
<ul>
	<li>Корпус из латуни.</li>
	<li>Магнитный сердечник из неодима (NdFeB).</li>
</ul>
<hr>
<h2><span style=""font-size: 13pt;"">Исполнение:</span></h2>
<ul>
	<li>Гладкий корпус.</li>
	<li>Диаметр ""D"" шлифованный.</li>
</ul>
<hr>
<h2><span style=""font-size: 13pt;"">Указания по применению:</span></h2>
<ul>
	<li>Температура эксплуатации: до +80°C.</li>
	<li>Цилиндрические магниты и размер ""H"" (только для формы A) могут быть уменьшены с сохранением прежней силы сцепления.</li>
	<li>Цилиндрические магниты можно устанавливать методами запрессовки, усадки или вклеивания.</li>
	<li>Внимание! Цилиндрические магниты из неодима нельзя напрямую впрессовывать в железо, так как в результате магнитного замыкания возникнут потери силы сцепления.</li>
</ul>";K1395.108;8;20;2,55;Под заказ;782,19;A;;;10;;;;1,5;;;;;;;;;;;;;;"<span style=""font-family: 'Open Sans', sans-serif""><h2><span style=""font-size: 13pt"">Материалы:</span></h2>
<ul>
	<li>Корпус из латуни.</li>
	<li>Магнитный сердечник из неодима (NdFeB).</li>
</ul>
<hr>
<h2><span style=""font-size: 13pt"">Исполнение:</span></h2>
<ul>
	<li>Гладкий корпус.</li>
	<li>Диаметр ""D"" шлифованный.</li>
</ul>
<hr>
<h2><span style=""font-size: 13pt"">Указания по применению:</span></h2>
<ul>
	<li>Температура эксплуатации: до +80°C.</li>
	<li>Цилиндрические магниты и размер ""H"" (только для формы A) могут быть уменьшены с сохранением прежней силы сцепления.</li>
	<li>Цилиндрические магниты можно устанавливать методами запрессовки, усадки или вклеивания.</li>
	<li>Внимание! Цилиндрические магниты из неодима нельзя напрямую впрессовывать в железо, так как в результате магнитного замыкания возникнут потери силы сцепления.</li>
</ul></span>"
K1395 Магниты цилиндрические неодимовые экранированные;https://alterv.ru/catalog/magnity_postoyannye/k1395_magnity_tsilindricheskie_neodimovye_ekranirovannye/;Kipp;Главная > Каталог > Промышленная фурнитура > Магниты постоянные > K1395 Магниты цилиндрические неодимовые экранированные;https://alterv.ru/upload/iblock/b66/k1395_magnity_cilindricheskie.jpg, https://alterv.ru/upload/iblock/e13/k1395_magnity_cilindricheskiea.jpg, https://alterv.ru/upload/iblock/9ef/k1395_magnity_cilindricheskieb.jpg;https://alterv.ru/upload/iblock/eaf/Z09067_10_K1395_nn_de_print.jpg, https://alterv.ru/upload/iblock/771/Z09067_10_K1395_nn_de_A.jpg, https://alterv.ru/upload/iblock/851/Z09067_10_K1395_nn_de_B.jpg;"<h2><span style=""font-size: 13pt;"">Материалы:</span></h2>
<ul>
	<li>Корпус из латуни.</li>
	<li>Магнитный сердечник из неодима (NdFeB).</li>
</ul>
<hr>
<h2><span style=""font-size: 13pt;"">Исполнение:</span></h2>
<ul>
	<li>Гладкий корпус.</li>
	<li>Диаметр ""D"" шлифованный.</li>
</ul>
<hr>
<h2><span style=""font-size: 13pt;"">Указания по применению:</span></h2>
<ul>
	<li>Температура эксплуатации: до +80°C.</li>
	<li>Цилиндрические магниты и размер ""H"" (только для формы A) могут быть уменьшены с сохранением прежней силы сцепления.</li>
	<li>Цилиндрические магниты можно устанавливать методами запрессовки, усадки или вклеивания.</li>
	<li>Внимание! Цилиндрические магниты из неодима нельзя напрямую впрессовывать в железо, так как в результате магнитного замыкания возникнут потери силы сцепления.</li>
</ul>";K1395.110;10;20;4,59;Под заказ;902,53;A;;;8;;;;2;;;;;;;;;;;;;;"<span style=""font-family: 'Open Sans', sans-serif""><h2><span style=""font-size: 13pt"">Материалы:</span></h2>
<ul>
	<li>Корпус из латуни.</li>
	<li>Магнитный сердечник из неодима (NdFeB).</li>
</ul>
<hr>
<h2><span style=""font-size: 13pt"">Исполнение:</span></h2>
<ul>
	<li>Гладкий корпус.</li>
	<li>Диаметр ""D"" шлифованный.</li>
</ul>
<hr>
<h2><span style=""font-size: 13pt"">Указания по применению:</span></h2>
<ul>
	<li>Температура эксплуатации: до +80°C.</li>
	<li>Цилиндрические магниты и размер ""H"" (только для формы A) могут быть уменьшены с сохранением прежней силы сцепления.</li>
	<li>Цилиндрические магниты можно устанавливать методами запрессовки, усадки или вклеивания.</li>
	<li>Внимание! Цилиндрические магниты из неодима нельзя напрямую впрессовывать в железо, так как в результате магнитного замыкания возникнут потери силы сцепления.</li>
</ul></span>"
K1395 Магниты цилиндрические неодимовые экранированные;https://alterv.ru/catalog/magnity_postoyannye/k1395_magnity_tsilindricheskie_neodimovye_ekranirovannye/;Kipp;Главная > Каталог > Промышленная фурнитура > Магниты постоянные > K1395 Магниты цилиндрические неодимовые экранированные;https://alterv.ru/upload/iblock/b66/k1395_magnity_cilindricheskie.jpg, https://alterv.ru/upload/iblock/e13/k1395_magnity_cilindricheskiea.jpg, https://alterv.ru/upload/iblock/9ef/k1395_magnity_cilindricheskieb.jpg;https://alterv.ru/upload/iblock/eaf/Z09067_10_K1395_nn_de_print.jpg, https://alterv.ru/upload/iblock/771/Z09067_10_K1395_nn_de_A.jpg, https://alterv.ru/upload/iblock/851/Z09067_10_K1395_nn_de_B.jpg;"<h2><span style=""font-size: 13pt;"">Материалы:</span></h2>
<ul>
	<li>Корпус из латуни.</li>
	<li>Магнитный сердечник из неодима (NdFeB).</li>
</ul>
<hr>
<h2><span style=""font-size: 13pt;"">Исполнение:</span></h2>
<ul>
	<li>Гладкий корпус.</li>
	<li>Диаметр ""D"" шлифованный.</li>
</ul>
<hr>
<h2><span style=""font-size: 13pt;"">Указания по применению:</span></h2>
<ul>
	<li>Температура эксплуатации: до +80°C.</li>
	<li>Цилиндрические магниты и размер ""H"" (только для формы A) могут быть уменьшены с сохранением прежней силы сцепления.</li>
	<li>Цилиндрические магниты можно устанавливать методами запрессовки, усадки или вклеивания.</li>
	<li>Внимание! Цилиндрические магниты из неодима нельзя напрямую впрессовывать в железо, так как в результате магнитного замыкания возникнут потери силы сцепления.</li>
</ul>";K1395.113;13;20;7,14;Под заказ;1092,3;A;;;6;;;;2,5;;;;;;;;;;;;;;"<span style=""font-family: 'Open Sans', sans-serif""><h2><span style=""font-size: 13pt"">Материалы:</span></h2>
<ul>
	<li>Корпус из латуни.</li>
	<li>Магнитный сердечник из неодима (NdFeB).</li>
</ul>
<hr>
<h2><span style=""font-size: 13pt"">Исполнение:</span></h2>
<ul>
	<li>Гладкий корпус.</li>
	<li>Диаметр ""D"" шлифованный.</li>
</ul>
<hr>
<h2><span style=""font-size: 13pt"">Указания по применению:</span></h2>
<ul>
	<li>Температура эксплуатации: до +80°C.</li>
	<li>Цилиндрические магниты и размер ""H"" (только для формы A) могут быть уменьшены с сохранением прежней силы сцепления.</li>
	<li>Цилиндрические магниты можно устанавливать методами запрессовки, усадки или вклеивания.</li>
	<li>Внимание! Цилиндрические магниты из неодима нельзя напрямую впрессовывать в железо, так как в результате магнитного замыкания возникнут потери силы сцепления.</li>
</ul></span>"
K1395 Магниты цилиндрические неодимовые экранированные;https://alterv.ru/catalog/magnity_postoyannye/k1395_magnity_tsilindricheskie_neodimovye_ekranirovannye/;Kipp;Главная > Каталог > Промышленная фурнитура > Магниты постоянные > K1395 Магниты цилиндрические неодимовые экранированные;https://alterv.ru/upload/iblock/b66/k1395_magnity_cilindricheskie.jpg, https://alterv.ru/upload/iblock/e13/k1395_magnity_cilindricheskiea.jpg, https://alterv.ru/upload/iblock/9ef/k1395_magnity_cilindricheskieb.jpg;https://alterv.ru/upload/iblock/eaf/Z09067_10_K1395_nn_de_print.jpg, https://alterv.ru/upload/iblock/771/Z09067_10_K1395_nn_de_A.jpg, https://alterv.ru/upload/iblock/851/Z09067_10_K1395_nn_de_B.jpg;"<h2><span style=""font-size: 13pt;"">Материалы:</span></h2>
<ul>
	<li>Корпус из латуни.</li>
	<li>Магнитный сердечник из неодима (NdFeB).</li>
</ul>
<hr>
<h2><span style=""font-size: 13pt;"">Исполнение:</span></h2>
<ul>
	<li>Гладкий корпус.</li>
	<li>Диаметр ""D"" шлифованный.</li>
</ul>
<hr>
<h2><span style=""font-size: 13pt;"">Указания по применению:</span></h2>
<ul>
	<li>Температура эксплуатации: до +80°C.</li>
	<li>Цилиндрические магниты и размер ""H"" (только для формы A) могут быть уменьшены с сохранением прежней силы сцепления.</li>
	<li>Цилиндрические магниты можно устанавливать методами запрессовки, усадки или вклеивания.</li>
	<li>Внимание! Цилиндрические магниты из неодима нельзя напрямую впрессовывать в железо, так как в результате магнитного замыкания возникнут потери силы сцепления.</li>
</ul>";K1395.116;16;20;15,3;Под заказ;1411,67;A;;;2;;;;3;;;;;;;;;;;;;;"<span style=""font-family: 'Open Sans', sans-serif""><h2><span style=""font-size: 13pt"">Материалы:</span></h2>
<ul>
	<li>Корпус из латуни.</li>
	<li>Магнитный сердечник из неодима (NdFeB).</li>
</ul>
<hr>
<h2><span style=""font-size: 13pt"">Исполнение:</span></h2>
<ul>
	<li>Гладкий корпус.</li>
	<li>Диаметр ""D"" шлифованный.</li>
</ul>
<hr>
<h2><span style=""font-size: 13pt"">Указания по применению:</span></h2>
<ul>
	<li>Температура эксплуатации: до +80°C.</li>
	<li>Цилиндрические магниты и размер ""H"" (только для формы A) могут быть уменьшены с сохранением прежней силы сцепления.</li>
	<li>Цилиндрические магниты можно устанавливать методами запрессовки, усадки или вклеивания.</li>
	<li>Внимание! Цилиндрические магниты из неодима нельзя напрямую впрессовывать в железо, так как в результате магнитного замыкания возникнут потери силы сцепления.</li>
</ul></span>"
K1395 Магниты цилиндрические неодимовые экранированные;https://alterv.ru/catalog/magnity_postoyannye/k1395_magnity_tsilindricheskie_neodimovye_ekranirovannye/;Kipp;Главная > Каталог > Промышленная фурнитура > Магниты постоянные > K1395 Магниты цилиндрические неодимовые экранированные;https://alterv.ru/upload/iblock/b66/k1395_magnity_cilindricheskie.jpg, https://alterv.ru/upload/iblock/e13/k1395_magnity_cilindricheskiea.jpg, https://alterv.ru/upload/iblock/9ef/k1395_magnity_cilindricheskieb.jpg;https://alterv.ru/upload/iblock/eaf/Z09067_10_K1395_nn_de_print.jpg, https://alterv.ru/upload/iblock/771/Z09067_10_K1395_nn_de_A.jpg, https://alterv.ru/upload/iblock/851/Z09067_10_K1395_nn_de_B.jpg;"<h2><span style=""font-size: 13pt;"">Материалы:</span></h2>
<ul>
	<li>Корпус из латуни.</li>
	<li>Магнитный сердечник из неодима (NdFeB).</li>
</ul>
<hr>
<h2><span style=""font-size: 13pt;"">Исполнение:</span></h2>
<ul>
	<li>Гладкий корпус.</li>
	<li>Диаметр ""D"" шлифованный.</li>
</ul>
<hr>
<h2><span style=""font-size: 13pt;"">Указания по применению:</span></h2>
<ul>
	<li>Температура эксплуатации: до +80°C.</li>
	<li>Цилиндрические магниты и размер ""H"" (только для формы A) могут быть уменьшены с сохранением прежней силы сцепления.</li>
	<li>Цилиндрические магниты можно устанавливать методами запрессовки, усадки или вклеивания.</li>
	<li>Внимание! Цилиндрические магниты из неодима нельзя напрямую впрессовывать в железо, так как в результате магнитного замыкания возникнут потери силы сцепления.</li>
</ul>";K1395.120;20;25;28,55;Под заказ;1851,35;A;;;5;;;;4;;;;;;;;;;;;;;"<span style=""font-family: 'Open Sans', sans-serif""><h2><span style=""font-size: 13pt"">Материалы:</span></h2>
<ul>
	<li>Корпус из латуни.</li>
	<li>Магнитный сердечник из неодима (NdFeB).</li>
</ul>
<hr>
<h2><span style=""font-size: 13pt"">Исполнение:</span></h2>
<ul>
	<li>Гладкий корпус.</li>
	<li>Диаметр ""D"" шлифованный.</li>
</ul>
<hr>
<h2><span style=""font-size: 13pt"">Указания по применению:</span></h2>
<ul>
	<li>Температура эксплуатации: до +80°C.</li>
	<li>Цилиндрические магниты и размер ""H"" (только для формы A) могут быть уменьшены с сохранением прежней силы сцепления.</li>
	<li>Цилиндрические магниты можно устанавливать методами запрессовки, усадки или вклеивания.</li>
	<li>Внимание! Цилиндрические магниты из неодима нельзя напрямую впрессовывать в железо, так как в результате магнитного замыкания возникнут потери силы сцепления.</li>
</ul></span>"
K1395 Магниты цилиндрические неодимовые экранированные;https://alterv.ru/catalog/magnity_postoyannye/k1395_magnity_tsilindricheskie_neodimovye_ekranirovannye/;Kipp;Главная > Каталог > Промышленная фурнитура > Магниты постоянные > K1395 Магниты цилиндрические неодимовые экранированные;https://alterv.ru/upload/iblock/b66/k1395_magnity_cilindricheskie.jpg, https://alterv.ru/upload/iblock/e13/k1395_magnity_cilindricheskiea.jpg, https://alterv.ru/upload/iblock/9ef/k1395_magnity_cilindricheskieb.jpg;https://alterv.ru/upload/iblock/eaf/Z09067_10_K1395_nn_de_print.jpg, https://alterv.ru/upload/iblock/771/Z09067_10_K1395_nn_de_A.jpg, https://alterv.ru/upload/iblock/851/Z09067_10_K1395_nn_de_B.jpg;"<h2><span style=""font-size: 13pt;"">Материалы:</span></h2>
<ul>
	<li>Корпус из латуни.</li>
	<li>Магнитный сердечник из неодима (NdFeB).</li>
</ul>
<hr>
<h2><span style=""font-size: 13pt;"">Исполнение:</span></h2>
<ul>
	<li>Гладкий корпус.</li>
	<li>Диаметр ""D"" шлифованный.</li>
</ul>
<hr>
<h2><span style=""font-size: 13pt;"">Указания по применению:</span></h2>
<ul>
	<li>Температура эксплуатации: до +80°C.</li>
	<li>Цилиндрические магниты и размер ""H"" (только для формы A) могут быть уменьшены с сохранением прежней силы сцепления.</li>
	<li>Цилиндрические магниты можно устанавливать методами запрессовки, усадки или вклеивания.</li>
	<li>Внимание! Цилиндрические магниты из неодима нельзя напрямую впрессовывать в железо, так как в результате магнитного замыкания возникнут потери силы сцепления.</li>
</ul>";K1395.125;25;35;45,89;Под заказ;3698,1;A;;;7;;;;5;;;;;;;;;;;;;;"<span style=""font-family: 'Open Sans', sans-serif""><h2><span style=""font-size: 13pt"">Материалы:</span></h2>
<ul>
	<li>Корпус из латуни.</li>
	<li>Магнитный сердечник из неодима (NdFeB).</li>
</ul>
<hr>
<h2><span style=""font-size: 13pt"">Исполнение:</span></h2>
<ul>
	<li>Гладкий корпус.</li>
	<li>Диаметр ""D"" шлифованный.</li>
</ul>
<hr>
<h2><span style=""font-size: 13pt"">Указания по применению:</span></h2>
<ul>
	<li>Температура эксплуатации: до +80°C.</li>
	<li>Цилиндрические магниты и размер ""H"" (только для формы A) могут быть уменьшены с сохранением прежней силы сцепления.</li>
	<li>Цилиндрические магниты можно устанавливать методами запрессовки, усадки или вклеивания.</li>
	<li>Внимание! Цилиндрические магниты из неодима нельзя напрямую впрессовывать в железо, так как в результате магнитного замыкания возникнут потери силы сцепления.</li>
</ul></span>"
K1395 Магниты цилиндрические неодимовые экранированные;https://alterv.ru/catalog/magnity_postoyannye/k1395_magnity_tsilindricheskie_neodimovye_ekranirovannye/;Kipp;Главная > Каталог > Промышленная фурнитура > Магниты постоянные > K1395 Магниты цилиндрические неодимовые экранированные;https://alterv.ru/upload/iblock/b66/k1395_magnity_cilindricheskie.jpg, https://alterv.ru/upload/iblock/e13/k1395_magnity_cilindricheskiea.jpg, https://alterv.ru/upload/iblock/9ef/k1395_magnity_cilindricheskieb.jpg;https://alterv.ru/upload/iblock/eaf/Z09067_10_K1395_nn_de_print.jpg, https://alterv.ru/upload/iblock/771/Z09067_10_K1395_nn_de_A.jpg, https://alterv.ru/upload/iblock/851/Z09067_10_K1395_nn_de_B.jpg;"<h2><span style=""font-size: 13pt;"">Материалы:</span></h2>
<ul>
	<li>Корпус из латуни.</li>
	<li>Магнитный сердечник из неодима (NdFeB).</li>
</ul>
<hr>
<h2><span style=""font-size: 13pt;"">Исполнение:</span></h2>
<ul>
	<li>Гладкий корпус.</li>
	<li>Диаметр ""D"" шлифованный.</li>
</ul>
<hr>
<h2><span style=""font-size: 13pt;"">Указания по применению:</span></h2>
<ul>
	<li>Температура эксплуатации: до +80°C.</li>
	<li>Цилиндрические магниты и размер ""H"" (только для формы A) могут быть уменьшены с сохранением прежней силы сцепления.</li>
	<li>Цилиндрические магниты можно устанавливать методами запрессовки, усадки или вклеивания.</li>
	<li>Внимание! Цилиндрические магниты из неодима нельзя напрямую впрессовывать в железо, так как в результате магнитного замыкания возникнут потери силы сцепления.</li>
</ul>";K1395.132;32;40;71,38;Под заказ;6433,48;A;;;4,5;;;;6;;;;;;;;;;;;;;"<span style=""font-family: 'Open Sans', sans-serif""><h2><span style=""font-size: 13pt"">Материалы:</span></h2>
<ul>
	<li>Корпус из латуни.</li>
	<li>Магнитный сердечник из неодима (NdFeB).</li>
</ul>
<hr>
<h2><span style=""font-size: 13pt"">Исполнение:</span></h2>
<ul>
	<li>Гладкий корпус.</li>
	<li>Диаметр ""D"" шлифованный.</li>
</ul>
<hr>
<h2><span style=""font-size: 13pt"">Указания по применению:</span></h2>
<ul>
	<li>Температура эксплуатации: до +80°C.</li>
	<li>Цилиндрические магниты и размер ""H"" (только для формы A) могут быть уменьшены с сохранением прежней силы сцепления.</li>
	<li>Цилиндрические магниты можно устанавливать методами запрессовки, усадки или вклеивания.</li>
	<li>Внимание! Цилиндрические магниты из неодима нельзя напрямую впрессовывать в железо, так как в результате магнитного замыкания возникнут потери силы сцепления.</li>
</ul></span>"
K1395 Магниты цилиндрические неодимовые экранированные;https://alterv.ru/catalog/magnity_postoyannye/k1395_magnity_tsilindricheskie_neodimovye_ekranirovannye/;Kipp;Главная > Каталог > Промышленная фурнитура > Магниты постоянные > K1395 Магниты цилиндрические неодимовые экранированные;https://alterv.ru/upload/iblock/b66/k1395_magnity_cilindricheskie.jpg, https://alterv.ru/upload/iblock/e13/k1395_magnity_cilindricheskiea.jpg, https://alterv.ru/upload/iblock/9ef/k1395_magnity_cilindricheskieb.jpg;https://alterv.ru/upload/iblock/eaf/Z09067_10_K1395_nn_de_print.jpg, https://alterv.ru/upload/iblock/771/Z09067_10_K1395_nn_de_A.jpg, https://alterv.ru/upload/iblock/851/Z09067_10_K1395_nn_de_B.jpg;"<h2><span style=""font-size: 13pt;"">Материалы:</span></h2>
<ul>
	<li>Корпус из латуни.</li>
	<li>Магнитный сердечник из неодима (NdFeB).</li>
</ul>
<hr>
<h2><span style=""font-size: 13pt;"">Исполнение:</span></h2>
<ul>
	<li>Гладкий корпус.</li>
	<li>Диаметр ""D"" шлифованный.</li>
</ul>
<hr>
<h2><span style=""font-size: 13pt;"">Указания по применению:</span></h2>
<ul>
	<li>Температура эксплуатации: до +80°C.</li>
	<li>Цилиндрические магниты и размер ""H"" (только для формы A) могут быть уменьшены с сохранением прежней силы сцепления.</li>
	<li>Цилиндрические магниты можно устанавливать методами запрессовки, усадки или вклеивания.</li>
	<li>Внимание! Цилиндрические магниты из неодима нельзя напрямую впрессовывать в железо, так как в результате магнитного замыкания возникнут потери силы сцепления.</li>
</ul>";K1395.206;6;20;1,02;Под заказ;893,27;B;;;;;M3;5;1,5;;;;;;;;;;;;;;"<span style=""font-family: 'Open Sans', sans-serif""><h2><span style=""font-size: 13pt"">Материалы:</span></h2>
<ul>
	<li>Корпус из латуни.</li>
	<li>Магнитный сердечник из неодима (NdFeB).</li>
</ul>
<hr>
<h2><span style=""font-size: 13pt"">Исполнение:</span></h2>
<ul>
	<li>Гладкий корпус.</li>
	<li>Диаметр ""D"" шлифованный.</li>
</ul>
<hr>
<h2><span style=""font-size: 13pt"">Указания по применению:</span></h2>
<ul>
	<li>Температура эксплуатации: до +80°C.</li>
	<li>Цилиндрические магниты и размер ""H"" (только для формы A) могут быть уменьшены с сохранением прежней силы сцепления.</li>
	<li>Цилиндрические магниты можно устанавливать методами запрессовки, усадки или вклеивания.</li>
	<li>Внимание! Цилиндрические магниты из неодима нельзя напрямую впрессовывать в железо, так как в результате магнитного замыкания возникнут потери силы сцепления.</li>
</ul></span>"
K1395 Магниты цилиндрические неодимовые экранированные;https://alterv.ru/catalog/magnity_postoyannye/k1395_magnity_tsilindricheskie_neodimovye_ekranirovannye/;Kipp;Главная > Каталог > Промышленная фурнитура > Магниты постоянные > K1395 Магниты цилиндрические неодимовые экранированные;https://alterv.ru/upload/iblock/b66/k1395_magnity_cilindricheskie.jpg, https://alterv.ru/upload/iblock/e13/k1395_magnity_cilindricheskiea.jpg, https://alterv.ru/upload/iblock/9ef/k1395_magnity_cilindricheskieb.jpg;https://alterv.ru/upload/iblock/eaf/Z09067_10_K1395_nn_de_print.jpg, https://alterv.ru/upload/iblock/771/Z09067_10_K1395_nn_de_A.jpg, https://alterv.ru/upload/iblock/851/Z09067_10_K1395_nn_de_B.jpg;"<h2><span style=""font-size: 13pt;"">Материалы:</span></h2>
<ul>
	<li>Корпус из латуни.</li>
	<li>Магнитный сердечник из неодима (NdFeB).</li>
</ul>
<hr>
<h2><span style=""font-size: 13pt;"">Исполнение:</span></h2>
<ul>
	<li>Гладкий корпус.</li>
	<li>Диаметр ""D"" шлифованный.</li>
</ul>
<hr>
<h2><span style=""font-size: 13pt;"">Указания по применению:</span></h2>
<ul>
	<li>Температура эксплуатации: до +80°C.</li>
	<li>Цилиндрические магниты и размер ""H"" (только для формы A) могут быть уменьшены с сохранением прежней силы сцепления.</li>
	<li>Цилиндрические магниты можно устанавливать методами запрессовки, усадки или вклеивания.</li>
	<li>Внимание! Цилиндрические магниты из неодима нельзя напрямую впрессовывать в железо, так как в результате магнитного замыкания возникнут потери силы сцепления.</li>
</ul>";K1395.208;8;20;1,53;Под заказ;958,08;B;;;;;M3;5;1,5;;;;;;;;;;;;;;"<span style=""font-family: 'Open Sans', sans-serif""><h2><span style=""font-size: 13pt"">Материалы:</span></h2>
<ul>
	<li>Корпус из латуни.</li>
	<li>Магнитный сердечник из неодима (NdFeB).</li>
</ul>
<hr>
<h2><span style=""font-size: 13pt"">Исполнение:</span></h2>
<ul>
	<li>Гладкий корпус.</li>
	<li>Диаметр ""D"" шлифованный.</li>
</ul>
<hr>
<h2><span style=""font-size: 13pt"">Указания по применению:</span></h2>
<ul>
	<li>Температура эксплуатации: до +80°C.</li>
	<li>Цилиндрические магниты и размер ""H"" (только для формы A) могут быть уменьшены с сохранением прежней силы сцепления.</li>
	<li>Цилиндрические магниты можно устанавливать методами запрессовки, усадки или вклеивания.</li>
	<li>Внимание! Цилиндрические магниты из неодима нельзя напрямую впрессовывать в железо, так как в результате магнитного замыкания возникнут потери силы сцепления.</li>
</ul></span>"
K1395 Магниты цилиндрические неодимовые экранированные;https://alterv.ru/catalog/magnity_postoyannye/k1395_magnity_tsilindricheskie_neodimovye_ekranirovannye/;Kipp;Главная > Каталог > Промышленная фурнитура > Магниты постоянные > K1395 Магниты цилиндрические неодимовые экранированные;https://alterv.ru/upload/iblock/b66/k1395_magnity_cilindricheskie.jpg, https://alterv.ru/upload/iblock/e13/k1395_magnity_cilindricheskiea.jpg, https://alterv.ru/upload/iblock/9ef/k1395_magnity_cilindricheskieb.jpg;https://alterv.ru/upload/iblock/eaf/Z09067_10_K1395_nn_de_print.jpg, https://alterv.ru/upload/iblock/771/Z09067_10_K1395_nn_de_A.jpg, https://alterv.ru/upload/iblock/851/Z09067_10_K1395_nn_de_B.jpg;"<h2><span style=""font-size: 13pt;"">Материалы:</span></h2>
<ul>
	<li>Корпус из латуни.</li>
	<li>Магнитный сердечник из неодима (NdFeB).</li>
</ul>
<hr>
<h2><span style=""font-size: 13pt;"">Исполнение:</span></h2>
<ul>
	<li>Гладкий корпус.</li>
	<li>Диаметр ""D"" шлифованный.</li>
</ul>
<hr>
<h2><span style=""font-size: 13pt;"">Указания по применению:</span></h2>
<ul>
	<li>Температура эксплуатации: до +80°C.</li>
	<li>Цилиндрические магниты и размер ""H"" (только для формы A) могут быть уменьшены с сохранением прежней силы сцепления.</li>
	<li>Цилиндрические магниты можно устанавливать методами запрессовки, усадки или вклеивания.</li>
	<li>Внимание! Цилиндрические магниты из неодима нельзя напрямую впрессовывать в железо, так как в результате магнитного замыкания возникнут потери силы сцепления.</li>
</ul>";K1395.210;10;20;4,59;9;1092,3;B;;;;;M4;7;2;;;;;;;;;;;;;;"<span style=""font-family: 'Open Sans', sans-serif""><h2><span style=""font-size: 13pt"">Материалы:</span></h2>
<ul>
	<li>Корпус из латуни.</li>
	<li>Магнитный сердечник из неодима (NdFeB).</li>
</ul>
<hr>
<h2><span style=""font-size: 13pt"">Исполнение:</span></h2>
<ul>
	<li>Гладкий корпус.</li>
	<li>Диаметр ""D"" шлифованный.</li>
</ul>
<hr>
<h2><span style=""font-size: 13pt"">Указания по применению:</span></h2>
<ul>
	<li>Температура эксплуатации: до +80°C.</li>
	<li>Цилиндрические магниты и размер ""H"" (только для формы A) могут быть уменьшены с сохранением прежней силы сцепления.</li>
	<li>Цилиндрические магниты можно устанавливать методами запрессовки, усадки или вклеивания.</li>
	<li>Внимание! Цилиндрические магниты из неодима нельзя напрямую впрессовывать в железо, так как в результате магнитного замыкания возникнут потери силы сцепления.</li>
</ul></span>"
K1395 Магниты цилиндрические неодимовые экранированные;https://alterv.ru/catalog/magnity_postoyannye/k1395_magnity_tsilindricheskie_neodimovye_ekranirovannye/;Kipp;Главная > Каталог > Промышленная фурнитура > Магниты постоянные > K1395 Магниты цилиндрические неодимовые экранированные;https://alterv.ru/upload/iblock/b66/k1395_magnity_cilindricheskie.jpg, https://alterv.ru/upload/iblock/e13/k1395_magnity_cilindricheskiea.jpg, https://alterv.ru/upload/iblock/9ef/k1395_magnity_cilindricheskieb.jpg;https://alterv.ru/upload/iblock/eaf/Z09067_10_K1395_nn_de_print.jpg, https://alterv.ru/upload/iblock/771/Z09067_10_K1395_nn_de_A.jpg, https://alterv.ru/upload/iblock/851/Z09067_10_K1395_nn_de_B.jpg;"<h2><span style=""font-size: 13pt;"">Материалы:</span></h2>
<ul>
	<li>Корпус из латуни.</li>
	<li>Магнитный сердечник из неодима (NdFeB).</li>
</ul>
<hr>
<h2><span style=""font-size: 13pt;"">Исполнение:</span></h2>
<ul>
	<li>Гладкий корпус.</li>
	<li>Диаметр ""D"" шлифованный.</li>
</ul>
<hr>
<h2><span style=""font-size: 13pt;"">Указания по применению:</span></h2>
<ul>
	<li>Температура эксплуатации: до +80°C.</li>
	<li>Цилиндрические магниты и размер ""H"" (только для формы A) могут быть уменьшены с сохранением прежней силы сцепления.</li>
	<li>Цилиндрические магниты можно устанавливать методами запрессовки, усадки или вклеивания.</li>
	<li>Внимание! Цилиндрические магниты из неодима нельзя напрямую впрессовывать в железо, так как в результате магнитного замыкания возникнут потери силы сцепления.</li>
</ul>";K1395.213;13;20;7,14;Под заказ;1291,32;B;;;;;M4;7;2,5;;;;;;;;;;;;;;"<span style=""font-family: 'Open Sans', sans-serif""><h2><span style=""font-size: 13pt"">Материалы:</span></h2>
<ul>
	<li>Корпус из латуни.</li>
	<li>Магнитный сердечник из неодима (NdFeB).</li>
</ul>
<hr>
<h2><span style=""font-size: 13pt"">Исполнение:</span></h2>
<ul>
	<li>Гладкий корпус.</li>
	<li>Диаметр ""D"" шлифованный.</li>
</ul>
<hr>
<h2><span style=""font-size: 13pt"">Указания по применению:</span></h2>
<ul>
	<li>Температура эксплуатации: до +80°C.</li>
	<li>Цилиндрические магниты и размер ""H"" (только для формы A) могут быть уменьшены с сохранением прежней силы сцепления.</li>
	<li>Цилиндрические магниты можно устанавливать методами запрессовки, усадки или вклеивания.</li>
	<li>Внимание! Цилиндрические магниты из неодима нельзя напрямую впрессовывать в железо, так как в результате магнитного замыкания возникнут потери силы сцепления.</li>
</ul></span>"
K1395 Магниты цилиндрические неодимовые экранированные;https://alterv.ru/catalog/magnity_postoyannye/k1395_magnity_tsilindricheskie_neodimovye_ekranirovannye/;Kipp;Главная > Каталог > Промышленная фурнитура > Магниты постоянные > K1395 Магниты цилиндрические неодимовые экранированные;https://alterv.ru/upload/iblock/b66/k1395_magnity_cilindricheskie.jpg, https://alterv.ru/upload/iblock/e13/k1395_magnity_cilindricheskiea.jpg, https://alterv.ru/upload/iblock/9ef/k1395_magnity_cilindricheskieb.jpg;https://alterv.ru/upload/iblock/eaf/Z09067_10_K1395_nn_de_print.jpg, https://alterv.ru/upload/iblock/771/Z09067_10_K1395_nn_de_A.jpg, https://alterv.ru/upload/iblock/851/Z09067_10_K1395_nn_de_B.jpg;"<h2><span style=""font-size: 13pt;"">Материалы:</span></h2>
<ul>
	<li>Корпус из латуни.</li>
	<li>Магнитный сердечник из неодима (NdFeB).</li>
</ul>
<hr>
<h2><span style=""font-size: 13pt;"">Исполнение:</span></h2>
<ul>
	<li>Гладкий корпус.</li>
	<li>Диаметр ""D"" шлифованный.</li>
</ul>
<hr>
<h2><span style=""font-size: 13pt;"">Указания по применению:</span></h2>
<ul>
	<li>Температура эксплуатации: до +80°C.</li>
	<li>Цилиндрические магниты и размер ""H"" (только для формы A) могут быть уменьшены с сохранением прежней силы сцепления.</li>
	<li>Цилиндрические магниты можно устанавливать методами запрессовки, усадки или вклеивания.</li>
	<li>Внимание! Цилиндрические магниты из неодима нельзя напрямую впрессовывать в железо, так как в результате магнитного замыкания возникнут потери силы сцепления.</li>
</ul>";K1395.216;16;25;15,3;Под заказ;1606,06;B;;;;;M4;8;3;;;;;;;;;;;;;;"<span style=""font-family: 'Open Sans', sans-serif""><h2><span style=""font-size: 13pt"">Материалы:</span></h2>
<ul>
	<li>Корпус из латуни.</li>
	<li>Магнитный сердечник из неодима (NdFeB).</li>
</ul>
<hr>
<h2><span style=""font-size: 13pt"">Исполнение:</span></h2>
<ul>
	<li>Гладкий корпус.</li>
	<li>Диаметр ""D"" шлифованный.</li>
</ul>
<hr>
<h2><span style=""font-size: 13pt"">Указания по применению:</span></h2>
<ul>
	<li>Температура эксплуатации: до +80°C.</li>
	<li>Цилиндрические магниты и размер ""H"" (только для формы A) могут быть уменьшены с сохранением прежней силы сцепления.</li>
	<li>Цилиндрические магниты можно устанавливать методами запрессовки, усадки или вклеивания.</li>
	<li>Внимание! Цилиндрические магниты из неодима нельзя напрямую впрессовывать в железо, так как в результате магнитного замыкания возникнут потери силы сцепления.</li>
</ul></span>"
K1395 Магниты цилиндрические неодимовые экранированные;https://alterv.ru/catalog/magnity_postoyannye/k1395_magnity_tsilindricheskie_neodimovye_ekranirovannye/;Kipp;Главная > Каталог > Промышленная фурнитура > Магниты постоянные > K1395 Магниты цилиндрические неодимовые экранированные;https://alterv.ru/upload/iblock/b66/k1395_magnity_cilindricheskie.jpg, https://alterv.ru/upload/iblock/e13/k1395_magnity_cilindricheskiea.jpg, https://alterv.ru/upload/iblock/9ef/k1395_magnity_cilindricheskieb.jpg;https://alterv.ru/upload/iblock/eaf/Z09067_10_K1395_nn_de_print.jpg, https://alterv.ru/upload/iblock/771/Z09067_10_K1395_nn_de_A.jpg, https://alterv.ru/upload/iblock/851/Z09067_10_K1395_nn_de_B.jpg;"<h2><span style=""font-size: 13pt;"">Материалы:</span></h2>
<ul>
	<li>Корпус из латуни.</li>
	<li>Магнитный сердечник из неодима (NdFeB).</li>
</ul>
<hr>
<h2><span style=""font-size: 13pt;"">Исполнение:</span></h2>
<ul>
	<li>Гладкий корпус.</li>
	<li>Диаметр ""D"" шлифованный.</li>
</ul>
<hr>
<h2><span style=""font-size: 13pt;"">Указания по применению:</span></h2>
<ul>
	<li>Температура эксплуатации: до +80°C.</li>
	<li>Цилиндрические магниты и размер ""H"" (только для формы A) могут быть уменьшены с сохранением прежней силы сцепления.</li>
	<li>Цилиндрические магниты можно устанавливать методами запрессовки, усадки или вклеивания.</li>
	<li>Внимание! Цилиндрические магниты из неодима нельзя напрямую впрессовывать в железо, так как в результате магнитного замыкания возникнут потери силы сцепления.</li>
</ul>";K1395.220;20;25;28,55;Под заказ;2064,28;B;;;;;M6;6;4;;;;;;;;;;;;;;"<span style=""font-family: 'Open Sans', sans-serif""><h2><span style=""font-size: 13pt"">Материалы:</span></h2>
<ul>
	<li>Корпус из латуни.</li>
	<li>Магнитный сердечник из неодима (NdFeB).</li>
</ul>
<hr>
<h2><span style=""font-size: 13pt"">Исполнение:</span></h2>
<ul>
	<li>Гладкий корпус.</li>
	<li>Диаметр ""D"" шлифованный.</li>
</ul>
<hr>
<h2><span style=""font-size: 13pt"">Указания по применению:</span></h2>
<ul>
	<li>Температура эксплуатации: до +80°C.</li>
	<li>Цилиндрические магниты и размер ""H"" (только для формы A) могут быть уменьшены с сохранением прежней силы сцепления.</li>
	<li>Цилиндрические магниты можно устанавливать методами запрессовки, усадки или вклеивания.</li>
	<li>Внимание! Цилиндрические магниты из неодима нельзя напрямую впрессовывать в железо, так как в результате магнитного замыкания возникнут потери силы сцепления.</li>
</ul></span>"
K1395 Магниты цилиндрические неодимовые экранированные;https://alterv.ru/catalog/magnity_postoyannye/k1395_magnity_tsilindricheskie_neodimovye_ekranirovannye/;Kipp;Главная > Каталог > Промышленная фурнитура > Магниты постоянные > K1395 Магниты цилиндрические неодимовые экранированные;https://alterv.ru/upload/iblock/b66/k1395_magnity_cilindricheskie.jpg, https://alterv.ru/upload/iblock/e13/k1395_magnity_cilindricheskiea.jpg, https://alterv.ru/upload/iblock/9ef/k1395_magnity_cilindricheskieb.jpg;https://alterv.ru/upload/iblock/eaf/Z09067_10_K1395_nn_de_print.jpg, https://alterv.ru/upload/iblock/771/Z09067_10_K1395_nn_de_A.jpg, https://alterv.ru/upload/iblock/851/Z09067_10_K1395_nn_de_B.jpg;"<h2><span style=""font-size: 13pt;"">Материалы:</span></h2>
<ul>
	<li>Корпус из латуни.</li>
	<li>Магнитный сердечник из неодима (NdFeB).</li>
</ul>
<hr>
<h2><span style=""font-size: 13pt;"">Исполнение:</span></h2>
<ul>
	<li>Гладкий корпус.</li>
	<li>Диаметр ""D"" шлифованный.</li>
</ul>
<hr>
<h2><span style=""font-size: 13pt;"">Указания по применению:</span></h2>
<ul>
	<li>Температура эксплуатации: до +80°C.</li>
	<li>Цилиндрические магниты и размер ""H"" (только для формы A) могут быть уменьшены с сохранением прежней силы сцепления.</li>
	<li>Цилиндрические магниты можно устанавливать методами запрессовки, усадки или вклеивания.</li>
	<li>Внимание! Цилиндрические магниты из неодима нельзя напрямую впрессовывать в железо, так как в результате магнитного замыкания возникнут потери силы сцепления.</li>
</ul>";K1395.225;25;35;45,89;Под заказ;3906,38;B;;;;;M6;8;5;;;;;;;;;;;;;;"<span style=""font-family: 'Open Sans', sans-serif""><h2><span style=""font-size: 13pt"">Материалы:</span></h2>
<ul>
	<li>Корпус из латуни.</li>
	<li>Магнитный сердечник из неодима (NdFeB).</li>
</ul>
<hr>
<h2><span style=""font-size: 13pt"">Исполнение:</span></h2>
<ul>
	<li>Гладкий корпус.</li>
	<li>Диаметр ""D"" шлифованный.</li>
</ul>
<hr>
<h2><span style=""font-size: 13pt"">Указания по применению:</span></h2>
<ul>
	<li>Температура эксплуатации: до +80°C.</li>
	<li>Цилиндрические магниты и размер ""H"" (только для формы A) могут быть уменьшены с сохранением прежней силы сцепления.</li>
	<li>Цилиндрические магниты можно устанавливать методами запрессовки, усадки или вклеивания.</li>
	<li>Внимание! Цилиндрические магниты из неодима нельзя напрямую впрессовывать в железо, так как в результате магнитного замыкания возникнут потери силы сцепления.</li>
</ul></span>"
K1395 Магниты цилиндрические неодимовые экранированные;https://alterv.ru/catalog/magnity_postoyannye/k1395_magnity_tsilindricheskie_neodimovye_ekranirovannye/;Kipp;Главная > Каталог > Промышленная фурнитура > Магниты постоянные > K1395 Магниты цилиндрические неодимовые экранированные;https://alterv.ru/upload/iblock/b66/k1395_magnity_cilindricheskie.jpg, https://alterv.ru/upload/iblock/e13/k1395_magnity_cilindricheskiea.jpg, https://alterv.ru/upload/iblock/9ef/k1395_magnity_cilindricheskieb.jpg;https://alterv.ru/upload/iblock/eaf/Z09067_10_K1395_nn_de_print.jpg, https://alterv.ru/upload/iblock/771/Z09067_10_K1395_nn_de_A.jpg, https://alterv.ru/upload/iblock/851/Z09067_10_K1395_nn_de_B.jpg;"<h2><span style=""font-size: 13pt;"">Материалы:</span></h2>
<ul>
	<li>Корпус из латуни.</li>
	<li>Магнитный сердечник из неодима (NdFeB).</li>
</ul>
<hr>
<h2><span style=""font-size: 13pt;"">Исполнение:</span></h2>
<ul>
	<li>Гладкий корпус.</li>
	<li>Диаметр ""D"" шлифованный.</li>
</ul>
<hr>
<h2><span style=""font-size: 13pt;"">Указания по применению:</span></h2>
<ul>
	<li>Температура эксплуатации: до +80°C.</li>
	<li>Цилиндрические магниты и размер ""H"" (только для формы A) могут быть уменьшены с сохранением прежней силы сцепления.</li>
	<li>Цилиндрические магниты можно устанавливать методами запрессовки, усадки или вклеивания.</li>
	<li>Внимание! Цилиндрические магниты из неодима нельзя напрямую впрессовывать в железо, так как в результате магнитного замыкания возникнут потери силы сцепления.</li>
</ul>";K1395.232;32;40;71,38;Под заказ;6646,38;B;;;;;M6;6;6;;;;;;;;;;;;;;"<span style=""font-family: 'Open Sans', sans-serif""><h2><span style=""font-size: 13pt"">Материалы:</span></h2>
<ul>
	<li>Корпус из латуни.</li>
	<li>Магнитный сердечник из неодима (NdFeB).</li>
</ul>
<hr>
<h2><span style=""font-size: 13pt"">Исполнение:</span></h2>
<ul>
	<li>Гладкий корпус.</li>
	<li>Диаметр ""D"" шлифованный.</li>
</ul>
<hr>
<h2><span style=""font-size: 13pt"">Указания по применению:</span></h2>
<ul>
	<li>Температура эксплуатации: до +80°C.</li>
	<li>Цилиндрические магниты и размер ""H"" (только для формы A) могут быть уменьшены с сохранением прежней силы сцепления.</li>
	<li>Цилиндрические магниты можно устанавливать методами запрессовки, усадки или вклеивания.</li>
	<li>Внимание! Цилиндрические магниты из неодима нельзя напрямую впрессовывать в железо, так как в результате магнитного замыкания возникнут потери силы сцепления.</li>
</ul></span>"
K1396 Магниты прямоугольные с защитной оболочкой;https://alterv.ru/catalog/magnity_postoyannye/k1396_magnity_pryamougolnye_s_zashchitnoy_obolochkoy/;Kipp;Главная > Каталог > Промышленная фурнитура > Магниты постоянные > K1396 Магниты прямоугольные с защитной оболочкой;https://alterv.ru/upload/iblock/eff/k1396_magnity_prjamougolnye.jpg, https://alterv.ru/upload/iblock/91a/k1396_magnity_forma_a.jpg, https://alterv.ru/upload/iblock/1a4/k1396_magnity_forma_b.jpg;https://alterv.ru/upload/iblock/3f4/Z09112_10_K1396_nn_ru_www.jpg, https://alterv.ru/upload/iblock/2d2/k1396_magnity_a.jpg, https://alterv.ru/upload/iblock/84a/k1396_magnity_b.jpg;"<h2><span style=""font-size: 13pt;"">Материалы:</span></h2>
<ul>
	<li>Корпус из стали.</li>
	<li>Магнитный сердечник из неодима (NdFeB).</li>
	<li>Защитная оболочка из резины TPE.</li>
</ul>
<hr>
<h2><span style=""font-size: 13pt;"">Исполнение:</span></h2>
<ul>
	<li>Экранированные магниты с внутренней резьбой.</li>
	<li>Сталь оцинкованная.</li>
	<li>Резина черного цвета.</li>
</ul>
<hr>
<h2><span style=""font-size: 13pt;"">Указания по применению:</span></h2>
<ul>
	<li>Данные магниты хорошо подходят в качестве креплений (держателей).</li>
	<li>Температура эксплуатации: до +60°C.</li>
	<li>Оболочка предназначена для защиты чувствительных поверхностей.</li>
	<li>Благодаря защитной резиновой повышается коэффициент трения, что позволяет достичь высокого бокового трения сцепления.</li>
	<li>Прямоугольные магниты оптимально подходят для удержания на тонком листовом металле с чувствительной поверхностью.</li>
</ul>";K1396.14331;;6,9;10,71;Под заказ;1587,55;A;;M4;6;43;10;;;;;31;4,5;;;;;;;;;;"<span style=""font-family: 'Open Sans', sans-serif""><h2><span style=""font-size: 13pt"">Материалы:</span></h2>
<ul>
	<li>Корпус из стали.</li>
	<li>Магнитный сердечник из неодима (NdFeB).</li>
	<li>Защитная оболочка из резины TPE.</li>
</ul>
<hr>
<h2><span style=""font-size: 13pt"">Исполнение:</span></h2>
<ul>
	<li>Экранированные магниты с внутренней резьбой.</li>
	<li>Сталь оцинкованная.</li>
	<li>Резина черного цвета.</li>
</ul>
<hr>
<h2><span style=""font-size: 13pt"">Указания по применению:</span></h2>
<ul>
	<li>Данные магниты хорошо подходят в качестве креплений (держателей).</li>
	<li>Температура эксплуатации: до +60°C.</li>
	<li>Оболочка предназначена для защиты чувствительных поверхностей.</li>
	<li>Благодаря защитной резиновой повышается коэффициент трения, что позволяет достичь высокого бокового трения сцепления.</li>
	<li>Прямоугольные магниты оптимально подходят для удержания на тонком листовом металле с чувствительной поверхностью.</li>
</ul></span>"
K1396 Магниты прямоугольные с защитной оболочкой;https://alterv.ru/catalog/magnity_postoyannye/k1396_magnity_pryamougolnye_s_zashchitnoy_obolochkoy/;Kipp;Главная > Каталог > Промышленная фурнитура > Магниты постоянные > K1396 Магниты прямоугольные с защитной оболочкой;https://alterv.ru/upload/iblock/eff/k1396_magnity_prjamougolnye.jpg, https://alterv.ru/upload/iblock/91a/k1396_magnity_forma_a.jpg, https://alterv.ru/upload/iblock/1a4/k1396_magnity_forma_b.jpg;https://alterv.ru/upload/iblock/3f4/Z09112_10_K1396_nn_ru_www.jpg, https://alterv.ru/upload/iblock/2d2/k1396_magnity_a.jpg, https://alterv.ru/upload/iblock/84a/k1396_magnity_b.jpg;"<h2><span style=""font-size: 13pt;"">Материалы:</span></h2>
<ul>
	<li>Корпус из стали.</li>
	<li>Магнитный сердечник из неодима (NdFeB).</li>
	<li>Защитная оболочка из резины TPE.</li>
</ul>
<hr>
<h2><span style=""font-size: 13pt;"">Исполнение:</span></h2>
<ul>
	<li>Экранированные магниты с внутренней резьбой.</li>
	<li>Сталь оцинкованная.</li>
	<li>Резина черного цвета.</li>
</ul>
<hr>
<h2><span style=""font-size: 13pt;"">Указания по применению:</span></h2>
<ul>
	<li>Данные магниты хорошо подходят в качестве креплений (держателей).</li>
	<li>Температура эксплуатации: до +60°C.</li>
	<li>Оболочка предназначена для защиты чувствительных поверхностей.</li>
	<li>Благодаря защитной резиновой повышается коэффициент трения, что позволяет достичь высокого бокового трения сцепления.</li>
	<li>Прямоугольные магниты оптимально подходят для удержания на тонком листовом металле с чувствительной поверхностью.</li>
</ul>";K1396.24331;;6,9;14,89;2;2119,8;B;;M4;6;43;10;;;;;31;4,5;25;;;;;;;;;"<span style=""font-family: 'Open Sans', sans-serif""><h2><span style=""font-size: 13pt"">Материалы:</span></h2>
<ul>
	<li>Корпус из стали.</li>
	<li>Магнитный сердечник из неодима (NdFeB).</li>
	<li>Защитная оболочка из резины TPE.</li>
</ul>
<hr>
<h2><span style=""font-size: 13pt"">Исполнение:</span></h2>
<ul>
	<li>Экранированные магниты с внутренней резьбой.</li>
	<li>Сталь оцинкованная.</li>
	<li>Резина черного цвета.</li>
</ul>
<hr>
<h2><span style=""font-size: 13pt"">Указания по применению:</span></h2>
<ul>
	<li>Данные магниты хорошо подходят в качестве креплений (держателей).</li>
	<li>Температура эксплуатации: до +60°C.</li>
	<li>Оболочка предназначена для защиты чувствительных поверхностей.</li>
	<li>Благодаря защитной резиновой повышается коэффициент трения, что позволяет достичь высокого бокового трения сцепления.</li>
	<li>Прямоугольные магниты оптимально подходят для удержания на тонком листовом металле с чувствительной поверхностью.</li>
</ul></span>"
K1401 Магниты кольцевые с фаской, самарий-кобальт;https://alterv.ru/catalog/magnity_postoyannye/k1401_magnity_so_skvoznym_otverstiem_i_faskoy_samariy_kobalt/;Kipp;Главная > Каталог > Промышленная фурнитура > Магниты постоянные > K1401 Магниты кольцевые с фаской, самарий-кобальт;https://alterv.ru/upload/iblock/1b7/k1401_magnity.jpg;https://alterv.ru/upload/iblock/364/Z09071_nn_ru.jpg;"<h2><span style=""font-size: 13pt;"">Материалы:</span></h2>
<ul>
	<li>Корпус из стали.</li>
	<li>Магнитный сердечник из самария-кобальта (SmCo).</li>
</ul>
<hr>
<h2><span style=""font-size: 13pt;"">Исполнение:</span></h2>
<ul>
	<li>Экранированные магниты с отверстием и фаской.</li>
	<li>Сталь оцинкованная.</li>
</ul>
<hr>
<h2><span style=""font-size: 13pt;"">Указания по применению:</span></h2>
<ul>
	<li>Данные магниты хорошо подходят в качестве креплений (держателей).</li>
	<li>Температура эксплуатации: до +280°C.</li>
	<li>Магниты со сквозным отверстием можно установить методами запрессовки, вкручивания или вклеивания.</li>
	<li>Магниты с сердечником из самария-кобальта обладают силой сцепления в три-пять раз больше, чем магниты из альнико или феррита.</li>
</ul>";K1401.16;16 ±0,15;4,5;5,81;Под заказ;2013,35;;;6,6;;;3,5;;;;;;;;;;;;;;;;"<span style=""font-family: 'Open Sans', sans-serif""><h2><span style=""font-size: 13pt"">Материалы:</span></h2>
<ul>
	<li>Корпус из стали.</li>
	<li>Магнитный сердечник из самария-кобальта (SmCo).</li>
</ul>
<hr>
<h2><span style=""font-size: 13pt"">Исполнение:</span></h2>
<ul>
	<li>Экранированные магниты с отверстием и фаской.</li>
	<li>Сталь оцинкованная.</li>
</ul>
<hr>
<h2><span style=""font-size: 13pt"">Указания по применению:</span></h2>
<ul>
	<li>Данные магниты хорошо подходят в качестве креплений (держателей).</li>
	<li>Температура эксплуатации: до +280°C.</li>
	<li>Магниты со сквозным отверстием можно установить методами запрессовки, вкручивания или вклеивания.</li>
	<li>Магниты с сердечником из самария-кобальта обладают силой сцепления в три-пять раз больше, чем магниты из альнико или феррита.</li>
</ul></span>"
K1401 Магниты кольцевые с фаской, самарий-кобальт;https://alterv.ru/catalog/magnity_postoyannye/k1401_magnity_so_skvoznym_otverstiem_i_faskoy_samariy_kobalt/;Kipp;Главная > Каталог > Промышленная фурнитура > Магниты постоянные > K1401 Магниты кольцевые с фаской, самарий-кобальт;https://alterv.ru/upload/iblock/1b7/k1401_magnity.jpg;https://alterv.ru/upload/iblock/364/Z09071_nn_ru.jpg;"<h2><span style=""font-size: 13pt;"">Материалы:</span></h2>
<ul>
	<li>Корпус из стали.</li>
	<li>Магнитный сердечник из самария-кобальта (SmCo).</li>
</ul>
<hr>
<h2><span style=""font-size: 13pt;"">Исполнение:</span></h2>
<ul>
	<li>Экранированные магниты с отверстием и фаской.</li>
	<li>Сталь оцинкованная.</li>
</ul>
<hr>
<h2><span style=""font-size: 13pt;"">Указания по применению:</span></h2>
<ul>
	<li>Данные магниты хорошо подходят в качестве креплений (держателей).</li>
	<li>Температура эксплуатации: до +280°C.</li>
	<li>Магниты со сквозным отверстием можно установить методами запрессовки, вкручивания или вклеивания.</li>
	<li>Магниты с сердечником из самария-кобальта обладают силой сцепления в три-пять раз больше, чем магниты из альнико или феррита.</li>
</ul>";K1401.20;20 ±0,15;6;8,26;Под заказ;2383,64;;;9,3;;;4,5;;;;;;;;;;;;;;;;"<span style=""font-family: 'Open Sans', sans-serif""><h2><span style=""font-size: 13pt"">Материалы:</span></h2>
<ul>
	<li>Корпус из стали.</li>
	<li>Магнитный сердечник из самария-кобальта (SmCo).</li>
</ul>
<hr>
<h2><span style=""font-size: 13pt"">Исполнение:</span></h2>
<ul>
	<li>Экранированные магниты с отверстием и фаской.</li>
	<li>Сталь оцинкованная.</li>
</ul>
<hr>
<h2><span style=""font-size: 13pt"">Указания по применению:</span></h2>
<ul>
	<li>Данные магниты хорошо подходят в качестве креплений (держателей).</li>
	<li>Температура эксплуатации: до +280°C.</li>
	<li>Магниты со сквозным отверстием можно установить методами запрессовки, вкручивания или вклеивания.</li>
	<li>Магниты с сердечником из самария-кобальта обладают силой сцепления в три-пять раз больше, чем магниты из альнико или феррита.</li>
</ul></span>"
K1401 Магниты кольцевые с фаской, самарий-кобальт;https://alterv.ru/catalog/magnity_postoyannye/k1401_magnity_so_skvoznym_otverstiem_i_faskoy_samariy_kobalt/;Kipp;Главная > Каталог > Промышленная фурнитура > Магниты постоянные > K1401 Магниты кольцевые с фаской, самарий-кобальт;https://alterv.ru/upload/iblock/1b7/k1401_magnity.jpg;https://alterv.ru/upload/iblock/364/Z09071_nn_ru.jpg;"<h2><span style=""font-size: 13pt;"">Материалы:</span></h2>
<ul>
	<li>Корпус из стали.</li>
	<li>Магнитный сердечник из самария-кобальта (SmCo).</li>
</ul>
<hr>
<h2><span style=""font-size: 13pt;"">Исполнение:</span></h2>
<ul>
	<li>Экранированные магниты с отверстием и фаской.</li>
	<li>Сталь оцинкованная.</li>
</ul>
<hr>
<h2><span style=""font-size: 13pt;"">Указания по применению:</span></h2>
<ul>
	<li>Данные магниты хорошо подходят в качестве креплений (держателей).</li>
	<li>Температура эксплуатации: до +280°C.</li>
	<li>Магниты со сквозным отверстием можно установить методами запрессовки, вкручивания или вклеивания.</li>
	<li>Магниты с сердечником из самария-кобальта обладают силой сцепления в три-пять раз больше, чем магниты из альнико или феррита.</li>
</ul>";K1401.25;25 ±0,15;7;10,71;Под заказ;2888,13;;;9,2;;;4,5;;;;;;;;;;;;;;;;"<span style=""font-family: 'Open Sans', sans-serif""><h2><span style=""font-size: 13pt"">Материалы:</span></h2>
<ul>
	<li>Корпус из стали.</li>
	<li>Магнитный сердечник из самария-кобальта (SmCo).</li>
</ul>
<hr>
<h2><span style=""font-size: 13pt"">Исполнение:</span></h2>
<ul>
	<li>Экранированные магниты с отверстием и фаской.</li>
	<li>Сталь оцинкованная.</li>
</ul>
<hr>
<h2><span style=""font-size: 13pt"">Указания по применению:</span></h2>
<ul>
	<li>Данные магниты хорошо подходят в качестве креплений (держателей).</li>
	<li>Температура эксплуатации: до +280°C.</li>
	<li>Магниты со сквозным отверстием можно установить методами запрессовки, вкручивания или вклеивания.</li>
	<li>Магниты с сердечником из самария-кобальта обладают силой сцепления в три-пять раз больше, чем магниты из альнико или феррита.</li>
</ul></span>"
K1401 Магниты кольцевые с фаской, самарий-кобальт;https://alterv.ru/catalog/magnity_postoyannye/k1401_magnity_so_skvoznym_otverstiem_i_faskoy_samariy_kobalt/;Kipp;Главная > Каталог > Промышленная фурнитура > Магниты постоянные > K1401 Магниты кольцевые с фаской, самарий-кобальт;https://alterv.ru/upload/iblock/1b7/k1401_magnity.jpg;https://alterv.ru/upload/iblock/364/Z09071_nn_ru.jpg;"<h2><span style=""font-size: 13pt;"">Материалы:</span></h2>
<ul>
	<li>Корпус из стали.</li>
	<li>Магнитный сердечник из самария-кобальта (SmCo).</li>
</ul>
<hr>
<h2><span style=""font-size: 13pt;"">Исполнение:</span></h2>
<ul>
	<li>Экранированные магниты с отверстием и фаской.</li>
	<li>Сталь оцинкованная.</li>
</ul>
<hr>
<h2><span style=""font-size: 13pt;"">Указания по применению:</span></h2>
<ul>
	<li>Данные магниты хорошо подходят в качестве креплений (держателей).</li>
	<li>Температура эксплуатации: до +280°C.</li>
	<li>Магниты со сквозным отверстием можно установить методами запрессовки, вкручивания или вклеивания.</li>
	<li>Магниты с сердечником из самария-кобальта обладают силой сцепления в три-пять раз больше, чем магниты из альнико или феррита.</li>
</ul>";K1401.32;32 ±0,2;7;23,96;Под заказ;3508,32;;;11,5;;;5,5;;;;;;;;;;;;;;;;"<span style=""font-family: 'Open Sans', sans-serif""><h2><span style=""font-size: 13pt"">Материалы:</span></h2>
<ul>
	<li>Корпус из стали.</li>
	<li>Магнитный сердечник из самария-кобальта (SmCo).</li>
</ul>
<hr>
<h2><span style=""font-size: 13pt"">Исполнение:</span></h2>
<ul>
	<li>Экранированные магниты с отверстием и фаской.</li>
	<li>Сталь оцинкованная.</li>
</ul>
<hr>
<h2><span style=""font-size: 13pt"">Указания по применению:</span></h2>
<ul>
	<li>Данные магниты хорошо подходят в качестве креплений (держателей).</li>
	<li>Температура эксплуатации: до +280°C.</li>
	<li>Магниты со сквозным отверстием можно установить методами запрессовки, вкручивания или вклеивания.</li>
	<li>Магниты с сердечником из самария-кобальта обладают силой сцепления в три-пять раз больше, чем магниты из альнико или феррита.</li>
</ul></span>"
K1401 Магниты кольцевые с фаской, самарий-кобальт;https://alterv.ru/catalog/magnity_postoyannye/k1401_magnity_so_skvoznym_otverstiem_i_faskoy_samariy_kobalt/;Kipp;Главная > Каталог > Промышленная фурнитура > Магниты постоянные > K1401 Магниты кольцевые с фаской, самарий-кобальт;https://alterv.ru/upload/iblock/1b7/k1401_magnity.jpg;https://alterv.ru/upload/iblock/364/Z09071_nn_ru.jpg;"<h2><span style=""font-size: 13pt;"">Материалы:</span></h2>
<ul>
	<li>Корпус из стали.</li>
	<li>Магнитный сердечник из самария-кобальта (SmCo).</li>
</ul>
<hr>
<h2><span style=""font-size: 13pt;"">Исполнение:</span></h2>
<ul>
	<li>Экранированные магниты с отверстием и фаской.</li>
	<li>Сталь оцинкованная.</li>
</ul>
<hr>
<h2><span style=""font-size: 13pt;"">Указания по применению:</span></h2>
<ul>
	<li>Данные магниты хорошо подходят в качестве креплений (держателей).</li>
	<li>Температура эксплуатации: до +280°C.</li>
	<li>Магниты со сквозным отверстием можно установить методами запрессовки, вкручивания или вклеивания.</li>
	<li>Магниты с сердечником из самария-кобальта обладают силой сцепления в три-пять раз больше, чем магниты из альнико или феррита.</li>
</ul>";K1401.40;40 ±0,2;8;55,06;Под заказ;5827,15;;;11,5;;;5,5;;;;;;;;;;;;;;;;"<span style=""font-family: 'Open Sans', sans-serif""><h2><span style=""font-size: 13pt"">Материалы:</span></h2>
<ul>
	<li>Корпус из стали.</li>
	<li>Магнитный сердечник из самария-кобальта (SmCo).</li>
</ul>
<hr>
<h2><span style=""font-size: 13pt"">Исполнение:</span></h2>
<ul>
	<li>Экранированные магниты с отверстием и фаской.</li>
	<li>Сталь оцинкованная.</li>
</ul>
<hr>
<h2><span style=""font-size: 13pt"">Указания по применению:</span></h2>
<ul>
	<li>Данные магниты хорошо подходят в качестве креплений (держателей).</li>
	<li>Температура эксплуатации: до +280°C.</li>
	<li>Магниты со сквозным отверстием можно установить методами запрессовки, вкручивания или вклеивания.</li>
	<li>Магниты с сердечником из самария-кобальта обладают силой сцепления в три-пять раз больше, чем магниты из альнико или феррита.</li>
</ul></span>"
K1406 Магниты прямоугольные неодимовые;https://alterv.ru/catalog/magnity_postoyannye/k1406_magnity_pryamougolnye_neodimovye/;Kipp;Главная > Каталог > Промышленная фурнитура > Магниты постоянные > K1406 Магниты прямоугольные неодимовые;https://alterv.ru/upload/iblock/f46/k1406_magnity_prjamougolnye.jpg;https://alterv.ru/upload/iblock/4fd/Z09002_K1406.jpg;"<h2><span style=""font-size: 13pt;"">Материал:</span></h2>
<ul>
	<li>NdFeB N35 (неодим).</li>
</ul>
<hr>
<h2><span style=""font-size: 13pt;"">Исполнение:</span></h2>
<ul>
	<li>Оцинкованные и не экранированные магниты.</li>
</ul>
<hr>
<h2><span style=""font-size: 13pt;"">Указания по применению:</span></h2>
<ul>
	<li>Температура эксплуатации: до +80°C.</li>
	<li>Прямоугольные магниты можно установить методами запрессовки или вклеивания.</li>
</ul>";K1406.0704;;1,5 ±0,1;0,51;12;180,5;;;;;7,5 ±0,1;;;;;;4 ±0,1;;;;;;;;;;;"<span style=""font-family: 'Open Sans', sans-serif""><h2><span style=""font-size: 13pt"">Материал:</span></h2>
<ul>
	<li>NdFeB N35 (неодим).</li>
</ul>
<hr>
<h2><span style=""font-size: 13pt"">Исполнение:</span></h2>
<ul>
	<li>Оцинкованные и не экранированные магниты.</li>
</ul>
<hr>
<h2><span style=""font-size: 13pt"">Указания по применению:</span></h2>
<ul>
	<li>Температура эксплуатации: до +80°C.</li>
	<li>Прямоугольные магниты можно установить методами запрессовки или вклеивания.</li>
</ul></span>"
K1406 Магниты прямоугольные неодимовые;https://alterv.ru/catalog/magnity_postoyannye/k1406_magnity_pryamougolnye_neodimovye/;Kipp;Главная > Каталог > Промышленная фурнитура > Магниты постоянные > K1406 Магниты прямоугольные неодимовые;https://alterv.ru/upload/iblock/f46/k1406_magnity_prjamougolnye.jpg;https://alterv.ru/upload/iblock/4fd/Z09002_K1406.jpg;"<h2><span style=""font-size: 13pt;"">Материал:</span></h2>
<ul>
	<li>NdFeB N35 (неодим).</li>
</ul>
<hr>
<h2><span style=""font-size: 13pt;"">Исполнение:</span></h2>
<ul>
	<li>Оцинкованные и не экранированные магниты.</li>
</ul>
<hr>
<h2><span style=""font-size: 13pt;"">Указания по применению:</span></h2>
<ul>
	<li>Температура эксплуатации: до +80°C.</li>
	<li>Прямоугольные магниты можно установить методами запрессовки или вклеивания.</li>
</ul>";K1406.0706;;2 ±0,1;0,82;2;203,65;;;;;7,5 ±0,1;;;;;;6 ±0,1;;;;;;;;;;;"<span style=""font-family: 'Open Sans', sans-serif""><h2><span style=""font-size: 13pt"">Материал:</span></h2>
<ul>
	<li>NdFeB N35 (неодим).</li>
</ul>
<hr>
<h2><span style=""font-size: 13pt"">Исполнение:</span></h2>
<ul>
	<li>Оцинкованные и не экранированные магниты.</li>
</ul>
<hr>
<h2><span style=""font-size: 13pt"">Указания по применению:</span></h2>
<ul>
	<li>Температура эксплуатации: до +80°C.</li>
	<li>Прямоугольные магниты можно установить методами запрессовки или вклеивания.</li>
</ul></span>"
K1406 Магниты прямоугольные неодимовые;https://alterv.ru/catalog/magnity_postoyannye/k1406_magnity_pryamougolnye_neodimovye/;Kipp;Главная > Каталог > Промышленная фурнитура > Магниты постоянные > K1406 Магниты прямоугольные неодимовые;https://alterv.ru/upload/iblock/f46/k1406_magnity_prjamougolnye.jpg;https://alterv.ru/upload/iblock/4fd/Z09002_K1406.jpg;"<h2><span style=""font-size: 13pt;"">Материал:</span></h2>
<ul>
	<li>NdFeB N35 (неодим).</li>
</ul>
<hr>
<h2><span style=""font-size: 13pt;"">Исполнение:</span></h2>
<ul>
	<li>Оцинкованные и не экранированные магниты.</li>
</ul>
<hr>
<h2><span style=""font-size: 13pt;"">Указания по применению:</span></h2>
<ul>
	<li>Температура эксплуатации: до +80°C.</li>
	<li>Прямоугольные магниты можно установить методами запрессовки или вклеивания.</li>
</ul>";K1406.1007;;2 ±0,1;1,12;Под заказ;291,6;;;;;10 ±0,1;;;;;;7,5 ±0,1;;;;;;;;;;;"<span style=""font-family: 'Open Sans', sans-serif""><h2><span style=""font-size: 13pt"">Материал:</span></h2>
<ul>
	<li>NdFeB N35 (неодим).</li>
</ul>
<hr>
<h2><span style=""font-size: 13pt"">Исполнение:</span></h2>
<ul>
	<li>Оцинкованные и не экранированные магниты.</li>
</ul>
<hr>
<h2><span style=""font-size: 13pt"">Указания по применению:</span></h2>
<ul>
	<li>Температура эксплуатации: до +80°C.</li>
	<li>Прямоугольные магниты можно установить методами запрессовки или вклеивания.</li>
</ul></span>"
K1406 Магниты прямоугольные неодимовые;https://alterv.ru/catalog/magnity_postoyannye/k1406_magnity_pryamougolnye_neodimovye/;Kipp;Главная > Каталог > Промышленная фурнитура > Магниты постоянные > K1406 Магниты прямоугольные неодимовые;https://alterv.ru/upload/iblock/f46/k1406_magnity_prjamougolnye.jpg;https://alterv.ru/upload/iblock/4fd/Z09002_K1406.jpg;"<h2><span style=""font-size: 13pt;"">Материал:</span></h2>
<ul>
	<li>NdFeB N35 (неодим).</li>
</ul>
<hr>
<h2><span style=""font-size: 13pt;"">Исполнение:</span></h2>
<ul>
	<li>Оцинкованные и не экранированные магниты.</li>
</ul>
<hr>
<h2><span style=""font-size: 13pt;"">Указания по применению:</span></h2>
<ul>
	<li>Температура эксплуатации: до +80°C.</li>
	<li>Прямоугольные магниты можно установить методами запрессовки или вклеивания.</li>
</ul>";K1406.1209;;2,5 ±0,1;1,73;8;416,56;;;;;12 ±0,1;;;;;;9,5 ±0,1;;;;;;;;;;;"<span style=""font-family: 'Open Sans', sans-serif""><h2><span style=""font-size: 13pt"">Материал:</span></h2>
<ul>
	<li>NdFeB N35 (неодим).</li>
</ul>
<hr>
<h2><span style=""font-size: 13pt"">Исполнение:</span></h2>
<ul>
	<li>Оцинкованные и не экранированные магниты.</li>
</ul>
<hr>
<h2><span style=""font-size: 13pt"">Указания по применению:</span></h2>
<ul>
	<li>Температура эксплуатации: до +80°C.</li>
	<li>Прямоугольные магниты можно установить методами запрессовки или вклеивания.</li>
</ul></span>"
K1406 Магниты прямоугольные неодимовые;https://alterv.ru/catalog/magnity_postoyannye/k1406_magnity_pryamougolnye_neodimovye/;Kipp;Главная > Каталог > Промышленная фурнитура > Магниты постоянные > K1406 Магниты прямоугольные неодимовые;https://alterv.ru/upload/iblock/f46/k1406_magnity_prjamougolnye.jpg;https://alterv.ru/upload/iblock/4fd/Z09002_K1406.jpg;"<h2><span style=""font-size: 13pt;"">Материал:</span></h2>
<ul>
	<li>NdFeB N35 (неодим).</li>
</ul>
<hr>
<h2><span style=""font-size: 13pt;"">Исполнение:</span></h2>
<ul>
	<li>Оцинкованные и не экранированные магниты.</li>
</ul>
<hr>
<h2><span style=""font-size: 13pt;"">Указания по применению:</span></h2>
<ul>
	<li>Температура эксплуатации: до +80°C.</li>
	<li>Прямоугольные магниты можно установить методами запрессовки или вклеивания.</li>
</ul>";K1406.1612;;2,5 ±0,1;2,45;Под заказ;587,8;;;;;16 ±0,1;;;;;;12,5 ±0,1;;;;;;;;;;;"<span style=""font-family: 'Open Sans', sans-serif""><h2><span style=""font-size: 13pt"">Материал:</span></h2>
<ul>
	<li>NdFeB N35 (неодим).</li>
</ul>
<hr>
<h2><span style=""font-size: 13pt"">Исполнение:</span></h2>
<ul>
	<li>Оцинкованные и не экранированные магниты.</li>
</ul>
<hr>
<h2><span style=""font-size: 13pt"">Указания по применению:</span></h2>
<ul>
	<li>Температура эксплуатации: до +80°C.</li>
	<li>Прямоугольные магниты можно установить методами запрессовки или вклеивания.</li>
</ul></span>"
K1406 Магниты прямоугольные неодимовые;https://alterv.ru/catalog/magnity_postoyannye/k1406_magnity_pryamougolnye_neodimovye/;Kipp;Главная > Каталог > Промышленная фурнитура > Магниты постоянные > K1406 Магниты прямоугольные неодимовые;https://alterv.ru/upload/iblock/f46/k1406_magnity_prjamougolnye.jpg;https://alterv.ru/upload/iblock/4fd/Z09002_K1406.jpg;"<h2><span style=""font-size: 13pt;"">Материал:</span></h2>
<ul>
	<li>NdFeB N35 (неодим).</li>
</ul>
<hr>
<h2><span style=""font-size: 13pt;"">Исполнение:</span></h2>
<ul>
	<li>Оцинкованные и не экранированные магниты.</li>
</ul>
<hr>
<h2><span style=""font-size: 13pt;"">Указания по применению:</span></h2>
<ul>
	<li>Температура эксплуатации: до +80°C.</li>
	<li>Прямоугольные магниты можно установить методами запрессовки или вклеивания.</li>
</ul>";K1406.1816;;4 ±0,1;5,1;10;1073,8;;;;;18 ±0,1;;;;;;16,5 ±0,1;;;;;;;;;;;"<span style=""font-family: 'Open Sans', sans-serif""><h2><span style=""font-size: 13pt"">Материал:</span></h2>
<ul>
	<li>NdFeB N35 (неодим).</li>
</ul>
<hr>
<h2><span style=""font-size: 13pt"">Исполнение:</span></h2>
<ul>
	<li>Оцинкованные и не экранированные магниты.</li>
</ul>
<hr>
<h2><span style=""font-size: 13pt"">Указания по применению:</span></h2>
<ul>
	<li>Температура эксплуатации: до +80°C.</li>
	<li>Прямоугольные магниты можно установить методами запрессовки или вклеивания.</li>
</ul></span>"
K1406 Магниты прямоугольные неодимовые;https://alterv.ru/catalog/magnity_postoyannye/k1406_magnity_pryamougolnye_neodimovye/;Kipp;Главная > Каталог > Промышленная фурнитура > Магниты постоянные > K1406 Магниты прямоугольные неодимовые;https://alterv.ru/upload/iblock/f46/k1406_magnity_prjamougolnye.jpg;https://alterv.ru/upload/iblock/4fd/Z09002_K1406.jpg;"<h2><span style=""font-size: 13pt;"">Материал:</span></h2>
<ul>
	<li>NdFeB N35 (неодим).</li>
</ul>
<hr>
<h2><span style=""font-size: 13pt;"">Исполнение:</span></h2>
<ul>
	<li>Оцинкованные и не экранированные магниты.</li>
</ul>
<hr>
<h2><span style=""font-size: 13pt;"">Указания по применению:</span></h2>
<ul>
	<li>Температура эксплуатации: до +80°C.</li>
	<li>Прямоугольные магниты можно установить методами запрессовки или вклеивания.</li>
</ul>";K1406.2620;;5 ±0,1;7,85;7;2314,2;;;;;26 ±0,1;;;;;;20,3 ±0,1;;;;;;;;;;;"<span style=""font-family: 'Open Sans', sans-serif""><h2><span style=""font-size: 13pt"">Материал:</span></h2>
<ul>
	<li>NdFeB N35 (неодим).</li>
</ul>
<hr>
<h2><span style=""font-size: 13pt"">Исполнение:</span></h2>
<ul>
	<li>Оцинкованные и не экранированные магниты.</li>
</ul>
<hr>
<h2><span style=""font-size: 13pt"">Указания по применению:</span></h2>
<ul>
	<li>Температура эксплуатации: до +80°C.</li>
	<li>Прямоугольные магниты можно установить методами запрессовки или вклеивания.</li>
</ul></span>"
K1406 Магниты прямоугольные неодимовые;https://alterv.ru/catalog/magnity_postoyannye/k1406_magnity_pryamougolnye_neodimovye/;Kipp;Главная > Каталог > Промышленная фурнитура > Магниты постоянные > K1406 Магниты прямоугольные неодимовые;https://alterv.ru/upload/iblock/f46/k1406_magnity_prjamougolnye.jpg;https://alterv.ru/upload/iblock/4fd/Z09002_K1406.jpg;"<h2><span style=""font-size: 13pt;"">Материал:</span></h2>
<ul>
	<li>NdFeB N35 (неодим).</li>
</ul>
<hr>
<h2><span style=""font-size: 13pt;"">Исполнение:</span></h2>
<ul>
	<li>Оцинкованные и не экранированные магниты.</li>
</ul>
<hr>
<h2><span style=""font-size: 13pt;"">Указания по применению:</span></h2>
<ul>
	<li>Температура эксплуатации: до +80°C.</li>
	<li>Прямоугольные магниты можно установить методами запрессовки или вклеивания.</li>
</ul>";K1406.3326;;6,5 ±0,1;12,75;Под заказ;2837,22;;;;;33 ±0,1;;;;;;26 ±0,1;;;;;;;;;;;"<span style=""font-family: 'Open Sans', sans-serif""><h2><span style=""font-size: 13pt"">Материал:</span></h2>
<ul>
	<li>NdFeB N35 (неодим).</li>
</ul>
<hr>
<h2><span style=""font-size: 13pt"">Исполнение:</span></h2>
<ul>
	<li>Оцинкованные и не экранированные магниты.</li>
</ul>
<hr>
<h2><span style=""font-size: 13pt"">Указания по применению:</span></h2>
<ul>
	<li>Температура эксплуатации: до +80°C.</li>
	<li>Прямоугольные магниты можно установить методами запрессовки или вклеивания.</li>
</ul></span>"
K0545 Магниты цилиндрические из альнико с допуском H6;https://alterv.ru/catalog/magnity_postoyannye/k0545_magnity_tsilindricheskie_iz_yundk_ekranirovannye_s_dopuskom_h6/;Kipp;Главная > Каталог > Промышленная фурнитура > Магниты постоянные > K0545 Магниты цилиндрические из альнико с допуском H6;https://alterv.ru/upload/iblock/a75/k0545_magnity_cilindricheskie.jpg, https://alterv.ru/upload/iblock/72c/k0545_magnity_rabota.jpg;https://alterv.ru/upload/iblock/8d0/Z09060_01_nn_ru.jpg;"<h2><span style=""font-size: 13pt;"">Материалы:</span></h2>
<ul>
	<li>Корпус из стали.</li>
	<li>Магнитный сердечник из альнико (AlNiCo).</li>
</ul>
<hr>
<h2><span style=""font-size: 13pt;"">Исполнение:</span></h2>
<ul>
	<li>Экранированные удерживающие магниты.</li>
	<li>Сталь без покрытия.</li>
	<li>Диаметр ""D"" шлифованный.</li>
</ul>
<hr>
<h2><span style=""font-size: 13pt;"">Указания по применению:</span></h2>
<ul>
	<li>Удерживающие магниты обладают только одной удерживающей поверхностью.</li>
	<li>Удерживающие магниты помогают ограничить воздействие магнитного поля, чтобы предотвратить нежелательное намагничивание всей детали, контактирующей с удерживающим магнитом, или других окружающих машинных элементов.</li>
	<li>Температура эксплуатации: до +450°C.</li>
	<li>Цилиндрические магниты и размер ""H"" могут быть уменьшены с сохранением прежней силы сцепления.</li>
	<li>Цилиндрические магниты можно устанавливать методами запрессовки, усадки или вклеивания.</li>
	<li>Рекомендуется всегда содержать рабочую поверхность полюса в чистоте и регулярно очищать ее при необходимости.</li>
</ul>";K0545.01;6 h6;10;0,15;Под заказ;698,89;;;;2;;;;;;;;;;;;;;;;;;"<span style=""font-family: 'Open Sans', sans-serif""><h2><span style=""font-size: 13pt"">Материалы:</span></h2>
<ul>
	<li>Корпус из стали.</li>
	<li>Магнитный сердечник из альнико (AlNiCo).</li>
</ul>
<hr>
<h2><span style=""font-size: 13pt"">Исполнение:</span></h2>
<ul>
	<li>Экранированные удерживающие магниты.</li>
	<li>Сталь без покрытия.</li>
	<li>Диаметр ""D"" шлифованный.</li>
</ul>
<hr>
<h2><span style=""font-size: 13pt"">Указания по применению:</span></h2>
<ul>
	<li>Удерживающие магниты обладают только одной удерживающей поверхностью.</li>
	<li>Удерживающие магниты помогают ограничить воздействие магнитного поля, чтобы предотвратить нежелательное намагничивание всей детали, контактирующей с удерживающим магнитом, или других окружающих машинных элементов.</li>
	<li>Температура эксплуатации: до +450°C.</li>
	<li>Цилиндрические магниты и размер ""H"" могут быть уменьшены с сохранением прежней силы сцепления.</li>
	<li>Цилиндрические магниты можно устанавливать методами запрессовки, усадки или вклеивания.</li>
	<li>Рекомендуется всегда содержать рабочую поверхность полюса в чистоте и регулярно очищать ее при необходимости.</li>
</ul></span>"
K0545 Магниты цилиндрические из альнико с допуском H6;https://alterv.ru/catalog/magnity_postoyannye/k0545_magnity_tsilindricheskie_iz_yundk_ekranirovannye_s_dopuskom_h6/;Kipp;Главная > Каталог > Промышленная фурнитура > Магниты постоянные > K0545 Магниты цилиндрические из альнико с допуском H6;https://alterv.ru/upload/iblock/a75/k0545_magnity_cilindricheskie.jpg, https://alterv.ru/upload/iblock/72c/k0545_magnity_rabota.jpg;https://alterv.ru/upload/iblock/8d0/Z09060_01_nn_ru.jpg;"<h2><span style=""font-size: 13pt;"">Материалы:</span></h2>
<ul>
	<li>Корпус из стали.</li>
	<li>Магнитный сердечник из альнико (AlNiCo).</li>
</ul>
<hr>
<h2><span style=""font-size: 13pt;"">Исполнение:</span></h2>
<ul>
	<li>Экранированные удерживающие магниты.</li>
	<li>Сталь без покрытия.</li>
	<li>Диаметр ""D"" шлифованный.</li>
</ul>
<hr>
<h2><span style=""font-size: 13pt;"">Указания по применению:</span></h2>
<ul>
	<li>Удерживающие магниты обладают только одной удерживающей поверхностью.</li>
	<li>Удерживающие магниты помогают ограничить воздействие магнитного поля, чтобы предотвратить нежелательное намагничивание всей детали, контактирующей с удерживающим магнитом, или других окружающих машинных элементов.</li>
	<li>Температура эксплуатации: до +450°C.</li>
	<li>Цилиндрические магниты и размер ""H"" могут быть уменьшены с сохранением прежней силы сцепления.</li>
	<li>Цилиндрические магниты можно устанавливать методами запрессовки, усадки или вклеивания.</li>
	<li>Рекомендуется всегда содержать рабочую поверхность полюса в чистоте и регулярно очищать ее при необходимости.</li>
</ul>";K0545.02;8 h6;12;0,36;Под заказ;763,7;;;;3;;;;;;;;;;;;;;;;;;"<span style=""font-family: 'Open Sans', sans-serif""><h2><span style=""font-size: 13pt"">Материалы:</span></h2>
<ul>
	<li>Корпус из стали.</li>
	<li>Магнитный сердечник из альнико (AlNiCo).</li>
</ul>
<hr>
<h2><span style=""font-size: 13pt"">Исполнение:</span></h2>
<ul>
	<li>Экранированные удерживающие магниты.</li>
	<li>Сталь без покрытия.</li>
	<li>Диаметр ""D"" шлифованный.</li>
</ul>
<hr>
<h2><span style=""font-size: 13pt"">Указания по применению:</span></h2>
<ul>
	<li>Удерживающие магниты обладают только одной удерживающей поверхностью.</li>
	<li>Удерживающие магниты помогают ограничить воздействие магнитного поля, чтобы предотвратить нежелательное намагничивание всей детали, контактирующей с удерживающим магнитом, или других окружающих машинных элементов.</li>
	<li>Температура эксплуатации: до +450°C.</li>
	<li>Цилиндрические магниты и размер ""H"" могут быть уменьшены с сохранением прежней силы сцепления.</li>
	<li>Цилиндрические магниты можно устанавливать методами запрессовки, усадки или вклеивания.</li>
	<li>Рекомендуется всегда содержать рабочую поверхность полюса в чистоте и регулярно очищать ее при необходимости.</li>
</ul></span>"
K0545 Магниты цилиндрические из альнико с допуском H6;https://alterv.ru/catalog/magnity_postoyannye/k0545_magnity_tsilindricheskie_iz_yundk_ekranirovannye_s_dopuskom_h6/;Kipp;Главная > Каталог > Промышленная фурнитура > Магниты постоянные > K0545 Магниты цилиндрические из альнико с допуском H6;https://alterv.ru/upload/iblock/a75/k0545_magnity_cilindricheskie.jpg, https://alterv.ru/upload/iblock/72c/k0545_magnity_rabota.jpg;https://alterv.ru/upload/iblock/8d0/Z09060_01_nn_ru.jpg;"<h2><span style=""font-size: 13pt;"">Материалы:</span></h2>
<ul>
	<li>Корпус из стали.</li>
	<li>Магнитный сердечник из альнико (AlNiCo).</li>
</ul>
<hr>
<h2><span style=""font-size: 13pt;"">Исполнение:</span></h2>
<ul>
	<li>Экранированные удерживающие магниты.</li>
	<li>Сталь без покрытия.</li>
	<li>Диаметр ""D"" шлифованный.</li>
</ul>
<hr>
<h2><span style=""font-size: 13pt;"">Указания по применению:</span></h2>
<ul>
	<li>Удерживающие магниты обладают только одной удерживающей поверхностью.</li>
	<li>Удерживающие магниты помогают ограничить воздействие магнитного поля, чтобы предотвратить нежелательное намагничивание всей детали, контактирующей с удерживающим магнитом, или других окружающих машинных элементов.</li>
	<li>Температура эксплуатации: до +450°C.</li>
	<li>Цилиндрические магниты и размер ""H"" могут быть уменьшены с сохранением прежней силы сцепления.</li>
	<li>Цилиндрические магниты можно устанавливать методами запрессовки, усадки или вклеивания.</li>
	<li>Рекомендуется всегда содержать рабочую поверхность полюса в чистоте и регулярно очищать ее при необходимости.</li>
</ul>";K0545.03;10 h6;16;0,71;Под заказ;809,98;;;;6;;;;;;;;;;;;;;;;;;"<span style=""font-family: 'Open Sans', sans-serif""><h2><span style=""font-size: 13pt"">Материалы:</span></h2>
<ul>
	<li>Корпус из стали.</li>
	<li>Магнитный сердечник из альнико (AlNiCo).</li>
</ul>
<hr>
<h2><span style=""font-size: 13pt"">Исполнение:</span></h2>
<ul>
	<li>Экранированные удерживающие магниты.</li>
	<li>Сталь без покрытия.</li>
	<li>Диаметр ""D"" шлифованный.</li>
</ul>
<hr>
<h2><span style=""font-size: 13pt"">Указания по применению:</span></h2>
<ul>
	<li>Удерживающие магниты обладают только одной удерживающей поверхностью.</li>
	<li>Удерживающие магниты помогают ограничить воздействие магнитного поля, чтобы предотвратить нежелательное намагничивание всей детали, контактирующей с удерживающим магнитом, или других окружающих машинных элементов.</li>
	<li>Температура эксплуатации: до +450°C.</li>
	<li>Цилиндрические магниты и размер ""H"" могут быть уменьшены с сохранением прежней силы сцепления.</li>
	<li>Цилиндрические магниты можно устанавливать методами запрессовки, усадки или вклеивания.</li>
	<li>Рекомендуется всегда содержать рабочую поверхность полюса в чистоте и регулярно очищать ее при необходимости.</li>
</ul></span>"
K0545 Магниты цилиндрические из альнико с допуском H6;https://alterv.ru/catalog/magnity_postoyannye/k0545_magnity_tsilindricheskie_iz_yundk_ekranirovannye_s_dopuskom_h6/;Kipp;Главная > Каталог > Промышленная фурнитура > Магниты постоянные > K0545 Магниты цилиндрические из альнико с допуском H6;https://alterv.ru/upload/iblock/a75/k0545_magnity_cilindricheskie.jpg, https://alterv.ru/upload/iblock/72c/k0545_magnity_rabota.jpg;https://alterv.ru/upload/iblock/8d0/Z09060_01_nn_ru.jpg;"<h2><span style=""font-size: 13pt;"">Материалы:</span></h2>
<ul>
	<li>Корпус из стали.</li>
	<li>Магнитный сердечник из альнико (AlNiCo).</li>
</ul>
<hr>
<h2><span style=""font-size: 13pt;"">Исполнение:</span></h2>
<ul>
	<li>Экранированные удерживающие магниты.</li>
	<li>Сталь без покрытия.</li>
	<li>Диаметр ""D"" шлифованный.</li>
</ul>
<hr>
<h2><span style=""font-size: 13pt;"">Указания по применению:</span></h2>
<ul>
	<li>Удерживающие магниты обладают только одной удерживающей поверхностью.</li>
	<li>Удерживающие магниты помогают ограничить воздействие магнитного поля, чтобы предотвратить нежелательное намагничивание всей детали, контактирующей с удерживающим магнитом, или других окружающих машинных элементов.</li>
	<li>Температура эксплуатации: до +450°C.</li>
	<li>Цилиндрические магниты и размер ""H"" могут быть уменьшены с сохранением прежней силы сцепления.</li>
	<li>Цилиндрические магниты можно устанавливать методами запрессовки, усадки или вклеивания.</li>
	<li>Рекомендуется всегда содержать рабочую поверхность полюса в чистоте и регулярно очищать ее при необходимости.</li>
</ul>";K0545.04;13 h6;18;1,02;Под заказ;916,43;;;;7;;;;;;;;;;;;;;;;;;"<span style=""font-family: 'Open Sans', sans-serif""><h2><span style=""font-size: 13pt"">Материалы:</span></h2>
<ul>
	<li>Корпус из стали.</li>
	<li>Магнитный сердечник из альнико (AlNiCo).</li>
</ul>
<hr>
<h2><span style=""font-size: 13pt"">Исполнение:</span></h2>
<ul>
	<li>Экранированные удерживающие магниты.</li>
	<li>Сталь без покрытия.</li>
	<li>Диаметр ""D"" шлифованный.</li>
</ul>
<hr>
<h2><span style=""font-size: 13pt"">Указания по применению:</span></h2>
<ul>
	<li>Удерживающие магниты обладают только одной удерживающей поверхностью.</li>
	<li>Удерживающие магниты помогают ограничить воздействие магнитного поля, чтобы предотвратить нежелательное намагничивание всей детали, контактирующей с удерживающим магнитом, или других окружающих машинных элементов.</li>
	<li>Температура эксплуатации: до +450°C.</li>
	<li>Цилиндрические магниты и размер ""H"" могут быть уменьшены с сохранением прежней силы сцепления.</li>
	<li>Цилиндрические магниты можно устанавливать методами запрессовки, усадки или вклеивания.</li>
	<li>Рекомендуется всегда содержать рабочую поверхность полюса в чистоте и регулярно очищать ее при необходимости.</li>
</ul></span>"
K0545 Магниты цилиндрические из альнико с допуском H6;https://alterv.ru/catalog/magnity_postoyannye/k0545_magnity_tsilindricheskie_iz_yundk_ekranirovannye_s_dopuskom_h6/;Kipp;Главная > Каталог > Промышленная фурнитура > Магниты постоянные > K0545 Магниты цилиндрические из альнико с допуском H6;https://alterv.ru/upload/iblock/a75/k0545_magnity_cilindricheskie.jpg, https://alterv.ru/upload/iblock/72c/k0545_magnity_rabota.jpg;https://alterv.ru/upload/iblock/8d0/Z09060_01_nn_ru.jpg;"<h2><span style=""font-size: 13pt;"">Материалы:</span></h2>
<ul>
	<li>Корпус из стали.</li>
	<li>Магнитный сердечник из альнико (AlNiCo).</li>
</ul>
<hr>
<h2><span style=""font-size: 13pt;"">Исполнение:</span></h2>
<ul>
	<li>Экранированные удерживающие магниты.</li>
	<li>Сталь без покрытия.</li>
	<li>Диаметр ""D"" шлифованный.</li>
</ul>
<hr>
<h2><span style=""font-size: 13pt;"">Указания по применению:</span></h2>
<ul>
	<li>Удерживающие магниты обладают только одной удерживающей поверхностью.</li>
	<li>Удерживающие магниты помогают ограничить воздействие магнитного поля, чтобы предотвратить нежелательное намагничивание всей детали, контактирующей с удерживающим магнитом, или других окружающих машинных элементов.</li>
	<li>Температура эксплуатации: до +450°C.</li>
	<li>Цилиндрические магниты и размер ""H"" могут быть уменьшены с сохранением прежней силы сцепления.</li>
	<li>Цилиндрические магниты можно устанавливать методами запрессовки, усадки или вклеивания.</li>
	<li>Рекомендуется всегда содержать рабочую поверхность полюса в чистоте и регулярно очищать ее при необходимости.</li>
</ul>";K0545.05;16 h6;20;1,84;Под заказ;1161,72;;;;5;;;;;;;;;;;;;;;;;;"<span style=""font-family: 'Open Sans', sans-serif""><h2><span style=""font-size: 13pt"">Материалы:</span></h2>
<ul>
	<li>Корпус из стали.</li>
	<li>Магнитный сердечник из альнико (AlNiCo).</li>
</ul>
<hr>
<h2><span style=""font-size: 13pt"">Исполнение:</span></h2>
<ul>
	<li>Экранированные удерживающие магниты.</li>
	<li>Сталь без покрытия.</li>
	<li>Диаметр ""D"" шлифованный.</li>
</ul>
<hr>
<h2><span style=""font-size: 13pt"">Указания по применению:</span></h2>
<ul>
	<li>Удерживающие магниты обладают только одной удерживающей поверхностью.</li>
	<li>Удерживающие магниты помогают ограничить воздействие магнитного поля, чтобы предотвратить нежелательное намагничивание всей детали, контактирующей с удерживающим магнитом, или других окружающих машинных элементов.</li>
	<li>Температура эксплуатации: до +450°C.</li>
	<li>Цилиндрические магниты и размер ""H"" могут быть уменьшены с сохранением прежней силы сцепления.</li>
	<li>Цилиндрические магниты можно устанавливать методами запрессовки, усадки или вклеивания.</li>
	<li>Рекомендуется всегда содержать рабочую поверхность полюса в чистоте и регулярно очищать ее при необходимости.</li>
</ul></span>"
K0545 Магниты цилиндрические из альнико с допуском H6;https://alterv.ru/catalog/magnity_postoyannye/k0545_magnity_tsilindricheskie_iz_yundk_ekranirovannye_s_dopuskom_h6/;Kipp;Главная > Каталог > Промышленная фурнитура > Магниты постоянные > K0545 Магниты цилиндрические из альнико с допуском H6;https://alterv.ru/upload/iblock/a75/k0545_magnity_cilindricheskie.jpg, https://alterv.ru/upload/iblock/72c/k0545_magnity_rabota.jpg;https://alterv.ru/upload/iblock/8d0/Z09060_01_nn_ru.jpg;"<h2><span style=""font-size: 13pt;"">Материалы:</span></h2>
<ul>
	<li>Корпус из стали.</li>
	<li>Магнитный сердечник из альнико (AlNiCo).</li>
</ul>
<hr>
<h2><span style=""font-size: 13pt;"">Исполнение:</span></h2>
<ul>
	<li>Экранированные удерживающие магниты.</li>
	<li>Сталь без покрытия.</li>
	<li>Диаметр ""D"" шлифованный.</li>
</ul>
<hr>
<h2><span style=""font-size: 13pt;"">Указания по применению:</span></h2>
<ul>
	<li>Удерживающие магниты обладают только одной удерживающей поверхностью.</li>
	<li>Удерживающие магниты помогают ограничить воздействие магнитного поля, чтобы предотвратить нежелательное намагничивание всей детали, контактирующей с удерживающим магнитом, или других окружающих машинных элементов.</li>
	<li>Температура эксплуатации: до +450°C.</li>
	<li>Цилиндрические магниты и размер ""H"" могут быть уменьшены с сохранением прежней силы сцепления.</li>
	<li>Цилиндрические магниты можно устанавливать методами запрессовки, усадки или вклеивания.</li>
	<li>Рекомендуется всегда содержать рабочую поверхность полюса в чистоте и регулярно очищать ее при необходимости.</li>
</ul>";K0545.06;20 h6;25;4,28;Под заказ;1564,41;;;;6;;;;;;;;;;;;;;;;;;"<span style=""font-family: 'Open Sans', sans-serif""><h2><span style=""font-size: 13pt"">Материалы:</span></h2>
<ul>
	<li>Корпус из стали.</li>
	<li>Магнитный сердечник из альнико (AlNiCo).</li>
</ul>
<hr>
<h2><span style=""font-size: 13pt"">Исполнение:</span></h2>
<ul>
	<li>Экранированные удерживающие магниты.</li>
	<li>Сталь без покрытия.</li>
	<li>Диаметр ""D"" шлифованный.</li>
</ul>
<hr>
<h2><span style=""font-size: 13pt"">Указания по применению:</span></h2>
<ul>
	<li>Удерживающие магниты обладают только одной удерживающей поверхностью.</li>
	<li>Удерживающие магниты помогают ограничить воздействие магнитного поля, чтобы предотвратить нежелательное намагничивание всей детали, контактирующей с удерживающим магнитом, или других окружающих машинных элементов.</li>
	<li>Температура эксплуатации: до +450°C.</li>
	<li>Цилиндрические магниты и размер ""H"" могут быть уменьшены с сохранением прежней силы сцепления.</li>
	<li>Цилиндрические магниты можно устанавливать методами запрессовки, усадки или вклеивания.</li>
	<li>Рекомендуется всегда содержать рабочую поверхность полюса в чистоте и регулярно очищать ее при необходимости.</li>
</ul></span>"
K0545 Магниты цилиндрические из альнико с допуском H6;https://alterv.ru/catalog/magnity_postoyannye/k0545_magnity_tsilindricheskie_iz_yundk_ekranirovannye_s_dopuskom_h6/;Kipp;Главная > Каталог > Промышленная фурнитура > Магниты постоянные > K0545 Магниты цилиндрические из альнико с допуском H6;https://alterv.ru/upload/iblock/a75/k0545_magnity_cilindricheskie.jpg, https://alterv.ru/upload/iblock/72c/k0545_magnity_rabota.jpg;https://alterv.ru/upload/iblock/8d0/Z09060_01_nn_ru.jpg;"<h2><span style=""font-size: 13pt;"">Материалы:</span></h2>
<ul>
	<li>Корпус из стали.</li>
	<li>Магнитный сердечник из альнико (AlNiCo).</li>
</ul>
<hr>
<h2><span style=""font-size: 13pt;"">Исполнение:</span></h2>
<ul>
	<li>Экранированные удерживающие магниты.</li>
	<li>Сталь без покрытия.</li>
	<li>Диаметр ""D"" шлифованный.</li>
</ul>
<hr>
<h2><span style=""font-size: 13pt;"">Указания по применению:</span></h2>
<ul>
	<li>Удерживающие магниты обладают только одной удерживающей поверхностью.</li>
	<li>Удерживающие магниты помогают ограничить воздействие магнитного поля, чтобы предотвратить нежелательное намагничивание всей детали, контактирующей с удерживающим магнитом, или других окружающих машинных элементов.</li>
	<li>Температура эксплуатации: до +450°C.</li>
	<li>Цилиндрические магниты и размер ""H"" могут быть уменьшены с сохранением прежней силы сцепления.</li>
	<li>Цилиндрические магниты можно устанавливать методами запрессовки, усадки или вклеивания.</li>
	<li>Рекомендуется всегда содержать рабочую поверхность полюса в чистоте и регулярно очищать ее при необходимости.</li>
</ul>";K0545.07;25 h6;30;9,79;Под заказ;2753,9;;;;5;;;;;;;;;;;;;;;;;;"<span style=""font-family: 'Open Sans', sans-serif""><h2><span style=""font-size: 13pt"">Материалы:</span></h2>
<ul>
	<li>Корпус из стали.</li>
	<li>Магнитный сердечник из альнико (AlNiCo).</li>
</ul>
<hr>
<h2><span style=""font-size: 13pt"">Исполнение:</span></h2>
<ul>
	<li>Экранированные удерживающие магниты.</li>
	<li>Сталь без покрытия.</li>
	<li>Диаметр ""D"" шлифованный.</li>
</ul>
<hr>
<h2><span style=""font-size: 13pt"">Указания по применению:</span></h2>
<ul>
	<li>Удерживающие магниты обладают только одной удерживающей поверхностью.</li>
	<li>Удерживающие магниты помогают ограничить воздействие магнитного поля, чтобы предотвратить нежелательное намагничивание всей детали, контактирующей с удерживающим магнитом, или других окружающих машинных элементов.</li>
	<li>Температура эксплуатации: до +450°C.</li>
	<li>Цилиндрические магниты и размер ""H"" могут быть уменьшены с сохранением прежней силы сцепления.</li>
	<li>Цилиндрические магниты можно устанавливать методами запрессовки, усадки или вклеивания.</li>
	<li>Рекомендуется всегда содержать рабочую поверхность полюса в чистоте и регулярно очищать ее при необходимости.</li>
</ul></span>"
K0545 Магниты цилиндрические из альнико с допуском H6;https://alterv.ru/catalog/magnity_postoyannye/k0545_magnity_tsilindricheskie_iz_yundk_ekranirovannye_s_dopuskom_h6/;Kipp;Главная > Каталог > Промышленная фурнитура > Магниты постоянные > K0545 Магниты цилиндрические из альнико с допуском H6;https://alterv.ru/upload/iblock/a75/k0545_magnity_cilindricheskie.jpg, https://alterv.ru/upload/iblock/72c/k0545_magnity_rabota.jpg;https://alterv.ru/upload/iblock/8d0/Z09060_01_nn_ru.jpg;"<h2><span style=""font-size: 13pt;"">Материалы:</span></h2>
<ul>
	<li>Корпус из стали.</li>
	<li>Магнитный сердечник из альнико (AlNiCo).</li>
</ul>
<hr>
<h2><span style=""font-size: 13pt;"">Исполнение:</span></h2>
<ul>
	<li>Экранированные удерживающие магниты.</li>
	<li>Сталь без покрытия.</li>
	<li>Диаметр ""D"" шлифованный.</li>
</ul>
<hr>
<h2><span style=""font-size: 13pt;"">Указания по применению:</span></h2>
<ul>
	<li>Удерживающие магниты обладают только одной удерживающей поверхностью.</li>
	<li>Удерживающие магниты помогают ограничить воздействие магнитного поля, чтобы предотвратить нежелательное намагничивание всей детали, контактирующей с удерживающим магнитом, или других окружающих машинных элементов.</li>
	<li>Температура эксплуатации: до +450°C.</li>
	<li>Цилиндрические магниты и размер ""H"" могут быть уменьшены с сохранением прежней силы сцепления.</li>
	<li>Цилиндрические магниты можно устанавливать методами запрессовки, усадки или вклеивания.</li>
	<li>Рекомендуется всегда содержать рабочую поверхность полюса в чистоте и регулярно очищать ее при необходимости.</li>
</ul>";K0545.08;32 h6;35;18,35;Под заказ;4596;;;;3;;;;;;;;;;;;;;;;;;"<span style=""font-family: 'Open Sans', sans-serif""><h2><span style=""font-size: 13pt"">Материалы:</span></h2>
<ul>
	<li>Корпус из стали.</li>
	<li>Магнитный сердечник из альнико (AlNiCo).</li>
</ul>
<hr>
<h2><span style=""font-size: 13pt"">Исполнение:</span></h2>
<ul>
	<li>Экранированные удерживающие магниты.</li>
	<li>Сталь без покрытия.</li>
	<li>Диаметр ""D"" шлифованный.</li>
</ul>
<hr>
<h2><span style=""font-size: 13pt"">Указания по применению:</span></h2>
<ul>
	<li>Удерживающие магниты обладают только одной удерживающей поверхностью.</li>
	<li>Удерживающие магниты помогают ограничить воздействие магнитного поля, чтобы предотвратить нежелательное намагничивание всей детали, контактирующей с удерживающим магнитом, или других окружающих машинных элементов.</li>
	<li>Температура эксплуатации: до +450°C.</li>
	<li>Цилиндрические магниты и размер ""H"" могут быть уменьшены с сохранением прежней силы сцепления.</li>
	<li>Цилиндрические магниты можно устанавливать методами запрессовки, усадки или вклеивания.</li>
	<li>Рекомендуется всегда содержать рабочую поверхность полюса в чистоте и регулярно очищать ее при необходимости.</li>
</ul></span>"
K0545 Магниты цилиндрические из альнико с допуском H6;https://alterv.ru/catalog/magnity_postoyannye/k0545_magnity_tsilindricheskie_iz_yundk_ekranirovannye_s_dopuskom_h6/;Kipp;Главная > Каталог > Промышленная фурнитура > Магниты постоянные > K0545 Магниты цилиндрические из альнико с допуском H6;https://alterv.ru/upload/iblock/a75/k0545_magnity_cilindricheskie.jpg, https://alterv.ru/upload/iblock/72c/k0545_magnity_rabota.jpg;https://alterv.ru/upload/iblock/8d0/Z09060_01_nn_ru.jpg;"<h2><span style=""font-size: 13pt;"">Материалы:</span></h2>
<ul>
	<li>Корпус из стали.</li>
	<li>Магнитный сердечник из альнико (AlNiCo).</li>
</ul>
<hr>
<h2><span style=""font-size: 13pt;"">Исполнение:</span></h2>
<ul>
	<li>Экранированные удерживающие магниты.</li>
	<li>Сталь без покрытия.</li>
	<li>Диаметр ""D"" шлифованный.</li>
</ul>
<hr>
<h2><span style=""font-size: 13pt;"">Указания по применению:</span></h2>
<ul>
	<li>Удерживающие магниты обладают только одной удерживающей поверхностью.</li>
	<li>Удерживающие магниты помогают ограничить воздействие магнитного поля, чтобы предотвратить нежелательное намагничивание всей детали, контактирующей с удерживающим магнитом, или других окружающих машинных элементов.</li>
	<li>Температура эксплуатации: до +450°C.</li>
	<li>Цилиндрические магниты и размер ""H"" могут быть уменьшены с сохранением прежней силы сцепления.</li>
	<li>Цилиндрические магниты можно устанавливать методами запрессовки, усадки или вклеивания.</li>
	<li>Рекомендуется всегда содержать рабочую поверхность полюса в чистоте и регулярно очищать ее при необходимости.</li>
</ul>";K0545.09;40 h6;45;24,47;Под заказ;10052,9;;;;5;;;;;;;;;;;;;;;;;;"<span style=""font-family: 'Open Sans', sans-serif""><h2><span style=""font-size: 13pt"">Материалы:</span></h2>
<ul>
	<li>Корпус из стали.</li>
	<li>Магнитный сердечник из альнико (AlNiCo).</li>
</ul>
<hr>
<h2><span style=""font-size: 13pt"">Исполнение:</span></h2>
<ul>
	<li>Экранированные удерживающие магниты.</li>
	<li>Сталь без покрытия.</li>
	<li>Диаметр ""D"" шлифованный.</li>
</ul>
<hr>
<h2><span style=""font-size: 13pt"">Указания по применению:</span></h2>
<ul>
	<li>Удерживающие магниты обладают только одной удерживающей поверхностью.</li>
	<li>Удерживающие магниты помогают ограничить воздействие магнитного поля, чтобы предотвратить нежелательное намагничивание всей детали, контактирующей с удерживающим магнитом, или других окружающих машинных элементов.</li>
	<li>Температура эксплуатации: до +450°C.</li>
	<li>Цилиндрические магниты и размер ""H"" могут быть уменьшены с сохранением прежней силы сцепления.</li>
	<li>Цилиндрические магниты можно устанавливать методами запрессовки, усадки или вклеивания.</li>
	<li>Рекомендуется всегда содержать рабочую поверхность полюса в чистоте и регулярно очищать ее при необходимости.</li>
</ul></span>"
K0545 Магниты цилиндрические из альнико с допуском H6;https://alterv.ru/catalog/magnity_postoyannye/k0545_magnity_tsilindricheskie_iz_yundk_ekranirovannye_s_dopuskom_h6/;Kipp;Главная > Каталог > Промышленная фурнитура > Магниты постоянные > K0545 Магниты цилиндрические из альнико с допуском H6;https://alterv.ru/upload/iblock/a75/k0545_magnity_cilindricheskie.jpg, https://alterv.ru/upload/iblock/72c/k0545_magnity_rabota.jpg;https://alterv.ru/upload/iblock/8d0/Z09060_01_nn_ru.jpg;"<h2><span style=""font-size: 13pt;"">Материалы:</span></h2>
<ul>
	<li>Корпус из стали.</li>
	<li>Магнитный сердечник из альнико (AlNiCo).</li>
</ul>
<hr>
<h2><span style=""font-size: 13pt;"">Исполнение:</span></h2>
<ul>
	<li>Экранированные удерживающие магниты.</li>
	<li>Сталь без покрытия.</li>
	<li>Диаметр ""D"" шлифованный.</li>
</ul>
<hr>
<h2><span style=""font-size: 13pt;"">Указания по применению:</span></h2>
<ul>
	<li>Удерживающие магниты обладают только одной удерживающей поверхностью.</li>
	<li>Удерживающие магниты помогают ограничить воздействие магнитного поля, чтобы предотвратить нежелательное намагничивание всей детали, контактирующей с удерживающим магнитом, или других окружающих машинных элементов.</li>
	<li>Температура эксплуатации: до +450°C.</li>
	<li>Цилиндрические магниты и размер ""H"" могут быть уменьшены с сохранением прежней силы сцепления.</li>
	<li>Цилиндрические магниты можно устанавливать методами запрессовки, усадки или вклеивания.</li>
	<li>Рекомендуется всегда содержать рабочую поверхность полюса в чистоте и регулярно очищать ее при необходимости.</li>
</ul>";K0545.10;50 h6;50;42,83;Под заказ;19564,26;;;;2;;;;;;;;;;;;;;;;;;"<span style=""font-family: 'Open Sans', sans-serif""><h2><span style=""font-size: 13pt"">Материалы:</span></h2>
<ul>
	<li>Корпус из стали.</li>
	<li>Магнитный сердечник из альнико (AlNiCo).</li>
</ul>
<hr>
<h2><span style=""font-size: 13pt"">Исполнение:</span></h2>
<ul>
	<li>Экранированные удерживающие магниты.</li>
	<li>Сталь без покрытия.</li>
	<li>Диаметр ""D"" шлифованный.</li>
</ul>
<hr>
<h2><span style=""font-size: 13pt"">Указания по применению:</span></h2>
<ul>
	<li>Удерживающие магниты обладают только одной удерживающей поверхностью.</li>
	<li>Удерживающие магниты помогают ограничить воздействие магнитного поля, чтобы предотвратить нежелательное намагничивание всей детали, контактирующей с удерживающим магнитом, или других окружающих машинных элементов.</li>
	<li>Температура эксплуатации: до +450°C.</li>
	<li>Цилиндрические магниты и размер ""H"" могут быть уменьшены с сохранением прежней силы сцепления.</li>
	<li>Цилиндрические магниты можно устанавливать методами запрессовки, усадки или вклеивания.</li>
	<li>Рекомендуется всегда содержать рабочую поверхность полюса в чистоте и регулярно очищать ее при необходимости.</li>
</ul></span>"
K0546 Магниты цилиндрические из альнико экранированные;https://alterv.ru/catalog/magnity_postoyannye/k0546_magnity_tsilindricheskie_iz_yundk_ekranirovannye/;Kipp;Главная > Каталог > Промышленная фурнитура > Магниты постоянные > K0546 Магниты цилиндрические из альнико экранированные;https://alterv.ru/upload/iblock/4d8/k0546_magnity_cilindricheskie.jpg;https://alterv.ru/upload/iblock/b40/Z09061_nn_ru.jpg;"<h2><span style=""font-size: 13pt;"">Материалы:</span></h2>
<ul>
	<li>Корпус из стали.</li>
	<li>Магнитный сердечник из альнико (AlNiCo).</li>
</ul>
<hr>
<h2><span style=""font-size: 13pt;"">Исполнение:</span></h2>
<ul>
	<li>Удерживающие магниты.</li>
	<li>Сталь оцинкованная.</li>
</ul>
<hr>
<h2><span style=""font-size: 13pt;"">Указания по применению:</span></h2>
<ul>
	<li>Удерживающие магниты обладают только одной удерживающей поверхностью.</li>
	<li>Удерживающие магниты помогают ограничить воздействие магнитного поля, чтобы предотвратить нежелательное намагничивание всей детали, контактирующей с удерживающим магнитом, или других окружающих машинных элементов.</li>
	<li>Температура эксплуатации: до +450°C.</li>
	<li>Цилиндрические магниты и размер ""H"" могут быть уменьшены с сохранением прежней силы сцепления.</li>
	<li>Цилиндрические магниты можно устанавливать методами запрессовки, усадки или вклеивания.</li>
	<li>Рекомендуется всегда содержать рабочую поверхность полюса в чистоте и регулярно очищать ее при необходимости.</li>
</ul>";K0546.01;6;20;0,15;Под заказ;809,98;;;;12;;;;;;;;;;;;;;;;;;"<span style=""font-family: 'Open Sans', sans-serif""><h2><span style=""font-size: 13pt"">Материалы:</span></h2>
<ul>
	<li>Корпус из стали.</li>
	<li>Магнитный сердечник из альнико (AlNiCo).</li>
</ul>
<hr>
<h2><span style=""font-size: 13pt"">Исполнение:</span></h2>
<ul>
	<li>Удерживающие магниты.</li>
	<li>Сталь оцинкованная.</li>
</ul>
<hr>
<h2><span style=""font-size: 13pt"">Указания по применению:</span></h2>
<ul>
	<li>Удерживающие магниты обладают только одной удерживающей поверхностью.</li>
	<li>Удерживающие магниты помогают ограничить воздействие магнитного поля, чтобы предотвратить нежелательное намагничивание всей детали, контактирующей с удерживающим магнитом, или других окружающих машинных элементов.</li>
	<li>Температура эксплуатации: до +450°C.</li>
	<li>Цилиндрические магниты и размер ""H"" могут быть уменьшены с сохранением прежней силы сцепления.</li>
	<li>Цилиндрические магниты можно устанавливать методами запрессовки, усадки или вклеивания.</li>
	<li>Рекомендуется всегда содержать рабочую поверхность полюса в чистоте и регулярно очищать ее при необходимости.</li>
</ul></span>"
K0546 Магниты цилиндрические из альнико экранированные;https://alterv.ru/catalog/magnity_postoyannye/k0546_magnity_tsilindricheskie_iz_yundk_ekranirovannye/;Kipp;Главная > Каталог > Промышленная фурнитура > Магниты постоянные > K0546 Магниты цилиндрические из альнико экранированные;https://alterv.ru/upload/iblock/4d8/k0546_magnity_cilindricheskie.jpg;https://alterv.ru/upload/iblock/b40/Z09061_nn_ru.jpg;"<h2><span style=""font-size: 13pt;"">Материалы:</span></h2>
<ul>
	<li>Корпус из стали.</li>
	<li>Магнитный сердечник из альнико (AlNiCo).</li>
</ul>
<hr>
<h2><span style=""font-size: 13pt;"">Исполнение:</span></h2>
<ul>
	<li>Удерживающие магниты.</li>
	<li>Сталь оцинкованная.</li>
</ul>
<hr>
<h2><span style=""font-size: 13pt;"">Указания по применению:</span></h2>
<ul>
	<li>Удерживающие магниты обладают только одной удерживающей поверхностью.</li>
	<li>Удерживающие магниты помогают ограничить воздействие магнитного поля, чтобы предотвратить нежелательное намагничивание всей детали, контактирующей с удерживающим магнитом, или других окружающих машинных элементов.</li>
	<li>Температура эксплуатации: до +450°C.</li>
	<li>Цилиндрические магниты и размер ""H"" могут быть уменьшены с сохранением прежней силы сцепления.</li>
	<li>Цилиндрические магниты можно устанавливать методами запрессовки, усадки или вклеивания.</li>
	<li>Рекомендуется всегда содержать рабочую поверхность полюса в чистоте и регулярно очищать ее при необходимости.</li>
</ul>";K0546.02;8;20;0,36;Под заказ;888,65;;;;11;;;;;;;;;;;;;;;;;;"<span style=""font-family: 'Open Sans', sans-serif""><h2><span style=""font-size: 13pt"">Материалы:</span></h2>
<ul>
	<li>Корпус из стали.</li>
	<li>Магнитный сердечник из альнико (AlNiCo).</li>
</ul>
<hr>
<h2><span style=""font-size: 13pt"">Исполнение:</span></h2>
<ul>
	<li>Удерживающие магниты.</li>
	<li>Сталь оцинкованная.</li>
</ul>
<hr>
<h2><span style=""font-size: 13pt"">Указания по применению:</span></h2>
<ul>
	<li>Удерживающие магниты обладают только одной удерживающей поверхностью.</li>
	<li>Удерживающие магниты помогают ограничить воздействие магнитного поля, чтобы предотвратить нежелательное намагничивание всей детали, контактирующей с удерживающим магнитом, или других окружающих машинных элементов.</li>
	<li>Температура эксплуатации: до +450°C.</li>
	<li>Цилиндрические магниты и размер ""H"" могут быть уменьшены с сохранением прежней силы сцепления.</li>
	<li>Цилиндрические магниты можно устанавливать методами запрессовки, усадки или вклеивания.</li>
	<li>Рекомендуется всегда содержать рабочую поверхность полюса в чистоте и регулярно очищать ее при необходимости.</li>
</ul></span>"
K0546 Магниты цилиндрические из альнико экранированные;https://alterv.ru/catalog/magnity_postoyannye/k0546_magnity_tsilindricheskie_iz_yundk_ekranirovannye/;Kipp;Главная > Каталог > Промышленная фурнитура > Магниты постоянные > K0546 Магниты цилиндрические из альнико экранированные;https://alterv.ru/upload/iblock/4d8/k0546_magnity_cilindricheskie.jpg;https://alterv.ru/upload/iblock/b40/Z09061_nn_ru.jpg;"<h2><span style=""font-size: 13pt;"">Материалы:</span></h2>
<ul>
	<li>Корпус из стали.</li>
	<li>Магнитный сердечник из альнико (AlNiCo).</li>
</ul>
<hr>
<h2><span style=""font-size: 13pt;"">Исполнение:</span></h2>
<ul>
	<li>Удерживающие магниты.</li>
	<li>Сталь оцинкованная.</li>
</ul>
<hr>
<h2><span style=""font-size: 13pt;"">Указания по применению:</span></h2>
<ul>
	<li>Удерживающие магниты обладают только одной удерживающей поверхностью.</li>
	<li>Удерживающие магниты помогают ограничить воздействие магнитного поля, чтобы предотвратить нежелательное намагничивание всей детали, контактирующей с удерживающим магнитом, или других окружающих машинных элементов.</li>
	<li>Температура эксплуатации: до +450°C.</li>
	<li>Цилиндрические магниты и размер ""H"" могут быть уменьшены с сохранением прежней силы сцепления.</li>
	<li>Цилиндрические магниты можно устанавливать методами запрессовки, усадки или вклеивания.</li>
	<li>Рекомендуется всегда содержать рабочую поверхность полюса в чистоте и регулярно очищать ее при необходимости.</li>
</ul>";K0546.03;10;20;0,71;Под заказ;916,43;;;;10;;;;;;;;;;;;;;;;;;"<span style=""font-family: 'Open Sans', sans-serif""><h2><span style=""font-size: 13pt"">Материалы:</span></h2>
<ul>
	<li>Корпус из стали.</li>
	<li>Магнитный сердечник из альнико (AlNiCo).</li>
</ul>
<hr>
<h2><span style=""font-size: 13pt"">Исполнение:</span></h2>
<ul>
	<li>Удерживающие магниты.</li>
	<li>Сталь оцинкованная.</li>
</ul>
<hr>
<h2><span style=""font-size: 13pt"">Указания по применению:</span></h2>
<ul>
	<li>Удерживающие магниты обладают только одной удерживающей поверхностью.</li>
	<li>Удерживающие магниты помогают ограничить воздействие магнитного поля, чтобы предотвратить нежелательное намагничивание всей детали, контактирующей с удерживающим магнитом, или других окружающих машинных элементов.</li>
	<li>Температура эксплуатации: до +450°C.</li>
	<li>Цилиндрические магниты и размер ""H"" могут быть уменьшены с сохранением прежней силы сцепления.</li>
	<li>Цилиндрические магниты можно устанавливать методами запрессовки, усадки или вклеивания.</li>
	<li>Рекомендуется всегда содержать рабочую поверхность полюса в чистоте и регулярно очищать ее при необходимости.</li>
</ul></span>"
K0546 Магниты цилиндрические из альнико экранированные;https://alterv.ru/catalog/magnity_postoyannye/k0546_magnity_tsilindricheskie_iz_yundk_ekranirovannye/;Kipp;Главная > Каталог > Промышленная фурнитура > Магниты постоянные > K0546 Магниты цилиндрические из альнико экранированные;https://alterv.ru/upload/iblock/4d8/k0546_magnity_cilindricheskie.jpg;https://alterv.ru/upload/iblock/b40/Z09061_nn_ru.jpg;"<h2><span style=""font-size: 13pt;"">Материалы:</span></h2>
<ul>
	<li>Корпус из стали.</li>
	<li>Магнитный сердечник из альнико (AlNiCo).</li>
</ul>
<hr>
<h2><span style=""font-size: 13pt;"">Исполнение:</span></h2>
<ul>
	<li>Удерживающие магниты.</li>
	<li>Сталь оцинкованная.</li>
</ul>
<hr>
<h2><span style=""font-size: 13pt;"">Указания по применению:</span></h2>
<ul>
	<li>Удерживающие магниты обладают только одной удерживающей поверхностью.</li>
	<li>Удерживающие магниты помогают ограничить воздействие магнитного поля, чтобы предотвратить нежелательное намагничивание всей детали, контактирующей с удерживающим магнитом, или других окружающих машинных элементов.</li>
	<li>Температура эксплуатации: до +450°C.</li>
	<li>Цилиндрические магниты и размер ""H"" могут быть уменьшены с сохранением прежней силы сцепления.</li>
	<li>Цилиндрические магниты можно устанавливать методами запрессовки, усадки или вклеивания.</li>
	<li>Рекомендуется всегда содержать рабочую поверхность полюса в чистоте и регулярно очищать ее при необходимости.</li>
</ul>";K0546.04;13;20;1,02;Под заказ;1096,92;;;;9;;;;;;;;;;;;;;;;;;"<span style=""font-family: 'Open Sans', sans-serif""><h2><span style=""font-size: 13pt"">Материалы:</span></h2>
<ul>
	<li>Корпус из стали.</li>
	<li>Магнитный сердечник из альнико (AlNiCo).</li>
</ul>
<hr>
<h2><span style=""font-size: 13pt"">Исполнение:</span></h2>
<ul>
	<li>Удерживающие магниты.</li>
	<li>Сталь оцинкованная.</li>
</ul>
<hr>
<h2><span style=""font-size: 13pt"">Указания по применению:</span></h2>
<ul>
	<li>Удерживающие магниты обладают только одной удерживающей поверхностью.</li>
	<li>Удерживающие магниты помогают ограничить воздействие магнитного поля, чтобы предотвратить нежелательное намагничивание всей детали, контактирующей с удерживающим магнитом, или других окружающих машинных элементов.</li>
	<li>Температура эксплуатации: до +450°C.</li>
	<li>Цилиндрические магниты и размер ""H"" могут быть уменьшены с сохранением прежней силы сцепления.</li>
	<li>Цилиндрические магниты можно устанавливать методами запрессовки, усадки или вклеивания.</li>
	<li>Рекомендуется всегда содержать рабочую поверхность полюса в чистоте и регулярно очищать ее при необходимости.</li>
</ul></span>"
K0546 Магниты цилиндрические из альнико экранированные;https://alterv.ru/catalog/magnity_postoyannye/k0546_magnity_tsilindricheskie_iz_yundk_ekranirovannye/;Kipp;Главная > Каталог > Промышленная фурнитура > Магниты постоянные > K0546 Магниты цилиндрические из альнико экранированные;https://alterv.ru/upload/iblock/4d8/k0546_magnity_cilindricheskie.jpg;https://alterv.ru/upload/iblock/b40/Z09061_nn_ru.jpg;"<h2><span style=""font-size: 13pt;"">Материалы:</span></h2>
<ul>
	<li>Корпус из стали.</li>
	<li>Магнитный сердечник из альнико (AlNiCo).</li>
</ul>
<hr>
<h2><span style=""font-size: 13pt;"">Исполнение:</span></h2>
<ul>
	<li>Удерживающие магниты.</li>
	<li>Сталь оцинкованная.</li>
</ul>
<hr>
<h2><span style=""font-size: 13pt;"">Указания по применению:</span></h2>
<ul>
	<li>Удерживающие магниты обладают только одной удерживающей поверхностью.</li>
	<li>Удерживающие магниты помогают ограничить воздействие магнитного поля, чтобы предотвратить нежелательное намагничивание всей детали, контактирующей с удерживающим магнитом, или других окружающих машинных элементов.</li>
	<li>Температура эксплуатации: до +450°C.</li>
	<li>Цилиндрические магниты и размер ""H"" могут быть уменьшены с сохранением прежней силы сцепления.</li>
	<li>Цилиндрические магниты можно устанавливать методами запрессовки, усадки или вклеивания.</li>
	<li>Рекомендуется всегда содержать рабочую поверхность полюса в чистоте и регулярно очищать ее при необходимости.</li>
</ul>";K0546.05;16;20;1,84;Под заказ;1351,5;;;;5;;;;;;;;;;;;;;;;;;"<span style=""font-family: 'Open Sans', sans-serif""><h2><span style=""font-size: 13pt"">Материалы:</span></h2>
<ul>
	<li>Корпус из стали.</li>
	<li>Магнитный сердечник из альнико (AlNiCo).</li>
</ul>
<hr>
<h2><span style=""font-size: 13pt"">Исполнение:</span></h2>
<ul>
	<li>Удерживающие магниты.</li>
	<li>Сталь оцинкованная.</li>
</ul>
<hr>
<h2><span style=""font-size: 13pt"">Указания по применению:</span></h2>
<ul>
	<li>Удерживающие магниты обладают только одной удерживающей поверхностью.</li>
	<li>Удерживающие магниты помогают ограничить воздействие магнитного поля, чтобы предотвратить нежелательное намагничивание всей детали, контактирующей с удерживающим магнитом, или других окружающих машинных элементов.</li>
	<li>Температура эксплуатации: до +450°C.</li>
	<li>Цилиндрические магниты и размер ""H"" могут быть уменьшены с сохранением прежней силы сцепления.</li>
	<li>Цилиндрические магниты можно устанавливать методами запрессовки, усадки или вклеивания.</li>
	<li>Рекомендуется всегда содержать рабочую поверхность полюса в чистоте и регулярно очищать ее при необходимости.</li>
</ul></span>"
K0546 Магниты цилиндрические из альнико экранированные;https://alterv.ru/catalog/magnity_postoyannye/k0546_magnity_tsilindricheskie_iz_yundk_ekranirovannye/;Kipp;Главная > Каталог > Промышленная фурнитура > Магниты постоянные > K0546 Магниты цилиндрические из альнико экранированные;https://alterv.ru/upload/iblock/4d8/k0546_magnity_cilindricheskie.jpg;https://alterv.ru/upload/iblock/b40/Z09061_nn_ru.jpg;"<h2><span style=""font-size: 13pt;"">Материалы:</span></h2>
<ul>
	<li>Корпус из стали.</li>
	<li>Магнитный сердечник из альнико (AlNiCo).</li>
</ul>
<hr>
<h2><span style=""font-size: 13pt;"">Исполнение:</span></h2>
<ul>
	<li>Удерживающие магниты.</li>
	<li>Сталь оцинкованная.</li>
</ul>
<hr>
<h2><span style=""font-size: 13pt;"">Указания по применению:</span></h2>
<ul>
	<li>Удерживающие магниты обладают только одной удерживающей поверхностью.</li>
	<li>Удерживающие магниты помогают ограничить воздействие магнитного поля, чтобы предотвратить нежелательное намагничивание всей детали, контактирующей с удерживающим магнитом, или других окружающих машинных элементов.</li>
	<li>Температура эксплуатации: до +450°C.</li>
	<li>Цилиндрические магниты и размер ""H"" могут быть уменьшены с сохранением прежней силы сцепления.</li>
	<li>Цилиндрические магниты можно устанавливать методами запрессовки, усадки или вклеивания.</li>
	<li>Рекомендуется всегда содержать рабочую поверхность полюса в чистоте и регулярно очищать ее при необходимости.</li>
</ul>";K0546.06;20;25;4,28;Под заказ;1740,27;;;;6;;;;;;;;;;;;;;;;;;"<span style=""font-family: 'Open Sans', sans-serif""><h2><span style=""font-size: 13pt"">Материалы:</span></h2>
<ul>
	<li>Корпус из стали.</li>
	<li>Магнитный сердечник из альнико (AlNiCo).</li>
</ul>
<hr>
<h2><span style=""font-size: 13pt"">Исполнение:</span></h2>
<ul>
	<li>Удерживающие магниты.</li>
	<li>Сталь оцинкованная.</li>
</ul>
<hr>
<h2><span style=""font-size: 13pt"">Указания по применению:</span></h2>
<ul>
	<li>Удерживающие магниты обладают только одной удерживающей поверхностью.</li>
	<li>Удерживающие магниты помогают ограничить воздействие магнитного поля, чтобы предотвратить нежелательное намагничивание всей детали, контактирующей с удерживающим магнитом, или других окружающих машинных элементов.</li>
	<li>Температура эксплуатации: до +450°C.</li>
	<li>Цилиндрические магниты и размер ""H"" могут быть уменьшены с сохранением прежней силы сцепления.</li>
	<li>Цилиндрические магниты можно устанавливать методами запрессовки, усадки или вклеивания.</li>
	<li>Рекомендуется всегда содержать рабочую поверхность полюса в чистоте и регулярно очищать ее при необходимости.</li>
</ul></span>"
K0546 Магниты цилиндрические из альнико экранированные;https://alterv.ru/catalog/magnity_postoyannye/k0546_magnity_tsilindricheskie_iz_yundk_ekranirovannye/;Kipp;Главная > Каталог > Промышленная фурнитура > Магниты постоянные > K0546 Магниты цилиндрические из альнико экранированные;https://alterv.ru/upload/iblock/4d8/k0546_magnity_cilindricheskie.jpg;https://alterv.ru/upload/iblock/b40/Z09061_nn_ru.jpg;"<h2><span style=""font-size: 13pt;"">Материалы:</span></h2>
<ul>
	<li>Корпус из стали.</li>
	<li>Магнитный сердечник из альнико (AlNiCo).</li>
</ul>
<hr>
<h2><span style=""font-size: 13pt;"">Исполнение:</span></h2>
<ul>
	<li>Удерживающие магниты.</li>
	<li>Сталь оцинкованная.</li>
</ul>
<hr>
<h2><span style=""font-size: 13pt;"">Указания по применению:</span></h2>
<ul>
	<li>Удерживающие магниты обладают только одной удерживающей поверхностью.</li>
	<li>Удерживающие магниты помогают ограничить воздействие магнитного поля, чтобы предотвратить нежелательное намагничивание всей детали, контактирующей с удерживающим магнитом, или других окружающих машинных элементов.</li>
	<li>Температура эксплуатации: до +450°C.</li>
	<li>Цилиндрические магниты и размер ""H"" могут быть уменьшены с сохранением прежней силы сцепления.</li>
	<li>Цилиндрические магниты можно устанавливать методами запрессовки, усадки или вклеивания.</li>
	<li>Рекомендуется всегда содержать рабочую поверхность полюса в чистоте и регулярно очищать ее при необходимости.</li>
</ul>";K0546.07;25;35;9,79;Под заказ;2948,28;;;;10;;;;;;;;;;;;;;;;;;"<span style=""font-family: 'Open Sans', sans-serif""><h2><span style=""font-size: 13pt"">Материалы:</span></h2>
<ul>
	<li>Корпус из стали.</li>
	<li>Магнитный сердечник из альнико (AlNiCo).</li>
</ul>
<hr>
<h2><span style=""font-size: 13pt"">Исполнение:</span></h2>
<ul>
	<li>Удерживающие магниты.</li>
	<li>Сталь оцинкованная.</li>
</ul>
<hr>
<h2><span style=""font-size: 13pt"">Указания по применению:</span></h2>
<ul>
	<li>Удерживающие магниты обладают только одной удерживающей поверхностью.</li>
	<li>Удерживающие магниты помогают ограничить воздействие магнитного поля, чтобы предотвратить нежелательное намагничивание всей детали, контактирующей с удерживающим магнитом, или других окружающих машинных элементов.</li>
	<li>Температура эксплуатации: до +450°C.</li>
	<li>Цилиндрические магниты и размер ""H"" могут быть уменьшены с сохранением прежней силы сцепления.</li>
	<li>Цилиндрические магниты можно устанавливать методами запрессовки, усадки или вклеивания.</li>
	<li>Рекомендуется всегда содержать рабочую поверхность полюса в чистоте и регулярно очищать ее при необходимости.</li>
</ul></span>"
K0546 Магниты цилиндрические из альнико экранированные;https://alterv.ru/catalog/magnity_postoyannye/k0546_magnity_tsilindricheskie_iz_yundk_ekranirovannye/;Kipp;Главная > Каталог > Промышленная фурнитура > Магниты постоянные > K0546 Магниты цилиндрические из альнико экранированные;https://alterv.ru/upload/iblock/4d8/k0546_magnity_cilindricheskie.jpg;https://alterv.ru/upload/iblock/b40/Z09061_nn_ru.jpg;"<h2><span style=""font-size: 13pt;"">Материалы:</span></h2>
<ul>
	<li>Корпус из стали.</li>
	<li>Магнитный сердечник из альнико (AlNiCo).</li>
</ul>
<hr>
<h2><span style=""font-size: 13pt;"">Исполнение:</span></h2>
<ul>
	<li>Удерживающие магниты.</li>
	<li>Сталь оцинкованная.</li>
</ul>
<hr>
<h2><span style=""font-size: 13pt;"">Указания по применению:</span></h2>
<ul>
	<li>Удерживающие магниты обладают только одной удерживающей поверхностью.</li>
	<li>Удерживающие магниты помогают ограничить воздействие магнитного поля, чтобы предотвратить нежелательное намагничивание всей детали, контактирующей с удерживающим магнитом, или других окружающих машинных элементов.</li>
	<li>Температура эксплуатации: до +450°C.</li>
	<li>Цилиндрические магниты и размер ""H"" могут быть уменьшены с сохранением прежней силы сцепления.</li>
	<li>Цилиндрические магниты можно устанавливать методами запрессовки, усадки или вклеивания.</li>
	<li>Рекомендуется всегда содержать рабочую поверхность полюса в чистоте и регулярно очищать ее при необходимости.</li>
</ul>";K0546.08;32;40;18,35;Под заказ;5767;;;;8;;;;;;;;;;;;;;;;;;"<span style=""font-family: 'Open Sans', sans-serif""><h2><span style=""font-size: 13pt"">Материалы:</span></h2>
<ul>
	<li>Корпус из стали.</li>
	<li>Магнитный сердечник из альнико (AlNiCo).</li>
</ul>
<hr>
<h2><span style=""font-size: 13pt"">Исполнение:</span></h2>
<ul>
	<li>Удерживающие магниты.</li>
	<li>Сталь оцинкованная.</li>
</ul>
<hr>
<h2><span style=""font-size: 13pt"">Указания по применению:</span></h2>
<ul>
	<li>Удерживающие магниты обладают только одной удерживающей поверхностью.</li>
	<li>Удерживающие магниты помогают ограничить воздействие магнитного поля, чтобы предотвратить нежелательное намагничивание всей детали, контактирующей с удерживающим магнитом, или других окружающих машинных элементов.</li>
	<li>Температура эксплуатации: до +450°C.</li>
	<li>Цилиндрические магниты и размер ""H"" могут быть уменьшены с сохранением прежней силы сцепления.</li>
	<li>Цилиндрические магниты можно устанавливать методами запрессовки, усадки или вклеивания.</li>
	<li>Рекомендуется всегда содержать рабочую поверхность полюса в чистоте и регулярно очищать ее при необходимости.</li>
</ul></span>"
K0546 Магниты цилиндрические из альнико экранированные;https://alterv.ru/catalog/magnity_postoyannye/k0546_magnity_tsilindricheskie_iz_yundk_ekranirovannye/;Kipp;Главная > Каталог > Промышленная фурнитура > Магниты постоянные > K0546 Магниты цилиндрические из альнико экранированные;https://alterv.ru/upload/iblock/4d8/k0546_magnity_cilindricheskie.jpg;https://alterv.ru/upload/iblock/b40/Z09061_nn_ru.jpg;"<h2><span style=""font-size: 13pt;"">Материалы:</span></h2>
<ul>
	<li>Корпус из стали.</li>
	<li>Магнитный сердечник из альнико (AlNiCo).</li>
</ul>
<hr>
<h2><span style=""font-size: 13pt;"">Исполнение:</span></h2>
<ul>
	<li>Удерживающие магниты.</li>
	<li>Сталь оцинкованная.</li>
</ul>
<hr>
<h2><span style=""font-size: 13pt;"">Указания по применению:</span></h2>
<ul>
	<li>Удерживающие магниты обладают только одной удерживающей поверхностью.</li>
	<li>Удерживающие магниты помогают ограничить воздействие магнитного поля, чтобы предотвратить нежелательное намагничивание всей детали, контактирующей с удерживающим магнитом, или других окружающих машинных элементов.</li>
	<li>Температура эксплуатации: до +450°C.</li>
	<li>Цилиндрические магниты и размер ""H"" могут быть уменьшены с сохранением прежней силы сцепления.</li>
	<li>Цилиндрические магниты можно устанавливать методами запрессовки, усадки или вклеивания.</li>
	<li>Рекомендуется всегда содержать рабочую поверхность полюса в чистоте и регулярно очищать ее при необходимости.</li>
</ul>";K0546.09;40;50;24,47;Под заказ;11834,82;;;;10;;;;;;;;;;;;;;;;;;"<span style=""font-family: 'Open Sans', sans-serif""><h2><span style=""font-size: 13pt"">Материалы:</span></h2>
<ul>
	<li>Корпус из стали.</li>
	<li>Магнитный сердечник из альнико (AlNiCo).</li>
</ul>
<hr>
<h2><span style=""font-size: 13pt"">Исполнение:</span></h2>
<ul>
	<li>Удерживающие магниты.</li>
	<li>Сталь оцинкованная.</li>
</ul>
<hr>
<h2><span style=""font-size: 13pt"">Указания по применению:</span></h2>
<ul>
	<li>Удерживающие магниты обладают только одной удерживающей поверхностью.</li>
	<li>Удерживающие магниты помогают ограничить воздействие магнитного поля, чтобы предотвратить нежелательное намагничивание всей детали, контактирующей с удерживающим магнитом, или других окружающих машинных элементов.</li>
	<li>Температура эксплуатации: до +450°C.</li>
	<li>Цилиндрические магниты и размер ""H"" могут быть уменьшены с сохранением прежней силы сцепления.</li>
	<li>Цилиндрические магниты можно устанавливать методами запрессовки, усадки или вклеивания.</li>
	<li>Рекомендуется всегда содержать рабочую поверхность полюса в чистоте и регулярно очищать ее при необходимости.</li>
</ul></span>"
K0547 Магниты цилиндрические из альнико с цапфой;https://alterv.ru/catalog/magnity_postoyannye/k0547_magnity_tsilindricheskie_iz_yundk_s_tsapfoy/;Kipp;Главная > Каталог > Промышленная фурнитура > Магниты постоянные > K0547 Магниты цилиндрические из альнико с цапфой;https://alterv.ru/upload/iblock/806/k0547_magnity_cilindricheskie.jpg;https://alterv.ru/upload/iblock/daf/Z09063_nn_ru.jpg;"<h2><span style=""font-size: 13pt;"">Материалы:</span></h2>
<ul>
	<li>Корпус из стали.</li>
	<li>Магнитный сердечник из альнико (AlNiCo).</li>
</ul>
<hr>
<h2><span style=""font-size: 13pt;"">Исполнение:</span></h2>
<ul>
	<li>Экранированные удерживающие магниты.</li>
	<li>Сталь оцинкованная.</li>
</ul>
<hr>
<h2><span style=""font-size: 13pt;"">Указания по применению:</span></h2>
<ul>
	<li>Удерживающие магниты обладают только одной удерживающей поверхностью.</li>
	<li>Удерживающие магниты помогают ограничить воздействие магнитного поля, чтобы предотвратить нежелательное намагничивание всей детали, контактирующей с удерживающим магнитом, или других окружающих машинных элементов.</li>
	<li>Температура эксплуатации: до +450°C.</li>
	<li>Цапфа может быть увеличена на размер ""H"" с сохранением прежней силы сцепления.</li>
	<li>Рекомендуется всегда содержать рабочую поверхность полюса в чистоте и регулярно очищать ее при необходимости.</li>
</ul>";K0547.01;6;20;0,17;Под заказ;772,95;;;;2;8;3;;;;;;;;;;;;;;;;"<span style=""font-family: 'Open Sans', sans-serif""><h2><span style=""font-size: 13pt"">Материалы:</span></h2>
<ul>
	<li>Корпус из стали.</li>
	<li>Магнитный сердечник из альнико (AlNiCo).</li>
</ul>
<hr>
<h2><span style=""font-size: 13pt"">Исполнение:</span></h2>
<ul>
	<li>Экранированные удерживающие магниты.</li>
	<li>Сталь оцинкованная.</li>
</ul>
<hr>
<h2><span style=""font-size: 13pt"">Указания по применению:</span></h2>
<ul>
	<li>Удерживающие магниты обладают только одной удерживающей поверхностью.</li>
	<li>Удерживающие магниты помогают ограничить воздействие магнитного поля, чтобы предотвратить нежелательное намагничивание всей детали, контактирующей с удерживающим магнитом, или других окружающих машинных элементов.</li>
	<li>Температура эксплуатации: до +450°C.</li>
	<li>Цапфа может быть увеличена на размер ""H"" с сохранением прежней силы сцепления.</li>
	<li>Рекомендуется всегда содержать рабочую поверхность полюса в чистоте и регулярно очищать ее при необходимости.</li>
</ul></span>"
K0547 Магниты цилиндрические из альнико с цапфой;https://alterv.ru/catalog/magnity_postoyannye/k0547_magnity_tsilindricheskie_iz_yundk_s_tsapfoy/;Kipp;Главная > Каталог > Промышленная фурнитура > Магниты постоянные > K0547 Магниты цилиндрические из альнико с цапфой;https://alterv.ru/upload/iblock/806/k0547_magnity_cilindricheskie.jpg;https://alterv.ru/upload/iblock/daf/Z09063_nn_ru.jpg;"<h2><span style=""font-size: 13pt;"">Материалы:</span></h2>
<ul>
	<li>Корпус из стали.</li>
	<li>Магнитный сердечник из альнико (AlNiCo).</li>
</ul>
<hr>
<h2><span style=""font-size: 13pt;"">Исполнение:</span></h2>
<ul>
	<li>Экранированные удерживающие магниты.</li>
	<li>Сталь оцинкованная.</li>
</ul>
<hr>
<h2><span style=""font-size: 13pt;"">Указания по применению:</span></h2>
<ul>
	<li>Удерживающие магниты обладают только одной удерживающей поверхностью.</li>
	<li>Удерживающие магниты помогают ограничить воздействие магнитного поля, чтобы предотвратить нежелательное намагничивание всей детали, контактирующей с удерживающим магнитом, или других окружающих машинных элементов.</li>
	<li>Температура эксплуатации: до +450°C.</li>
	<li>Цапфа может быть увеличена на размер ""H"" с сохранением прежней силы сцепления.</li>
	<li>Рекомендуется всегда содержать рабочую поверхность полюса в чистоте и регулярно очищать ее при необходимости.</li>
</ul>";K0547.02;8;20;0,41;Под заказ;828,47;;;;3;8;3;;;;;;;;;;;;;;;;"<span style=""font-family: 'Open Sans', sans-serif""><h2><span style=""font-size: 13pt"">Материалы:</span></h2>
<ul>
	<li>Корпус из стали.</li>
	<li>Магнитный сердечник из альнико (AlNiCo).</li>
</ul>
<hr>
<h2><span style=""font-size: 13pt"">Исполнение:</span></h2>
<ul>
	<li>Экранированные удерживающие магниты.</li>
	<li>Сталь оцинкованная.</li>
</ul>
<hr>
<h2><span style=""font-size: 13pt"">Указания по применению:</span></h2>
<ul>
	<li>Удерживающие магниты обладают только одной удерживающей поверхностью.</li>
	<li>Удерживающие магниты помогают ограничить воздействие магнитного поля, чтобы предотвратить нежелательное намагничивание всей детали, контактирующей с удерживающим магнитом, или других окружающих машинных элементов.</li>
	<li>Температура эксплуатации: до +450°C.</li>
	<li>Цапфа может быть увеличена на размер ""H"" с сохранением прежней силы сцепления.</li>
	<li>Рекомендуется всегда содержать рабочую поверхность полюса в чистоте и регулярно очищать ее при необходимости.</li>
</ul></span>"
K0547 Магниты цилиндрические из альнико с цапфой;https://alterv.ru/catalog/magnity_postoyannye/k0547_magnity_tsilindricheskie_iz_yundk_s_tsapfoy/;Kipp;Главная > Каталог > Промышленная фурнитура > Магниты постоянные > K0547 Магниты цилиндрические из альнико с цапфой;https://alterv.ru/upload/iblock/806/k0547_magnity_cilindricheskie.jpg;https://alterv.ru/upload/iblock/daf/Z09063_nn_ru.jpg;"<h2><span style=""font-size: 13pt;"">Материалы:</span></h2>
<ul>
	<li>Корпус из стали.</li>
	<li>Магнитный сердечник из альнико (AlNiCo).</li>
</ul>
<hr>
<h2><span style=""font-size: 13pt;"">Исполнение:</span></h2>
<ul>
	<li>Экранированные удерживающие магниты.</li>
	<li>Сталь оцинкованная.</li>
</ul>
<hr>
<h2><span style=""font-size: 13pt;"">Указания по применению:</span></h2>
<ul>
	<li>Удерживающие магниты обладают только одной удерживающей поверхностью.</li>
	<li>Удерживающие магниты помогают ограничить воздействие магнитного поля, чтобы предотвратить нежелательное намагничивание всей детали, контактирующей с удерживающим магнитом, или других окружающих машинных элементов.</li>
	<li>Температура эксплуатации: до +450°C.</li>
	<li>Цапфа может быть увеличена на размер ""H"" с сохранением прежней силы сцепления.</li>
	<li>Рекомендуется всегда содержать рабочую поверхность полюса в чистоте и регулярно очищать ее при необходимости.</li>
</ul>";K0547.03;10;20;0,87;Под заказ;930,31;;;;6;8;4;;;;;;;;;;;;;;;;"<span style=""font-family: 'Open Sans', sans-serif""><h2><span style=""font-size: 13pt"">Материалы:</span></h2>
<ul>
	<li>Корпус из стали.</li>
	<li>Магнитный сердечник из альнико (AlNiCo).</li>
</ul>
<hr>
<h2><span style=""font-size: 13pt"">Исполнение:</span></h2>
<ul>
	<li>Экранированные удерживающие магниты.</li>
	<li>Сталь оцинкованная.</li>
</ul>
<hr>
<h2><span style=""font-size: 13pt"">Указания по применению:</span></h2>
<ul>
	<li>Удерживающие магниты обладают только одной удерживающей поверхностью.</li>
	<li>Удерживающие магниты помогают ограничить воздействие магнитного поля, чтобы предотвратить нежелательное намагничивание всей детали, контактирующей с удерживающим магнитом, или других окружающих машинных элементов.</li>
	<li>Температура эксплуатации: до +450°C.</li>
	<li>Цапфа может быть увеличена на размер ""H"" с сохранением прежней силы сцепления.</li>
	<li>Рекомендуется всегда содержать рабочую поверхность полюса в чистоте и регулярно очищать ее при необходимости.</li>
</ul></span>"
K0547 Магниты цилиндрические из альнико с цапфой;https://alterv.ru/catalog/magnity_postoyannye/k0547_magnity_tsilindricheskie_iz_yundk_s_tsapfoy/;Kipp;Главная > Каталог > Промышленная фурнитура > Магниты постоянные > K0547 Магниты цилиндрические из альнико с цапфой;https://alterv.ru/upload/iblock/806/k0547_magnity_cilindricheskie.jpg;https://alterv.ru/upload/iblock/daf/Z09063_nn_ru.jpg;"<h2><span style=""font-size: 13pt;"">Материалы:</span></h2>
<ul>
	<li>Корпус из стали.</li>
	<li>Магнитный сердечник из альнико (AlNiCo).</li>
</ul>
<hr>
<h2><span style=""font-size: 13pt;"">Исполнение:</span></h2>
<ul>
	<li>Экранированные удерживающие магниты.</li>
	<li>Сталь оцинкованная.</li>
</ul>
<hr>
<h2><span style=""font-size: 13pt;"">Указания по применению:</span></h2>
<ul>
	<li>Удерживающие магниты обладают только одной удерживающей поверхностью.</li>
	<li>Удерживающие магниты помогают ограничить воздействие магнитного поля, чтобы предотвратить нежелательное намагничивание всей детали, контактирующей с удерживающим магнитом, или других окружающих машинных элементов.</li>
	<li>Температура эксплуатации: до +450°C.</li>
	<li>Цапфа может быть увеличена на размер ""H"" с сохранением прежней силы сцепления.</li>
	<li>Рекомендуется всегда содержать рабочую поверхность полюса в чистоте и регулярно очищать ее при необходимости.</li>
</ul>";K0547.04;13;20;1,22;Под заказ;1050,64;;;;7;8;4;;;;;;;;;;;;;;;;"<span style=""font-family: 'Open Sans', sans-serif""><h2><span style=""font-size: 13pt"">Материалы:</span></h2>
<ul>
	<li>Корпус из стали.</li>
	<li>Магнитный сердечник из альнико (AlNiCo).</li>
</ul>
<hr>
<h2><span style=""font-size: 13pt"">Исполнение:</span></h2>
<ul>
	<li>Экранированные удерживающие магниты.</li>
	<li>Сталь оцинкованная.</li>
</ul>
<hr>
<h2><span style=""font-size: 13pt"">Указания по применению:</span></h2>
<ul>
	<li>Удерживающие магниты обладают только одной удерживающей поверхностью.</li>
	<li>Удерживающие магниты помогают ограничить воздействие магнитного поля, чтобы предотвратить нежелательное намагничивание всей детали, контактирующей с удерживающим магнитом, или других окружающих машинных элементов.</li>
	<li>Температура эксплуатации: до +450°C.</li>
	<li>Цапфа может быть увеличена на размер ""H"" с сохранением прежней силы сцепления.</li>
	<li>Рекомендуется всегда содержать рабочую поверхность полюса в чистоте и регулярно очищать ее при необходимости.</li>
</ul></span>"
K0547 Магниты цилиндрические из альнико с цапфой;https://alterv.ru/catalog/magnity_postoyannye/k0547_magnity_tsilindricheskie_iz_yundk_s_tsapfoy/;Kipp;Главная > Каталог > Промышленная фурнитура > Магниты постоянные > K0547 Магниты цилиндрические из альнико с цапфой;https://alterv.ru/upload/iblock/806/k0547_magnity_cilindricheskie.jpg;https://alterv.ru/upload/iblock/daf/Z09063_nn_ru.jpg;"<h2><span style=""font-size: 13pt;"">Материалы:</span></h2>
<ul>
	<li>Корпус из стали.</li>
	<li>Магнитный сердечник из альнико (AlNiCo).</li>
</ul>
<hr>
<h2><span style=""font-size: 13pt;"">Исполнение:</span></h2>
<ul>
	<li>Экранированные удерживающие магниты.</li>
	<li>Сталь оцинкованная.</li>
</ul>
<hr>
<h2><span style=""font-size: 13pt;"">Указания по применению:</span></h2>
<ul>
	<li>Удерживающие магниты обладают только одной удерживающей поверхностью.</li>
	<li>Удерживающие магниты помогают ограничить воздействие магнитного поля, чтобы предотвратить нежелательное намагничивание всей детали, контактирующей с удерживающим магнитом, или других окружающих машинных элементов.</li>
	<li>Температура эксплуатации: до +450°C.</li>
	<li>Цапфа может быть увеличена на размер ""H"" с сохранением прежней силы сцепления.</li>
	<li>Рекомендуется всегда содержать рабочую поверхность полюса в чистоте и регулярно очищать ее при необходимости.</li>
</ul>";K0547.05;16;20;2,04;Под заказ;1295,96;;;;5;8;5;;;;;;;;;;;;;;;;"<span style=""font-family: 'Open Sans', sans-serif""><h2><span style=""font-size: 13pt"">Материалы:</span></h2>
<ul>
	<li>Корпус из стали.</li>
	<li>Магнитный сердечник из альнико (AlNiCo).</li>
</ul>
<hr>
<h2><span style=""font-size: 13pt"">Исполнение:</span></h2>
<ul>
	<li>Экранированные удерживающие магниты.</li>
	<li>Сталь оцинкованная.</li>
</ul>
<hr>
<h2><span style=""font-size: 13pt"">Указания по применению:</span></h2>
<ul>
	<li>Удерживающие магниты обладают только одной удерживающей поверхностью.</li>
	<li>Удерживающие магниты помогают ограничить воздействие магнитного поля, чтобы предотвратить нежелательное намагничивание всей детали, контактирующей с удерживающим магнитом, или других окружающих машинных элементов.</li>
	<li>Температура эксплуатации: до +450°C.</li>
	<li>Цапфа может быть увеличена на размер ""H"" с сохранением прежней силы сцепления.</li>
	<li>Рекомендуется всегда содержать рабочую поверхность полюса в чистоте и регулярно очищать ее при необходимости.</li>
</ul></span>"
K0547 Магниты цилиндрические из альнико с цапфой;https://alterv.ru/catalog/magnity_postoyannye/k0547_magnity_tsilindricheskie_iz_yundk_s_tsapfoy/;Kipp;Главная > Каталог > Промышленная фурнитура > Магниты постоянные > K0547 Магниты цилиндрические из альнико с цапфой;https://alterv.ru/upload/iblock/806/k0547_magnity_cilindricheskie.jpg;https://alterv.ru/upload/iblock/daf/Z09063_nn_ru.jpg;"<h2><span style=""font-size: 13pt;"">Материалы:</span></h2>
<ul>
	<li>Корпус из стали.</li>
	<li>Магнитный сердечник из альнико (AlNiCo).</li>
</ul>
<hr>
<h2><span style=""font-size: 13pt;"">Исполнение:</span></h2>
<ul>
	<li>Экранированные удерживающие магниты.</li>
	<li>Сталь оцинкованная.</li>
</ul>
<hr>
<h2><span style=""font-size: 13pt;"">Указания по применению:</span></h2>
<ul>
	<li>Удерживающие магниты обладают только одной удерживающей поверхностью.</li>
	<li>Удерживающие магниты помогают ограничить воздействие магнитного поля, чтобы предотвратить нежелательное намагничивание всей детали, контактирующей с удерживающим магнитом, или других окружающих машинных элементов.</li>
	<li>Температура эксплуатации: до +450°C.</li>
	<li>Цапфа может быть увеличена на размер ""H"" с сохранением прежней силы сцепления.</li>
	<li>Рекомендуется всегда содержать рабочую поверхность полюса в чистоте и регулярно очищать ее при необходимости.</li>
</ul>";K0547.06;20;25;5,1;Под заказ;1647,73;;;;6;8;6;;;;;;;;;;;;;;;;"<span style=""font-family: 'Open Sans', sans-serif""><h2><span style=""font-size: 13pt"">Материалы:</span></h2>
<ul>
	<li>Корпус из стали.</li>
	<li>Магнитный сердечник из альнико (AlNiCo).</li>
</ul>
<hr>
<h2><span style=""font-size: 13pt"">Исполнение:</span></h2>
<ul>
	<li>Экранированные удерживающие магниты.</li>
	<li>Сталь оцинкованная.</li>
</ul>
<hr>
<h2><span style=""font-size: 13pt"">Указания по применению:</span></h2>
<ul>
	<li>Удерживающие магниты обладают только одной удерживающей поверхностью.</li>
	<li>Удерживающие магниты помогают ограничить воздействие магнитного поля, чтобы предотвратить нежелательное намагничивание всей детали, контактирующей с удерживающим магнитом, или других окружающих машинных элементов.</li>
	<li>Температура эксплуатации: до +450°C.</li>
	<li>Цапфа может быть увеличена на размер ""H"" с сохранением прежней силы сцепления.</li>
	<li>Рекомендуется всегда содержать рабочую поверхность полюса в чистоте и регулярно очищать ее при необходимости.</li>
</ul></span>"
K0547 Магниты цилиндрические из альнико с цапфой;https://alterv.ru/catalog/magnity_postoyannye/k0547_magnity_tsilindricheskie_iz_yundk_s_tsapfoy/;Kipp;Главная > Каталог > Промышленная фурнитура > Магниты постоянные > K0547 Магниты цилиндрические из альнико с цапфой;https://alterv.ru/upload/iblock/806/k0547_magnity_cilindricheskie.jpg;https://alterv.ru/upload/iblock/daf/Z09063_nn_ru.jpg;"<h2><span style=""font-size: 13pt;"">Материалы:</span></h2>
<ul>
	<li>Корпус из стали.</li>
	<li>Магнитный сердечник из альнико (AlNiCo).</li>
</ul>
<hr>
<h2><span style=""font-size: 13pt;"">Исполнение:</span></h2>
<ul>
	<li>Экранированные удерживающие магниты.</li>
	<li>Сталь оцинкованная.</li>
</ul>
<hr>
<h2><span style=""font-size: 13pt;"">Указания по применению:</span></h2>
<ul>
	<li>Удерживающие магниты обладают только одной удерживающей поверхностью.</li>
	<li>Удерживающие магниты помогают ограничить воздействие магнитного поля, чтобы предотвратить нежелательное намагничивание всей детали, контактирующей с удерживающим магнитом, или других окружающих машинных элементов.</li>
	<li>Температура эксплуатации: до +450°C.</li>
	<li>Цапфа может быть увеличена на размер ""H"" с сохранением прежней силы сцепления.</li>
	<li>Рекомендуется всегда содержать рабочую поверхность полюса в чистоте и регулярно очищать ее при необходимости.</li>
</ul>";K0547.07;25;35;11,73;Под заказ;2684,48;;;;5;10;8;;;;;;;;;;;;;;;;"<span style=""font-family: 'Open Sans', sans-serif""><h2><span style=""font-size: 13pt"">Материалы:</span></h2>
<ul>
	<li>Корпус из стали.</li>
	<li>Магнитный сердечник из альнико (AlNiCo).</li>
</ul>
<hr>
<h2><span style=""font-size: 13pt"">Исполнение:</span></h2>
<ul>
	<li>Экранированные удерживающие магниты.</li>
	<li>Сталь оцинкованная.</li>
</ul>
<hr>
<h2><span style=""font-size: 13pt"">Указания по применению:</span></h2>
<ul>
	<li>Удерживающие магниты обладают только одной удерживающей поверхностью.</li>
	<li>Удерживающие магниты помогают ограничить воздействие магнитного поля, чтобы предотвратить нежелательное намагничивание всей детали, контактирующей с удерживающим магнитом, или других окружающих машинных элементов.</li>
	<li>Температура эксплуатации: до +450°C.</li>
	<li>Цапфа может быть увеличена на размер ""H"" с сохранением прежней силы сцепления.</li>
	<li>Рекомендуется всегда содержать рабочую поверхность полюса в чистоте и регулярно очищать ее при необходимости.</li>
</ul></span>"
K0547 Магниты цилиндрические из альнико с цапфой;https://alterv.ru/catalog/magnity_postoyannye/k0547_magnity_tsilindricheskie_iz_yundk_s_tsapfoy/;Kipp;Главная > Каталог > Промышленная фурнитура > Магниты постоянные > K0547 Магниты цилиндрические из альнико с цапфой;https://alterv.ru/upload/iblock/806/k0547_magnity_cilindricheskie.jpg;https://alterv.ru/upload/iblock/daf/Z09063_nn_ru.jpg;"<h2><span style=""font-size: 13pt;"">Материалы:</span></h2>
<ul>
	<li>Корпус из стали.</li>
	<li>Магнитный сердечник из альнико (AlNiCo).</li>
</ul>
<hr>
<h2><span style=""font-size: 13pt;"">Исполнение:</span></h2>
<ul>
	<li>Экранированные удерживающие магниты.</li>
	<li>Сталь оцинкованная.</li>
</ul>
<hr>
<h2><span style=""font-size: 13pt;"">Указания по применению:</span></h2>
<ul>
	<li>Удерживающие магниты обладают только одной удерживающей поверхностью.</li>
	<li>Удерживающие магниты помогают ограничить воздействие магнитного поля, чтобы предотвратить нежелательное намагничивание всей детали, контактирующей с удерживающим магнитом, или других окружающих машинных элементов.</li>
	<li>Температура эксплуатации: до +450°C.</li>
	<li>Цапфа может быть увеличена на размер ""H"" с сохранением прежней силы сцепления.</li>
	<li>Рекомендуется всегда содержать рабочую поверхность полюса в чистоте и регулярно очищать ее при необходимости.</li>
</ul>";K0547.08;32;40;20,39;Под заказ;5757,73;;;;3;10;10;;;;;;;;;;;;;;;;"<span style=""font-family: 'Open Sans', sans-serif""><h2><span style=""font-size: 13pt"">Материалы:</span></h2>
<ul>
	<li>Корпус из стали.</li>
	<li>Магнитный сердечник из альнико (AlNiCo).</li>
</ul>
<hr>
<h2><span style=""font-size: 13pt"">Исполнение:</span></h2>
<ul>
	<li>Экранированные удерживающие магниты.</li>
	<li>Сталь оцинкованная.</li>
</ul>
<hr>
<h2><span style=""font-size: 13pt"">Указания по применению:</span></h2>
<ul>
	<li>Удерживающие магниты обладают только одной удерживающей поверхностью.</li>
	<li>Удерживающие магниты помогают ограничить воздействие магнитного поля, чтобы предотвратить нежелательное намагничивание всей детали, контактирующей с удерживающим магнитом, или других окружающих машинных элементов.</li>
	<li>Температура эксплуатации: до +450°C.</li>
	<li>Цапфа может быть увеличена на размер ""H"" с сохранением прежней силы сцепления.</li>
	<li>Рекомендуется всегда содержать рабочую поверхность полюса в чистоте и регулярно очищать ее при необходимости.</li>
</ul></span>"
K0547 Магниты цилиндрические из альнико с цапфой;https://alterv.ru/catalog/magnity_postoyannye/k0547_magnity_tsilindricheskie_iz_yundk_s_tsapfoy/;Kipp;Главная > Каталог > Промышленная фурнитура > Магниты постоянные > K0547 Магниты цилиндрические из альнико с цапфой;https://alterv.ru/upload/iblock/806/k0547_magnity_cilindricheskie.jpg;https://alterv.ru/upload/iblock/daf/Z09063_nn_ru.jpg;"<h2><span style=""font-size: 13pt;"">Материалы:</span></h2>
<ul>
	<li>Корпус из стали.</li>
	<li>Магнитный сердечник из альнико (AlNiCo).</li>
</ul>
<hr>
<h2><span style=""font-size: 13pt;"">Исполнение:</span></h2>
<ul>
	<li>Экранированные удерживающие магниты.</li>
	<li>Сталь оцинкованная.</li>
</ul>
<hr>
<h2><span style=""font-size: 13pt;"">Указания по применению:</span></h2>
<ul>
	<li>Удерживающие магниты обладают только одной удерживающей поверхностью.</li>
	<li>Удерживающие магниты помогают ограничить воздействие магнитного поля, чтобы предотвратить нежелательное намагничивание всей детали, контактирующей с удерживающим магнитом, или других окружающих машинных элементов.</li>
	<li>Температура эксплуатации: до +450°C.</li>
	<li>Цапфа может быть увеличена на размер ""H"" с сохранением прежней силы сцепления.</li>
	<li>Рекомендуется всегда содержать рабочую поверхность полюса в чистоте и регулярно очищать ее при необходимости.</li>
</ul>";K0547.09;40;50;24,47;Под заказ;10413,91;;;;5;20;15;;;;;;;;;;;;;;;;"<span style=""font-family: 'Open Sans', sans-serif""><h2><span style=""font-size: 13pt"">Материалы:</span></h2>
<ul>
	<li>Корпус из стали.</li>
	<li>Магнитный сердечник из альнико (AlNiCo).</li>
</ul>
<hr>
<h2><span style=""font-size: 13pt"">Исполнение:</span></h2>
<ul>
	<li>Экранированные удерживающие магниты.</li>
	<li>Сталь оцинкованная.</li>
</ul>
<hr>
<h2><span style=""font-size: 13pt"">Указания по применению:</span></h2>
<ul>
	<li>Удерживающие магниты обладают только одной удерживающей поверхностью.</li>
	<li>Удерживающие магниты помогают ограничить воздействие магнитного поля, чтобы предотвратить нежелательное намагничивание всей детали, контактирующей с удерживающим магнитом, или других окружающих машинных элементов.</li>
	<li>Температура эксплуатации: до +450°C.</li>
	<li>Цапфа может быть увеличена на размер ""H"" с сохранением прежней силы сцепления.</li>
	<li>Рекомендуется всегда содержать рабочую поверхность полюса в чистоте и регулярно очищать ее при необходимости.</li>
</ul></span>"
K0547 Магниты цилиндрические из альнико с цапфой;https://alterv.ru/catalog/magnity_postoyannye/k0547_magnity_tsilindricheskie_iz_yundk_s_tsapfoy/;Kipp;Главная > Каталог > Промышленная фурнитура > Магниты постоянные > K0547 Магниты цилиндрические из альнико с цапфой;https://alterv.ru/upload/iblock/806/k0547_magnity_cilindricheskie.jpg;https://alterv.ru/upload/iblock/daf/Z09063_nn_ru.jpg;"<h2><span style=""font-size: 13pt;"">Материалы:</span></h2>
<ul>
	<li>Корпус из стали.</li>
	<li>Магнитный сердечник из альнико (AlNiCo).</li>
</ul>
<hr>
<h2><span style=""font-size: 13pt;"">Исполнение:</span></h2>
<ul>
	<li>Экранированные удерживающие магниты.</li>
	<li>Сталь оцинкованная.</li>
</ul>
<hr>
<h2><span style=""font-size: 13pt;"">Указания по применению:</span></h2>
<ul>
	<li>Удерживающие магниты обладают только одной удерживающей поверхностью.</li>
	<li>Удерживающие магниты помогают ограничить воздействие магнитного поля, чтобы предотвратить нежелательное намагничивание всей детали, контактирующей с удерживающим магнитом, или других окружающих машинных элементов.</li>
	<li>Температура эксплуатации: до +450°C.</li>
	<li>Цапфа может быть увеличена на размер ""H"" с сохранением прежней силы сцепления.</li>
	<li>Рекомендуется всегда содержать рабочую поверхность полюса в чистоте и регулярно очищать ее при необходимости.</li>
</ul>";K0547.10;50;60;42,83;Под заказ;19531,85;;;;2;25;18;;;;;;;;;;;;;;;;"<span style=""font-family: 'Open Sans', sans-serif""><h2><span style=""font-size: 13pt"">Материалы:</span></h2>
<ul>
	<li>Корпус из стали.</li>
	<li>Магнитный сердечник из альнико (AlNiCo).</li>
</ul>
<hr>
<h2><span style=""font-size: 13pt"">Исполнение:</span></h2>
<ul>
	<li>Экранированные удерживающие магниты.</li>
	<li>Сталь оцинкованная.</li>
</ul>
<hr>
<h2><span style=""font-size: 13pt"">Указания по применению:</span></h2>
<ul>
	<li>Удерживающие магниты обладают только одной удерживающей поверхностью.</li>
	<li>Удерживающие магниты помогают ограничить воздействие магнитного поля, чтобы предотвратить нежелательное намагничивание всей детали, контактирующей с удерживающим магнитом, или других окружающих машинных элементов.</li>
	<li>Температура эксплуатации: до +450°C.</li>
	<li>Цапфа может быть увеличена на размер ""H"" с сохранением прежней силы сцепления.</li>
	<li>Рекомендуется всегда содержать рабочую поверхность полюса в чистоте и регулярно очищать ее при необходимости.</li>
</ul></span>"
K0554 Магниты кольцевые ферритовые экранированные;https://alterv.ru/catalog/magnity_postoyannye/k0554_magnity_diskovye_so_skvoznym_otverstiem_ferritovye/;Kipp;Главная > Каталог > Промышленная фурнитура > Магниты постоянные > K0554 Магниты кольцевые ферритовые экранированные;https://alterv.ru/upload/iblock/796/k0554_magnity_diskovye.jpg;https://alterv.ru/upload/iblock/a68/Z09070_nn_ru.jpg;"<h2><span style=""font-size: 13pt;"">Материалы:</span></h2>
<ul>
	<li>Корпус из стали.</li>
	<li>Магнитный сердечник из твердого феррита.</li>
</ul>
<hr>
<h2><span style=""font-size: 13pt;"">Исполнение:</span></h2>
<ul>
	<li>Экранированные магниты с отверстием со внутренним углублением.</li>
	<li>Сталь оцинкованная.</li>
</ul>
<hr>
<h2><span style=""font-size: 13pt;"">Указание по применению:</span></h2>
<ul>
	<li>Данные магниты хорошо подходят в качестве креплений (держателей).</li>
</ul>";K0554.50;50 ±0,20;10;18,35;Под заказ;1022,89;;;22;;;8,5;;;;;;;;;;;;;;;;"<span style=""font-family: 'Open Sans', sans-serif""><h2><span style=""font-size: 13pt"">Материалы:</span></h2>
<ul>
	<li>Корпус из стали.</li>
	<li>Магнитный сердечник из твердого феррита.</li>
</ul>
<hr>
<h2><span style=""font-size: 13pt"">Исполнение:</span></h2>
<ul>
	<li>Экранированные магниты с отверстием со внутренним углублением.</li>
	<li>Сталь оцинкованная.</li>
</ul>
<hr>
<h2><span style=""font-size: 13pt"">Указание по применению:</span></h2>
<ul>
	<li>Данные магниты хорошо подходят в качестве креплений (держателей).</li>
</ul></span>"
K0554 Магниты кольцевые ферритовые экранированные;https://alterv.ru/catalog/magnity_postoyannye/k0554_magnity_diskovye_so_skvoznym_otverstiem_ferritovye/;Kipp;Главная > Каталог > Промышленная фурнитура > Магниты постоянные > K0554 Магниты кольцевые ферритовые экранированные;https://alterv.ru/upload/iblock/796/k0554_magnity_diskovye.jpg;https://alterv.ru/upload/iblock/a68/Z09070_nn_ru.jpg;"<h2><span style=""font-size: 13pt;"">Материалы:</span></h2>
<ul>
	<li>Корпус из стали.</li>
	<li>Магнитный сердечник из твердого феррита.</li>
</ul>
<hr>
<h2><span style=""font-size: 13pt;"">Исполнение:</span></h2>
<ul>
	<li>Экранированные магниты с отверстием со внутренним углублением.</li>
	<li>Сталь оцинкованная.</li>
</ul>
<hr>
<h2><span style=""font-size: 13pt;"">Указание по применению:</span></h2>
<ul>
	<li>Данные магниты хорошо подходят в качестве креплений (держателей).</li>
</ul>";K0554.63;63 ±0,20;14;29,57;Под заказ;1809,71;;;24;;;6,5;;;;;;;;;;;;;;;;"<span style=""font-family: 'Open Sans', sans-serif""><h2><span style=""font-size: 13pt"">Материалы:</span></h2>
<ul>
	<li>Корпус из стали.</li>
	<li>Магнитный сердечник из твердого феррита.</li>
</ul>
<hr>
<h2><span style=""font-size: 13pt"">Исполнение:</span></h2>
<ul>
	<li>Экранированные магниты с отверстием со внутренним углублением.</li>
	<li>Сталь оцинкованная.</li>
</ul>
<hr>
<h2><span style=""font-size: 13pt"">Указание по применению:</span></h2>
<ul>
	<li>Данные магниты хорошо подходят в качестве креплений (держателей).</li>
</ul></span>"
K0554 Магниты кольцевые ферритовые экранированные;https://alterv.ru/catalog/magnity_postoyannye/k0554_magnity_diskovye_so_skvoznym_otverstiem_ferritovye/;Kipp;Главная > Каталог > Промышленная фурнитура > Магниты постоянные > K0554 Магниты кольцевые ферритовые экранированные;https://alterv.ru/upload/iblock/796/k0554_magnity_diskovye.jpg;https://alterv.ru/upload/iblock/a68/Z09070_nn_ru.jpg;"<h2><span style=""font-size: 13pt;"">Материалы:</span></h2>
<ul>
	<li>Корпус из стали.</li>
	<li>Магнитный сердечник из твердого феррита.</li>
</ul>
<hr>
<h2><span style=""font-size: 13pt;"">Исполнение:</span></h2>
<ul>
	<li>Экранированные магниты с отверстием со внутренним углублением.</li>
	<li>Сталь оцинкованная.</li>
</ul>
<hr>
<h2><span style=""font-size: 13pt;"">Указание по применению:</span></h2>
<ul>
	<li>Данные магниты хорошо подходят в качестве креплений (держателей).</li>
</ul>";K0554.80;80 ±0,25;18;55,06;Под заказ;3522,2;;;11,5;;;6,5;;;;;;;;;;;;;;;;"<span style=""font-family: 'Open Sans', sans-serif""><h2><span style=""font-size: 13pt"">Материалы:</span></h2>
<ul>
	<li>Корпус из стали.</li>
	<li>Магнитный сердечник из твердого феррита.</li>
</ul>
<hr>
<h2><span style=""font-size: 13pt"">Исполнение:</span></h2>
<ul>
	<li>Экранированные магниты с отверстием со внутренним углублением.</li>
	<li>Сталь оцинкованная.</li>
</ul>
<hr>
<h2><span style=""font-size: 13pt"">Указание по применению:</span></h2>
<ul>
	<li>Данные магниты хорошо подходят в качестве креплений (держателей).</li>
</ul></span>"
K0555 Магниты кольцевые с фаской ферритовые экранированные;https://alterv.ru/catalog/magnity_postoyannye/k0555_magnity_so_skvoznym_otverstiem_i_faskoy_ferritovye/;Kipp;Главная > Каталог > Промышленная фурнитура > Магниты постоянные > K0555 Магниты кольцевые с фаской ферритовые экранированные;https://alterv.ru/upload/iblock/337/k0555_magnity.jpg;https://alterv.ru/upload/iblock/47a/Z09071_nn_ru.jpg;"<h2><span style=""font-size: 13pt;"">Материалы:</span></h2>
<ul>
	<li>Корпус из стали.</li>
	<li>Магнитный сердечник из твердого феррита.</li>
</ul>
<hr>
<h2><span style=""font-size: 13pt;"">Исполнение:</span></h2>
<ul>
	<li>Экранированные магниты.</li>
	<li>Сталь оцинкованная.</li>
</ul>
<hr>
<h2><span style=""font-size: 13pt;"">Указания по применению:</span></h2>
<ul>
	<li>Данные магниты хорошо подходят в качестве креплений (держателей).</li>
	<li>Температура эксплуатации: до +80°C.</li>
</ul>";K0555.01;16 ±0,15;4,5;1,43;Под заказ;504,5;;;7;;;3,3 ±0,2;;;;;;;;;;;;;;;;"<span style=""font-family: 'Open Sans', sans-serif""><h2><span style=""font-size: 13pt"">Материалы:</span></h2>
<ul>
	<li>Корпус из стали.</li>
	<li>Магнитный сердечник из твердого феррита.</li>
</ul>
<hr>
<h2><span style=""font-size: 13pt"">Исполнение:</span></h2>
<ul>
	<li>Экранированные магниты.</li>
	<li>Сталь оцинкованная.</li>
</ul>
<hr>
<h2><span style=""font-size: 13pt"">Указания по применению:</span></h2>
<ul>
	<li>Данные магниты хорошо подходят в качестве креплений (держателей).</li>
	<li>Температура эксплуатации: до +80°C.</li>
</ul></span>"
K0555 Магниты кольцевые с фаской ферритовые экранированные;https://alterv.ru/catalog/magnity_postoyannye/k0555_magnity_so_skvoznym_otverstiem_i_faskoy_ferritovye/;Kipp;Главная > Каталог > Промышленная фурнитура > Магниты постоянные > K0555 Магниты кольцевые с фаской ферритовые экранированные;https://alterv.ru/upload/iblock/337/k0555_magnity.jpg;https://alterv.ru/upload/iblock/47a/Z09071_nn_ru.jpg;"<h2><span style=""font-size: 13pt;"">Материалы:</span></h2>
<ul>
	<li>Корпус из стали.</li>
	<li>Магнитный сердечник из твердого феррита.</li>
</ul>
<hr>
<h2><span style=""font-size: 13pt;"">Исполнение:</span></h2>
<ul>
	<li>Экранированные магниты.</li>
	<li>Сталь оцинкованная.</li>
</ul>
<hr>
<h2><span style=""font-size: 13pt;"">Указания по применению:</span></h2>
<ul>
	<li>Данные магниты хорошо подходят в качестве креплений (держателей).</li>
	<li>Температура эксплуатации: до +80°C.</li>
</ul>";K0555.02;20 ±0,15;6;2,75;Под заказ;527,65;;;9;;;4,2 ±0,2;;;;;;;;;;;;;;;;"<span style=""font-family: 'Open Sans', sans-serif""><h2><span style=""font-size: 13pt"">Материалы:</span></h2>
<ul>
	<li>Корпус из стали.</li>
	<li>Магнитный сердечник из твердого феррита.</li>
</ul>
<hr>
<h2><span style=""font-size: 13pt"">Исполнение:</span></h2>
<ul>
	<li>Экранированные магниты.</li>
	<li>Сталь оцинкованная.</li>
</ul>
<hr>
<h2><span style=""font-size: 13pt"">Указания по применению:</span></h2>
<ul>
	<li>Данные магниты хорошо подходят в качестве креплений (держателей).</li>
	<li>Температура эксплуатации: до +80°C.</li>
</ul></span>"
K0555 Магниты кольцевые с фаской ферритовые экранированные;https://alterv.ru/catalog/magnity_postoyannye/k0555_magnity_so_skvoznym_otverstiem_i_faskoy_ferritovye/;Kipp;Главная > Каталог > Промышленная фурнитура > Магниты постоянные > K0555 Магниты кольцевые с фаской ферритовые экранированные;https://alterv.ru/upload/iblock/337/k0555_magnity.jpg;https://alterv.ru/upload/iblock/47a/Z09071_nn_ru.jpg;"<h2><span style=""font-size: 13pt;"">Материалы:</span></h2>
<ul>
	<li>Корпус из стали.</li>
	<li>Магнитный сердечник из твердого феррита.</li>
</ul>
<hr>
<h2><span style=""font-size: 13pt;"">Исполнение:</span></h2>
<ul>
	<li>Экранированные магниты.</li>
	<li>Сталь оцинкованная.</li>
</ul>
<hr>
<h2><span style=""font-size: 13pt;"">Указания по применению:</span></h2>
<ul>
	<li>Данные магниты хорошо подходят в качестве креплений (держателей).</li>
	<li>Температура эксплуатации: до +80°C.</li>
</ul>";K0555.03;25 ±0,15;7;3,67;Под заказ;569,3;;;11;;;5,5 ±0,2;;;;;;;;;;;;;;;;"<span style=""font-family: 'Open Sans', sans-serif""><h2><span style=""font-size: 13pt"">Материалы:</span></h2>
<ul>
	<li>Корпус из стали.</li>
	<li>Магнитный сердечник из твердого феррита.</li>
</ul>
<hr>
<h2><span style=""font-size: 13pt"">Исполнение:</span></h2>
<ul>
	<li>Экранированные магниты.</li>
	<li>Сталь оцинкованная.</li>
</ul>
<hr>
<h2><span style=""font-size: 13pt"">Указания по применению:</span></h2>
<ul>
	<li>Данные магниты хорошо подходят в качестве креплений (держателей).</li>
	<li>Температура эксплуатации: до +80°C.</li>
</ul></span>"
K0555 Магниты кольцевые с фаской ферритовые экранированные;https://alterv.ru/catalog/magnity_postoyannye/k0555_magnity_so_skvoznym_otverstiem_i_faskoy_ferritovye/;Kipp;Главная > Каталог > Промышленная фурнитура > Магниты постоянные > K0555 Магниты кольцевые с фаской ферритовые экранированные;https://alterv.ru/upload/iblock/337/k0555_magnity.jpg;https://alterv.ru/upload/iblock/47a/Z09071_nn_ru.jpg;"<h2><span style=""font-size: 13pt;"">Материалы:</span></h2>
<ul>
	<li>Корпус из стали.</li>
	<li>Магнитный сердечник из твердого феррита.</li>
</ul>
<hr>
<h2><span style=""font-size: 13pt;"">Исполнение:</span></h2>
<ul>
	<li>Экранированные магниты.</li>
	<li>Сталь оцинкованная.</li>
</ul>
<hr>
<h2><span style=""font-size: 13pt;"">Указания по применению:</span></h2>
<ul>
	<li>Данные магниты хорошо подходят в качестве креплений (держателей).</li>
	<li>Температура эксплуатации: до +80°C.</li>
</ul>";K0555.04;32 ±0,2;7;7,34;Под заказ;615,58;;;11;;;5,5 ±0,2;;;;;;;;;;;;;;;;"<span style=""font-family: 'Open Sans', sans-serif""><h2><span style=""font-size: 13pt"">Материалы:</span></h2>
<ul>
	<li>Корпус из стали.</li>
	<li>Магнитный сердечник из твердого феррита.</li>
</ul>
<hr>
<h2><span style=""font-size: 13pt"">Исполнение:</span></h2>
<ul>
	<li>Экранированные магниты.</li>
	<li>Сталь оцинкованная.</li>
</ul>
<hr>
<h2><span style=""font-size: 13pt"">Указания по применению:</span></h2>
<ul>
	<li>Данные магниты хорошо подходят в качестве креплений (держателей).</li>
	<li>Температура эксплуатации: до +80°C.</li>
</ul></span>"
K0555 Магниты кольцевые с фаской ферритовые экранированные;https://alterv.ru/catalog/magnity_postoyannye/k0555_magnity_so_skvoznym_otverstiem_i_faskoy_ferritovye/;Kipp;Главная > Каталог > Промышленная фурнитура > Магниты постоянные > K0555 Магниты кольцевые с фаской ферритовые экранированные;https://alterv.ru/upload/iblock/337/k0555_magnity.jpg;https://alterv.ru/upload/iblock/47a/Z09071_nn_ru.jpg;"<h2><span style=""font-size: 13pt;"">Материалы:</span></h2>
<ul>
	<li>Корпус из стали.</li>
	<li>Магнитный сердечник из твердого феррита.</li>
</ul>
<hr>
<h2><span style=""font-size: 13pt;"">Исполнение:</span></h2>
<ul>
	<li>Экранированные магниты.</li>
	<li>Сталь оцинкованная.</li>
</ul>
<hr>
<h2><span style=""font-size: 13pt;"">Указания по применению:</span></h2>
<ul>
	<li>Данные магниты хорошо подходят в качестве креплений (держателей).</li>
	<li>Температура эксплуатации: до +80°C.</li>
</ul>";K0555.05;40 ±0,2;8;9,18;Под заказ;805,34;;;11;;;5,5 ±0,2;;;;;;;;;;;;;;;;"<span style=""font-family: 'Open Sans', sans-serif""><h2><span style=""font-size: 13pt"">Материалы:</span></h2>
<ul>
	<li>Корпус из стали.</li>
	<li>Магнитный сердечник из твердого феррита.</li>
</ul>
<hr>
<h2><span style=""font-size: 13pt"">Исполнение:</span></h2>
<ul>
	<li>Экранированные магниты.</li>
	<li>Сталь оцинкованная.</li>
</ul>
<hr>
<h2><span style=""font-size: 13pt"">Указания по применению:</span></h2>
<ul>
	<li>Данные магниты хорошо подходят в качестве креплений (держателей).</li>
	<li>Температура эксплуатации: до +80°C.</li>
</ul></span>"
K0556 Магниты дисковые со сквозной резьбой неодимовые;https://alterv.ru/catalog/magnity_postoyannye/k0556_magnity_diskovye_so_skvoznoy_rezboy_neodimovye_ekranirovannye/;Kipp;Главная > Каталог > Промышленная фурнитура > Магниты постоянные > K0556 Магниты дисковые со сквозной резьбой неодимовые;https://alterv.ru/upload/iblock/899/k0556_magnity_diskovye.jpg;https://alterv.ru/upload/iblock/d17/Z09072_nn_ru.jpg;"<h2><span style=""font-size: 13pt;"">Материалы:</span></h2>
<ul>
	<li>Корпус из стали.</li>
	<li>Магнитный сердечник из неодима (NdFeB).</li>
</ul>
<hr>
<h2><span style=""font-size: 13pt;"">Исполнение:</span></h2>
<ul>
	<li>Экранированные магниты с резьбой и углублением.</li>
	<li>Сталь оцинкованная.</li>
</ul>
<hr>
<h2><span style=""font-size: 13pt;"">Указания по применению:</span></h2>
<ul>
	<li>Данные магниты хорошо подходят в качестве креплений (держателей).</li>
	<li>Температура эксплуатации: до +80°C.</li>
</ul>";K0556.01;32;7;33,65;Под заказ;2962,18;;;5,5;;;M5;;;;;;;;;;;;;;;;"<span style=""font-family: 'Open Sans', sans-serif""><h2><span style=""font-size: 13pt"">Материалы:</span></h2>
<ul>
	<li>Корпус из стали.</li>
	<li>Магнитный сердечник из неодима (NdFeB).</li>
</ul>
<hr>
<h2><span style=""font-size: 13pt"">Исполнение:</span></h2>
<ul>
	<li>Экранированные магниты с резьбой и углублением.</li>
	<li>Сталь оцинкованная.</li>
</ul>
<hr>
<h2><span style=""font-size: 13pt"">Указания по применению:</span></h2>
<ul>
	<li>Данные магниты хорошо подходят в качестве креплений (держателей).</li>
	<li>Температура эксплуатации: до +80°C.</li>
</ul></span>"
K0556 Магниты дисковые со сквозной резьбой неодимовые;https://alterv.ru/catalog/magnity_postoyannye/k0556_magnity_diskovye_so_skvoznoy_rezboy_neodimovye_ekranirovannye/;Kipp;Главная > Каталог > Промышленная фурнитура > Магниты постоянные > K0556 Магниты дисковые со сквозной резьбой неодимовые;https://alterv.ru/upload/iblock/899/k0556_magnity_diskovye.jpg;https://alterv.ru/upload/iblock/d17/Z09072_nn_ru.jpg;"<h2><span style=""font-size: 13pt;"">Материалы:</span></h2>
<ul>
	<li>Корпус из стали.</li>
	<li>Магнитный сердечник из неодима (NdFeB).</li>
</ul>
<hr>
<h2><span style=""font-size: 13pt;"">Исполнение:</span></h2>
<ul>
	<li>Экранированные магниты с резьбой и углублением.</li>
	<li>Сталь оцинкованная.</li>
</ul>
<hr>
<h2><span style=""font-size: 13pt;"">Указания по применению:</span></h2>
<ul>
	<li>Данные магниты хорошо подходят в качестве креплений (держателей).</li>
	<li>Температура эксплуатации: до +80°C.</li>
</ul>";K0556.02;40;8;56,08;Под заказ;4105,39;;;10,5;;;M5;;;;;;;;;;;;;;;;"<span style=""font-family: 'Open Sans', sans-serif""><h2><span style=""font-size: 13pt"">Материалы:</span></h2>
<ul>
	<li>Корпус из стали.</li>
	<li>Магнитный сердечник из неодима (NdFeB).</li>
</ul>
<hr>
<h2><span style=""font-size: 13pt"">Исполнение:</span></h2>
<ul>
	<li>Экранированные магниты с резьбой и углублением.</li>
	<li>Сталь оцинкованная.</li>
</ul>
<hr>
<h2><span style=""font-size: 13pt"">Указания по применению:</span></h2>
<ul>
	<li>Данные магниты хорошо подходят в качестве креплений (держателей).</li>
	<li>Температура эксплуатации: до +80°C.</li>
</ul></span>"
K0556 Магниты дисковые со сквозной резьбой неодимовые;https://alterv.ru/catalog/magnity_postoyannye/k0556_magnity_diskovye_so_skvoznoy_rezboy_neodimovye_ekranirovannye/;Kipp;Главная > Каталог > Промышленная фурнитура > Магниты постоянные > K0556 Магниты дисковые со сквозной резьбой неодимовые;https://alterv.ru/upload/iblock/899/k0556_magnity_diskovye.jpg;https://alterv.ru/upload/iblock/d17/Z09072_nn_ru.jpg;"<h2><span style=""font-size: 13pt;"">Материалы:</span></h2>
<ul>
	<li>Корпус из стали.</li>
	<li>Магнитный сердечник из неодима (NdFeB).</li>
</ul>
<hr>
<h2><span style=""font-size: 13pt;"">Исполнение:</span></h2>
<ul>
	<li>Экранированные магниты с резьбой и углублением.</li>
	<li>Сталь оцинкованная.</li>
</ul>
<hr>
<h2><span style=""font-size: 13pt;"">Указания по применению:</span></h2>
<ul>
	<li>Данные магниты хорошо подходят в качестве креплений (держателей).</li>
	<li>Температура эксплуатации: до +80°C.</li>
</ul>";K0556.03;63;14;112,17;Под заказ;16291,97;;;11,7;;;M10;;;;;;;;;;;;;;;;"<span style=""font-family: 'Open Sans', sans-serif""><h2><span style=""font-size: 13pt"">Материалы:</span></h2>
<ul>
	<li>Корпус из стали.</li>
	<li>Магнитный сердечник из неодима (NdFeB).</li>
</ul>
<hr>
<h2><span style=""font-size: 13pt"">Исполнение:</span></h2>
<ul>
	<li>Экранированные магниты с резьбой и углублением.</li>
	<li>Сталь оцинкованная.</li>
</ul>
<hr>
<h2><span style=""font-size: 13pt"">Указания по применению:</span></h2>
<ul>
	<li>Данные магниты хорошо подходят в качестве креплений (держателей).</li>
	<li>Температура эксплуатации: до +80°C.</li>
</ul></span>"
K0556 Магниты дисковые со сквозной резьбой неодимовые;https://alterv.ru/catalog/magnity_postoyannye/k0556_magnity_diskovye_so_skvoznoy_rezboy_neodimovye_ekranirovannye/;Kipp;Главная > Каталог > Промышленная фурнитура > Магниты постоянные > K0556 Магниты дисковые со сквозной резьбой неодимовые;https://alterv.ru/upload/iblock/899/k0556_magnity_diskovye.jpg;https://alterv.ru/upload/iblock/d17/Z09072_nn_ru.jpg;"<h2><span style=""font-size: 13pt;"">Материалы:</span></h2>
<ul>
	<li>Корпус из стали.</li>
	<li>Магнитный сердечник из неодима (NdFeB).</li>
</ul>
<hr>
<h2><span style=""font-size: 13pt;"">Исполнение:</span></h2>
<ul>
	<li>Экранированные магниты с резьбой и углублением.</li>
	<li>Сталь оцинкованная.</li>
</ul>
<hr>
<h2><span style=""font-size: 13pt;"">Указания по применению:</span></h2>
<ul>
	<li>Данные магниты хорошо подходят в качестве креплений (держателей).</li>
	<li>Температура эксплуатации: до +80°C.</li>
</ul>";K0556.04;75;15;178,45;Под заказ;22753,23;;;13;;;M10;;;;;;;;;;;;;;;;"<span style=""font-family: 'Open Sans', sans-serif""><h2><span style=""font-size: 13pt"">Материалы:</span></h2>
<ul>
	<li>Корпус из стали.</li>
	<li>Магнитный сердечник из неодима (NdFeB).</li>
</ul>
<hr>
<h2><span style=""font-size: 13pt"">Исполнение:</span></h2>
<ul>
	<li>Экранированные магниты с резьбой и углублением.</li>
	<li>Сталь оцинкованная.</li>
</ul>
<hr>
<h2><span style=""font-size: 13pt"">Указания по применению:</span></h2>
<ul>
	<li>Данные магниты хорошо подходят в качестве креплений (держателей).</li>
	<li>Температура эксплуатации: до +80°C.</li>
</ul></span>"
K0557 Магниты цилиндрические со внутренней резьбой, альнико;https://alterv.ru/catalog/magnity_postoyannye/k0557_magnity_tsilindricheskie_so_vnutrenney_rezboy_yundk/;Kipp;Главная > Каталог > Промышленная фурнитура > Магниты постоянные > K0557 Магниты цилиндрические со внутренней резьбой, альнико;https://alterv.ru/upload/iblock/c68/k0557_magnity_cilindricheskie.jpg;https://alterv.ru/upload/iblock/7ae/Z09094_nn_ru.jpg;"<h2><span style=""font-size: 13pt;"">Материалы:</span></h2>
<ul>
	<li>Корпус из стали.</li>
	<li>Втулка из алюминия.</li>
	<li>Магнитный сердечник из альнико (AlNiCo).</li>
</ul>
<hr>
<h2><span style=""font-size: 13pt;"">Исполнение:</span></h2>
<ul>
	<li>Экранированные магниты.</li>
	<li>Сталь лакированная красного цвета.</li>
</ul>
<hr>
<h2><span style=""font-size: 13pt;"">Указания по применению:</span></h2>
<ul>
	<li>Температура эксплуатации: до +450°C.</li>
	<li>Цилиндрические магниты хорошо подходят для удержания, подъема, а также установки в механизмы.</li>
</ul>";K0557.01;17;16;1,84;Под заказ;888,65;;;;;;M6;4;;;;;;;;;;;;;;;"<span style=""font-family: 'Open Sans', sans-serif""><h2><span style=""font-size: 13pt"">Материалы:</span></h2>
<ul>
	<li>Корпус из стали.</li>
	<li>Втулка из алюминия.</li>
	<li>Магнитный сердечник из альнико (AlNiCo).</li>
</ul>
<hr>
<h2><span style=""font-size: 13pt"">Исполнение:</span></h2>
<ul>
	<li>Экранированные магниты.</li>
	<li>Сталь лакированная красного цвета.</li>
</ul>
<hr>
<h2><span style=""font-size: 13pt"">Указания по применению:</span></h2>
<ul>
	<li>Температура эксплуатации: до +450°C.</li>
	<li>Цилиндрические магниты хорошо подходят для удержания, подъема, а также установки в механизмы.</li>
</ul></span>"
K0557 Магниты цилиндрические со внутренней резьбой, альнико;https://alterv.ru/catalog/magnity_postoyannye/k0557_magnity_tsilindricheskie_so_vnutrenney_rezboy_yundk/;Kipp;Главная > Каталог > Промышленная фурнитура > Магниты постоянные > K0557 Магниты цилиндрические со внутренней резьбой, альнико;https://alterv.ru/upload/iblock/c68/k0557_magnity_cilindricheskie.jpg;https://alterv.ru/upload/iblock/7ae/Z09094_nn_ru.jpg;"<h2><span style=""font-size: 13pt;"">Материалы:</span></h2>
<ul>
	<li>Корпус из стали.</li>
	<li>Втулка из алюминия.</li>
	<li>Магнитный сердечник из альнико (AlNiCo).</li>
</ul>
<hr>
<h2><span style=""font-size: 13pt;"">Исполнение:</span></h2>
<ul>
	<li>Экранированные магниты.</li>
	<li>Сталь лакированная красного цвета.</li>
</ul>
<hr>
<h2><span style=""font-size: 13pt;"">Указания по применению:</span></h2>
<ul>
	<li>Температура эксплуатации: до +450°C.</li>
	<li>Цилиндрические магниты хорошо подходят для удержания, подъема, а также установки в механизмы.</li>
</ul>";K0557.02;21;19;2,86;Под заказ;944,19;;;;;;M6;5;;;;;;;;;;;;;;;"<span style=""font-family: 'Open Sans', sans-serif""><h2><span style=""font-size: 13pt"">Материалы:</span></h2>
<ul>
	<li>Корпус из стали.</li>
	<li>Втулка из алюминия.</li>
	<li>Магнитный сердечник из альнико (AlNiCo).</li>
</ul>
<hr>
<h2><span style=""font-size: 13pt"">Исполнение:</span></h2>
<ul>
	<li>Экранированные магниты.</li>
	<li>Сталь лакированная красного цвета.</li>
</ul>
<hr>
<h2><span style=""font-size: 13pt"">Указания по применению:</span></h2>
<ul>
	<li>Температура эксплуатации: до +450°C.</li>
	<li>Цилиндрические магниты хорошо подходят для удержания, подъема, а также установки в механизмы.</li>
</ul></span>"
K0557 Магниты цилиндрические со внутренней резьбой, альнико;https://alterv.ru/catalog/magnity_postoyannye/k0557_magnity_tsilindricheskie_so_vnutrenney_rezboy_yundk/;Kipp;Главная > Каталог > Промышленная фурнитура > Магниты постоянные > K0557 Магниты цилиндрические со внутренней резьбой, альнико;https://alterv.ru/upload/iblock/c68/k0557_magnity_cilindricheskie.jpg;https://alterv.ru/upload/iblock/7ae/Z09094_nn_ru.jpg;"<h2><span style=""font-size: 13pt;"">Материалы:</span></h2>
<ul>
	<li>Корпус из стали.</li>
	<li>Втулка из алюминия.</li>
	<li>Магнитный сердечник из альнико (AlNiCo).</li>
</ul>
<hr>
<h2><span style=""font-size: 13pt;"">Исполнение:</span></h2>
<ul>
	<li>Экранированные магниты.</li>
	<li>Сталь лакированная красного цвета.</li>
</ul>
<hr>
<h2><span style=""font-size: 13pt;"">Указания по применению:</span></h2>
<ul>
	<li>Температура эксплуатации: до +450°C.</li>
	<li>Цилиндрические магниты хорошо подходят для удержания, подъема, а также установки в механизмы.</li>
</ul>";K0557.03;27;25;6,63;Под заказ;1425,55;;;;;;M6;6;;;;;;;;;;;;;;;"<span style=""font-family: 'Open Sans', sans-serif""><h2><span style=""font-size: 13pt"">Материалы:</span></h2>
<ul>
	<li>Корпус из стали.</li>
	<li>Втулка из алюминия.</li>
	<li>Магнитный сердечник из альнико (AlNiCo).</li>
</ul>
<hr>
<h2><span style=""font-size: 13pt"">Исполнение:</span></h2>
<ul>
	<li>Экранированные магниты.</li>
	<li>Сталь лакированная красного цвета.</li>
</ul>
<hr>
<h2><span style=""font-size: 13pt"">Указания по применению:</span></h2>
<ul>
	<li>Температура эксплуатации: до +450°C.</li>
	<li>Цилиндрические магниты хорошо подходят для удержания, подъема, а также установки в механизмы.</li>
</ul></span>"
K0557 Магниты цилиндрические со внутренней резьбой, альнико;https://alterv.ru/catalog/magnity_postoyannye/k0557_magnity_tsilindricheskie_so_vnutrenney_rezboy_yundk/;Kipp;Главная > Каталог > Промышленная фурнитура > Магниты постоянные > K0557 Магниты цилиндрические со внутренней резьбой, альнико;https://alterv.ru/upload/iblock/c68/k0557_magnity_cilindricheskie.jpg;https://alterv.ru/upload/iblock/7ae/Z09094_nn_ru.jpg;"<h2><span style=""font-size: 13pt;"">Материалы:</span></h2>
<ul>
	<li>Корпус из стали.</li>
	<li>Втулка из алюминия.</li>
	<li>Магнитный сердечник из альнико (AlNiCo).</li>
</ul>
<hr>
<h2><span style=""font-size: 13pt;"">Исполнение:</span></h2>
<ul>
	<li>Экранированные магниты.</li>
	<li>Сталь лакированная красного цвета.</li>
</ul>
<hr>
<h2><span style=""font-size: 13pt;"">Указания по применению:</span></h2>
<ul>
	<li>Температура эксплуатации: до +450°C.</li>
	<li>Цилиндрические магниты хорошо подходят для удержания, подъема, а также установки в механизмы.</li>
</ul>";K0557.04;35;30;11,73;Под заказ;2578,02;;;;;;M6;9;;;;;;;;;;;;;;;"<span style=""font-family: 'Open Sans', sans-serif""><h2><span style=""font-size: 13pt"">Материалы:</span></h2>
<ul>
	<li>Корпус из стали.</li>
	<li>Втулка из алюминия.</li>
	<li>Магнитный сердечник из альнико (AlNiCo).</li>
</ul>
<hr>
<h2><span style=""font-size: 13pt"">Исполнение:</span></h2>
<ul>
	<li>Экранированные магниты.</li>
	<li>Сталь лакированная красного цвета.</li>
</ul>
<hr>
<h2><span style=""font-size: 13pt"">Указания по применению:</span></h2>
<ul>
	<li>Температура эксплуатации: до +450°C.</li>
	<li>Цилиндрические магниты хорошо подходят для удержания, подъема, а также установки в механизмы.</li>
</ul></span>"
K0557 Магниты цилиндрические со внутренней резьбой, альнико;https://alterv.ru/catalog/magnity_postoyannye/k0557_magnity_tsilindricheskie_so_vnutrenney_rezboy_yundk/;Kipp;Главная > Каталог > Промышленная фурнитура > Магниты постоянные > K0557 Магниты цилиндрические со внутренней резьбой, альнико;https://alterv.ru/upload/iblock/c68/k0557_magnity_cilindricheskie.jpg;https://alterv.ru/upload/iblock/7ae/Z09094_nn_ru.jpg;"<h2><span style=""font-size: 13pt;"">Материалы:</span></h2>
<ul>
	<li>Корпус из стали.</li>
	<li>Втулка из алюминия.</li>
	<li>Магнитный сердечник из альнико (AlNiCo).</li>
</ul>
<hr>
<h2><span style=""font-size: 13pt;"">Исполнение:</span></h2>
<ul>
	<li>Экранированные магниты.</li>
	<li>Сталь лакированная красного цвета.</li>
</ul>
<hr>
<h2><span style=""font-size: 13pt;"">Указания по применению:</span></h2>
<ul>
	<li>Температура эксплуатации: до +450°C.</li>
	<li>Цилиндрические магниты хорошо подходят для удержания, подъема, а также установки в механизмы.</li>
</ul>";K0557.05;65;43;40,79;Под заказ;10557,39;;;;;;M12;13;;;;;;;;;;;;;;;"<span style=""font-family: 'Open Sans', sans-serif""><h2><span style=""font-size: 13pt"">Материалы:</span></h2>
<ul>
	<li>Корпус из стали.</li>
	<li>Втулка из алюминия.</li>
	<li>Магнитный сердечник из альнико (AlNiCo).</li>
</ul>
<hr>
<h2><span style=""font-size: 13pt"">Исполнение:</span></h2>
<ul>
	<li>Экранированные магниты.</li>
	<li>Сталь лакированная красного цвета.</li>
</ul>
<hr>
<h2><span style=""font-size: 13pt"">Указания по применению:</span></h2>
<ul>
	<li>Температура эксплуатации: до +450°C.</li>
	<li>Цилиндрические магниты хорошо подходят для удержания, подъема, а также установки в механизмы.</li>
</ul></span>"
K0558 Магниты со сквозным отверстием, альнико;https://alterv.ru/catalog/magnity_postoyannye/k0558_magnity_so_skvoznym_otverstiem_yundk/;Kipp;Главная > Каталог > Промышленная фурнитура > Магниты постоянные > K0558 Магниты со сквозным отверстием, альнико;https://alterv.ru/upload/iblock/2c4/k0558_magnity.jpg;https://alterv.ru/upload/iblock/bc3/Z09096_nn_ru.jpg;"<h2><span style=""font-size: 13pt;"">Материалы:</span></h2>
<ul>
	<li>Корпус из стали.</li>
	<li>Магнитный сердечник из альнико (AlNiCo).</li>
</ul>
<hr>
<h2><span style=""font-size: 13pt;"">Исполнение:</span></h2>
<ul>
	<li>Экранированные магниты.</li>
	<li>Сталь лакированная красного цвета.</li>
</ul>
<hr>
<h2><span style=""font-size: 13pt;"">Указания по применению:</span></h2>
<ul>
	<li>Температура эксплуатации: до +450°C.</li>
	<li>Данные магниты хорошо подходят для установки в механизмы, где требуется небольшая занимаемая площадь.</li>
</ul>";K0558.01;19;8;3,06;Под заказ;796,09;;;;;;3,5;;;;;;;;;;;;;;;;"<span style=""font-family: 'Open Sans', sans-serif""><h2><span style=""font-size: 13pt"">Материалы:</span></h2>
<ul>
	<li>Корпус из стали.</li>
	<li>Магнитный сердечник из альнико (AlNiCo).</li>
</ul>
<hr>
<h2><span style=""font-size: 13pt"">Исполнение:</span></h2>
<ul>
	<li>Экранированные магниты.</li>
	<li>Сталь лакированная красного цвета.</li>
</ul>
<hr>
<h2><span style=""font-size: 13pt"">Указания по применению:</span></h2>
<ul>
	<li>Температура эксплуатации: до +450°C.</li>
	<li>Данные магниты хорошо подходят для установки в механизмы, где требуется небольшая занимаемая площадь.</li>
</ul></span>"
K0558 Магниты со сквозным отверстием, альнико;https://alterv.ru/catalog/magnity_postoyannye/k0558_magnity_so_skvoznym_otverstiem_yundk/;Kipp;Главная > Каталог > Промышленная фурнитура > Магниты постоянные > K0558 Магниты со сквозным отверстием, альнико;https://alterv.ru/upload/iblock/2c4/k0558_magnity.jpg;https://alterv.ru/upload/iblock/bc3/Z09096_nn_ru.jpg;"<h2><span style=""font-size: 13pt;"">Материалы:</span></h2>
<ul>
	<li>Корпус из стали.</li>
	<li>Магнитный сердечник из альнико (AlNiCo).</li>
</ul>
<hr>
<h2><span style=""font-size: 13pt;"">Исполнение:</span></h2>
<ul>
	<li>Экранированные магниты.</li>
	<li>Сталь лакированная красного цвета.</li>
</ul>
<hr>
<h2><span style=""font-size: 13pt;"">Указания по применению:</span></h2>
<ul>
	<li>Температура эксплуатации: до +450°C.</li>
	<li>Данные магниты хорошо подходят для установки в механизмы, где требуется небольшая занимаемая площадь.</li>
</ul>";K0558.02;29;9;5,61;Под заказ;1180,26;;;;;;5;;;;;;;;;;;;;;;;"<span style=""font-family: 'Open Sans', sans-serif""><h2><span style=""font-size: 13pt"">Материалы:</span></h2>
<ul>
	<li>Корпус из стали.</li>
	<li>Магнитный сердечник из альнико (AlNiCo).</li>
</ul>
<hr>
<h2><span style=""font-size: 13pt"">Исполнение:</span></h2>
<ul>
	<li>Экранированные магниты.</li>
	<li>Сталь лакированная красного цвета.</li>
</ul>
<hr>
<h2><span style=""font-size: 13pt"">Указания по применению:</span></h2>
<ul>
	<li>Температура эксплуатации: до +450°C.</li>
	<li>Данные магниты хорошо подходят для установки в механизмы, где требуется небольшая занимаемая площадь.</li>
</ul></span>"
K0558 Магниты со сквозным отверстием, альнико;https://alterv.ru/catalog/magnity_postoyannye/k0558_magnity_so_skvoznym_otverstiem_yundk/;Kipp;Главная > Каталог > Промышленная фурнитура > Магниты постоянные > K0558 Магниты со сквозным отверстием, альнико;https://alterv.ru/upload/iblock/2c4/k0558_magnity.jpg;https://alterv.ru/upload/iblock/bc3/Z09096_nn_ru.jpg;"<h2><span style=""font-size: 13pt;"">Материалы:</span></h2>
<ul>
	<li>Корпус из стали.</li>
	<li>Магнитный сердечник из альнико (AlNiCo).</li>
</ul>
<hr>
<h2><span style=""font-size: 13pt;"">Исполнение:</span></h2>
<ul>
	<li>Экранированные магниты.</li>
	<li>Сталь лакированная красного цвета.</li>
</ul>
<hr>
<h2><span style=""font-size: 13pt;"">Указания по применению:</span></h2>
<ul>
	<li>Температура эксплуатации: до +450°C.</li>
	<li>Данные магниты хорошо подходят для установки в механизмы, где требуется небольшая занимаемая площадь.</li>
</ul>";K0558.03;38;10,5;9,69;Под заказ;1781,93;;;;;;5;;;;;;;;;;;;;;;;"<span style=""font-family: 'Open Sans', sans-serif""><h2><span style=""font-size: 13pt"">Материалы:</span></h2>
<ul>
	<li>Корпус из стали.</li>
	<li>Магнитный сердечник из альнико (AlNiCo).</li>
</ul>
<hr>
<h2><span style=""font-size: 13pt"">Исполнение:</span></h2>
<ul>
	<li>Экранированные магниты.</li>
	<li>Сталь лакированная красного цвета.</li>
</ul>
<hr>
<h2><span style=""font-size: 13pt"">Указания по применению:</span></h2>
<ul>
	<li>Температура эксплуатации: до +450°C.</li>
	<li>Данные магниты хорошо подходят для установки в механизмы, где требуется небольшая занимаемая площадь.</li>
</ul></span>"
K0559 Магниты с разделенной поверхностью сцепления, альнико;https://alterv.ru/catalog/magnity_postoyannye/k0559_magnity_s_razdelennoy_poverkhnostyu_stsepleniya_yundk/;Kipp;Главная > Каталог > Промышленная фурнитура > Магниты постоянные > K0559 Магниты с разделенной поверхностью сцепления, альнико;https://alterv.ru/upload/iblock/ac6/k0559_magnity.jpg;https://alterv.ru/upload/iblock/c54/Z09098_nn_ru.jpg;"<h2><span style=""font-size: 13pt;"">Материал:</span></h2>
<ul>
	<li>Альнико (AlNiCo).</li>
</ul>
<hr>
<h2><span style=""font-size: 13pt;"">Исполнение:</span></h2>
<ul>
	<li>Неэкранированные цилиндрические магниты со сквозным отверстием.</li>
	<li>Альнико лакированный красного цвета.</li>
</ul>
<hr>
<h2><span style=""font-size: 13pt;"">Указания по применению:</span></h2>
<ul>
	<li>Температура эксплуатации: до +450°C.</li>
	<li>Магниты с разделенной поверхностью сцепления хорошо подходят для применения в лабораториях, измерения и для удержания металлических предметов.</li>
</ul>";K0559.01;13;10;0,71;Под заказ;499,87;;;;;;4,5;;;;;;;;;;;;;;;;"<span style=""font-family: 'Open Sans', sans-serif""><h2><span style=""font-size: 13pt"">Материал:</span></h2>
<ul>
	<li>Альнико (AlNiCo).</li>
</ul>
<hr>
<h2><span style=""font-size: 13pt"">Исполнение:</span></h2>
<ul>
	<li>Неэкранированные цилиндрические магниты со сквозным отверстием.</li>
	<li>Альнико лакированный красного цвета.</li>
</ul>
<hr>
<h2><span style=""font-size: 13pt"">Указания по применению:</span></h2>
<ul>
	<li>Температура эксплуатации: до +450°C.</li>
	<li>Магниты с разделенной поверхностью сцепления хорошо подходят для применения в лабораториях, измерения и для удержания металлических предметов.</li>
</ul></span>"
K0559 Магниты с разделенной поверхностью сцепления, альнико;https://alterv.ru/catalog/magnity_postoyannye/k0559_magnity_s_razdelennoy_poverkhnostyu_stsepleniya_yundk/;Kipp;Главная > Каталог > Промышленная фурнитура > Магниты постоянные > K0559 Магниты с разделенной поверхностью сцепления, альнико;https://alterv.ru/upload/iblock/ac6/k0559_magnity.jpg;https://alterv.ru/upload/iblock/c54/Z09098_nn_ru.jpg;"<h2><span style=""font-size: 13pt;"">Материал:</span></h2>
<ul>
	<li>Альнико (AlNiCo).</li>
</ul>
<hr>
<h2><span style=""font-size: 13pt;"">Исполнение:</span></h2>
<ul>
	<li>Неэкранированные цилиндрические магниты со сквозным отверстием.</li>
	<li>Альнико лакированный красного цвета.</li>
</ul>
<hr>
<h2><span style=""font-size: 13pt;"">Указания по применению:</span></h2>
<ul>
	<li>Температура эксплуатации: до +450°C.</li>
	<li>Магниты с разделенной поверхностью сцепления хорошо подходят для применения в лабораториях, измерения и для удержания металлических предметов.</li>
</ul>";K0559.02;19;13;1,94;Под заказ;809,98;;;;;;5,1;;;;;;;;;;;;;;;;"<span style=""font-family: 'Open Sans', sans-serif""><h2><span style=""font-size: 13pt"">Материал:</span></h2>
<ul>
	<li>Альнико (AlNiCo).</li>
</ul>
<hr>
<h2><span style=""font-size: 13pt"">Исполнение:</span></h2>
<ul>
	<li>Неэкранированные цилиндрические магниты со сквозным отверстием.</li>
	<li>Альнико лакированный красного цвета.</li>
</ul>
<hr>
<h2><span style=""font-size: 13pt"">Указания по применению:</span></h2>
<ul>
	<li>Температура эксплуатации: до +450°C.</li>
	<li>Магниты с разделенной поверхностью сцепления хорошо подходят для применения в лабораториях, измерения и для удержания металлических предметов.</li>
</ul></span>"
K0559 Магниты с разделенной поверхностью сцепления, альнико;https://alterv.ru/catalog/magnity_postoyannye/k0559_magnity_s_razdelennoy_poverkhnostyu_stsepleniya_yundk/;Kipp;Главная > Каталог > Промышленная фурнитура > Магниты постоянные > K0559 Магниты с разделенной поверхностью сцепления, альнико;https://alterv.ru/upload/iblock/ac6/k0559_magnity.jpg;https://alterv.ru/upload/iblock/c54/Z09098_nn_ru.jpg;"<h2><span style=""font-size: 13pt;"">Материал:</span></h2>
<ul>
	<li>Альнико (AlNiCo).</li>
</ul>
<hr>
<h2><span style=""font-size: 13pt;"">Исполнение:</span></h2>
<ul>
	<li>Неэкранированные цилиндрические магниты со сквозным отверстием.</li>
	<li>Альнико лакированный красного цвета.</li>
</ul>
<hr>
<h2><span style=""font-size: 13pt;"">Указания по применению:</span></h2>
<ul>
	<li>Температура эксплуатации: до +450°C.</li>
	<li>Магниты с разделенной поверхностью сцепления хорошо подходят для применения в лабораториях, измерения и для удержания металлических предметов.</li>
</ul>";K0559.03;25;16;2,96;Под заказ;1689,37;;;;;;5,1;;;;;;;;;;;;;;;;"<span style=""font-family: 'Open Sans', sans-serif""><h2><span style=""font-size: 13pt"">Материал:</span></h2>
<ul>
	<li>Альнико (AlNiCo).</li>
</ul>
<hr>
<h2><span style=""font-size: 13pt"">Исполнение:</span></h2>
<ul>
	<li>Неэкранированные цилиндрические магниты со сквозным отверстием.</li>
	<li>Альнико лакированный красного цвета.</li>
</ul>
<hr>
<h2><span style=""font-size: 13pt"">Указания по применению:</span></h2>
<ul>
	<li>Температура эксплуатации: до +450°C.</li>
	<li>Магниты с разделенной поверхностью сцепления хорошо подходят для применения в лабораториях, измерения и для удержания металлических предметов.</li>
</ul></span>"
K0559 Магниты с разделенной поверхностью сцепления, альнико;https://alterv.ru/catalog/magnity_postoyannye/k0559_magnity_s_razdelennoy_poverkhnostyu_stsepleniya_yundk/;Kipp;Главная > Каталог > Промышленная фурнитура > Магниты постоянные > K0559 Магниты с разделенной поверхностью сцепления, альнико;https://alterv.ru/upload/iblock/ac6/k0559_magnity.jpg;https://alterv.ru/upload/iblock/c54/Z09098_nn_ru.jpg;"<h2><span style=""font-size: 13pt;"">Материал:</span></h2>
<ul>
	<li>Альнико (AlNiCo).</li>
</ul>
<hr>
<h2><span style=""font-size: 13pt;"">Исполнение:</span></h2>
<ul>
	<li>Неэкранированные цилиндрические магниты со сквозным отверстием.</li>
	<li>Альнико лакированный красного цвета.</li>
</ul>
<hr>
<h2><span style=""font-size: 13pt;"">Указания по применению:</span></h2>
<ul>
	<li>Температура эксплуатации: до +450°C.</li>
	<li>Магниты с разделенной поверхностью сцепления хорошо подходят для применения в лабораториях, измерения и для удержания металлических предметов.</li>
</ul>";K0559.04;32;25;6,73;Под заказ;3471,3;;;;;;7;;;;;;;;;;;;;;;;"<span style=""font-family: 'Open Sans', sans-serif""><h2><span style=""font-size: 13pt"">Материал:</span></h2>
<ul>
	<li>Альнико (AlNiCo).</li>
</ul>
<hr>
<h2><span style=""font-size: 13pt"">Исполнение:</span></h2>
<ul>
	<li>Неэкранированные цилиндрические магниты со сквозным отверстием.</li>
	<li>Альнико лакированный красного цвета.</li>
</ul>
<hr>
<h2><span style=""font-size: 13pt"">Указания по применению:</span></h2>
<ul>
	<li>Температура эксплуатации: до +450°C.</li>
	<li>Магниты с разделенной поверхностью сцепления хорошо подходят для применения в лабораториях, измерения и для удержания металлических предметов.</li>
</ul></span>"
K0560 Магниты U-образные со сквозными отверстиями, альнико;https://alterv.ru/catalog/magnity_postoyannye/k0560_magnity_u_obraznye_so_skvoznymi_otverstiyami_yundk/;Kipp;Главная > Каталог > Промышленная фурнитура > Магниты постоянные > K0560 Магниты U-образные со сквозными отверстиями, альнико;https://alterv.ru/upload/iblock/86c/k0560_magnity_u.jpg;https://alterv.ru/upload/iblock/1cd/Z09100.jpg;"<h2><span style=""font-size: 13pt;"">Материал:</span></h2>
<ul>
	<li>Альнико (AlNiCo).</li>
</ul>
<hr>
<h2><span style=""font-size: 13pt;"">Исполнение:</span></h2>
<ul>
	<li>Не экранированные магниты с большой силой сцепления.</li>
	<li>Альнико лакированный красного цвета.</li>
	<li>Магниты с арт. K0560.01, K0560.02, K0560.03 имеют только одно отверстие посередине.</li>
</ul>
<hr>
<h2><span style=""font-size: 13pt;"">Указания по применению:</span></h2>
<ul>
	<li>Температура эксплуатации: до +450°C.</li>
	<li>U-образные магниты хорошо подходят для удержания, сортирования и подъема.</li>
</ul>
<hr>
<h2><span style=""font-size: 13pt;"">Указание по заказу:</span></h2>
<ul>
	<li>Магниты поставляются в оцинкованном защитном диске.</li>
</ul>";K0560.01;;20;4,59;Под заказ;2258,67;;;;;20;5;;;;;30;;;1;1;-;;;;;;"<span style=""font-family: 'Open Sans', sans-serif""><h2><span style=""font-size: 13pt"">Материал:</span></h2>
<ul>
	<li>Альнико (AlNiCo).</li>
</ul>
<hr>
<h2><span style=""font-size: 13pt"">Исполнение:</span></h2>
<ul>
	<li>Не экранированные магниты с большой силой сцепления.</li>
	<li>Альнико лакированный красного цвета.</li>
	<li>Магниты с арт. K0560.01, K0560.02, K0560.03 имеют только одно отверстие посередине.</li>
</ul>
<hr>
<h2><span style=""font-size: 13pt"">Указания по применению:</span></h2>
<ul>
	<li>Температура эксплуатации: до +450°C.</li>
	<li>U-образные магниты хорошо подходят для удержания, сортирования и подъема.</li>
</ul>
<hr>
<h2><span style=""font-size: 13pt"">Указание по заказу:</span></h2>
<ul>
	<li>Магниты поставляются в оцинкованном защитном диске.</li>
</ul></span>"
K0560 Магниты U-образные со сквозными отверстиями, альнико;https://alterv.ru/catalog/magnity_postoyannye/k0560_magnity_u_obraznye_so_skvoznymi_otverstiyami_yundk/;Kipp;Главная > Каталог > Промышленная фурнитура > Магниты постоянные > K0560 Магниты U-образные со сквозными отверстиями, альнико;https://alterv.ru/upload/iblock/86c/k0560_magnity_u.jpg;https://alterv.ru/upload/iblock/1cd/Z09100.jpg;"<h2><span style=""font-size: 13pt;"">Материал:</span></h2>
<ul>
	<li>Альнико (AlNiCo).</li>
</ul>
<hr>
<h2><span style=""font-size: 13pt;"">Исполнение:</span></h2>
<ul>
	<li>Не экранированные магниты с большой силой сцепления.</li>
	<li>Альнико лакированный красного цвета.</li>
	<li>Магниты с арт. K0560.01, K0560.02, K0560.03 имеют только одно отверстие посередине.</li>
</ul>
<hr>
<h2><span style=""font-size: 13pt;"">Указания по применению:</span></h2>
<ul>
	<li>Температура эксплуатации: до +450°C.</li>
	<li>U-образные магниты хорошо подходят для удержания, сортирования и подъема.</li>
</ul>
<hr>
<h2><span style=""font-size: 13pt;"">Указание по заказу:</span></h2>
<ul>
	<li>Магниты поставляются в оцинкованном защитном диске.</li>
</ul>";K0560.02;;25;9,18;Под заказ;4184,07;;;;;25;5;;;;;40;;;2;1;-;;;;;;"<span style=""font-family: 'Open Sans', sans-serif""><h2><span style=""font-size: 13pt"">Материал:</span></h2>
<ul>
	<li>Альнико (AlNiCo).</li>
</ul>
<hr>
<h2><span style=""font-size: 13pt"">Исполнение:</span></h2>
<ul>
	<li>Не экранированные магниты с большой силой сцепления.</li>
	<li>Альнико лакированный красного цвета.</li>
	<li>Магниты с арт. K0560.01, K0560.02, K0560.03 имеют только одно отверстие посередине.</li>
</ul>
<hr>
<h2><span style=""font-size: 13pt"">Указания по применению:</span></h2>
<ul>
	<li>Температура эксплуатации: до +450°C.</li>
	<li>U-образные магниты хорошо подходят для удержания, сортирования и подъема.</li>
</ul>
<hr>
<h2><span style=""font-size: 13pt"">Указание по заказу:</span></h2>
<ul>
	<li>Магниты поставляются в оцинкованном защитном диске.</li>
</ul></span>"
K0560 Магниты U-образные со сквозными отверстиями, альнико;https://alterv.ru/catalog/magnity_postoyannye/k0560_magnity_u_obraznye_so_skvoznymi_otverstiyami_yundk/;Kipp;Главная > Каталог > Промышленная фурнитура > Магниты постоянные > K0560 Магниты U-образные со сквозными отверстиями, альнико;https://alterv.ru/upload/iblock/86c/k0560_magnity_u.jpg;https://alterv.ru/upload/iblock/1cd/Z09100.jpg;"<h2><span style=""font-size: 13pt;"">Материал:</span></h2>
<ul>
	<li>Альнико (AlNiCo).</li>
</ul>
<hr>
<h2><span style=""font-size: 13pt;"">Исполнение:</span></h2>
<ul>
	<li>Не экранированные магниты с большой силой сцепления.</li>
	<li>Альнико лакированный красного цвета.</li>
	<li>Магниты с арт. K0560.01, K0560.02, K0560.03 имеют только одно отверстие посередине.</li>
</ul>
<hr>
<h2><span style=""font-size: 13pt;"">Указания по применению:</span></h2>
<ul>
	<li>Температура эксплуатации: до +450°C.</li>
	<li>U-образные магниты хорошо подходят для удержания, сортирования и подъема.</li>
</ul>
<hr>
<h2><span style=""font-size: 13pt;"">Указание по заказу:</span></h2>
<ul>
	<li>Магниты поставляются в оцинкованном защитном диске.</li>
</ul>";K0560.03;;30;12,24;Под заказ;5739,23;;;;;29;5;;;;;45;;;3;1;-;;;;;;"<span style=""font-family: 'Open Sans', sans-serif""><h2><span style=""font-size: 13pt"">Материал:</span></h2>
<ul>
	<li>Альнико (AlNiCo).</li>
</ul>
<hr>
<h2><span style=""font-size: 13pt"">Исполнение:</span></h2>
<ul>
	<li>Не экранированные магниты с большой силой сцепления.</li>
	<li>Альнико лакированный красного цвета.</li>
	<li>Магниты с арт. K0560.01, K0560.02, K0560.03 имеют только одно отверстие посередине.</li>
</ul>
<hr>
<h2><span style=""font-size: 13pt"">Указания по применению:</span></h2>
<ul>
	<li>Температура эксплуатации: до +450°C.</li>
	<li>U-образные магниты хорошо подходят для удержания, сортирования и подъема.</li>
</ul>
<hr>
<h2><span style=""font-size: 13pt"">Указание по заказу:</span></h2>
<ul>
	<li>Магниты поставляются в оцинкованном защитном диске.</li>
</ul></span>"
K0560 Магниты U-образные со сквозными отверстиями, альнико;https://alterv.ru/catalog/magnity_postoyannye/k0560_magnity_u_obraznye_so_skvoznymi_otverstiyami_yundk/;Kipp;Главная > Каталог > Промышленная фурнитура > Магниты постоянные > K0560 Магниты U-образные со сквозными отверстиями, альнико;https://alterv.ru/upload/iblock/86c/k0560_magnity_u.jpg;https://alterv.ru/upload/iblock/1cd/Z09100.jpg;"<h2><span style=""font-size: 13pt;"">Материал:</span></h2>
<ul>
	<li>Альнико (AlNiCo).</li>
</ul>
<hr>
<h2><span style=""font-size: 13pt;"">Исполнение:</span></h2>
<ul>
	<li>Не экранированные магниты с большой силой сцепления.</li>
	<li>Альнико лакированный красного цвета.</li>
	<li>Магниты с арт. K0560.01, K0560.02, K0560.03 имеют только одно отверстие посередине.</li>
</ul>
<hr>
<h2><span style=""font-size: 13pt;"">Указания по применению:</span></h2>
<ul>
	<li>Температура эксплуатации: до +450°C.</li>
	<li>U-образные магниты хорошо подходят для удержания, сортирования и подъема.</li>
</ul>
<hr>
<h2><span style=""font-size: 13pt;"">Указание по заказу:</span></h2>
<ul>
	<li>Магниты поставляются в оцинкованном защитном диске.</li>
</ul>";K0560.04;;35;23,45;Под заказ;11672,84;;;;;45;8;;;;;57;;;4;2;32;;;;;;"<span style=""font-family: 'Open Sans', sans-serif""><h2><span style=""font-size: 13pt"">Материал:</span></h2>
<ul>
	<li>Альнико (AlNiCo).</li>
</ul>
<hr>
<h2><span style=""font-size: 13pt"">Исполнение:</span></h2>
<ul>
	<li>Не экранированные магниты с большой силой сцепления.</li>
	<li>Альнико лакированный красного цвета.</li>
	<li>Магниты с арт. K0560.01, K0560.02, K0560.03 имеют только одно отверстие посередине.</li>
</ul>
<hr>
<h2><span style=""font-size: 13pt"">Указания по применению:</span></h2>
<ul>
	<li>Температура эксплуатации: до +450°C.</li>
	<li>U-образные магниты хорошо подходят для удержания, сортирования и подъема.</li>
</ul>
<hr>
<h2><span style=""font-size: 13pt"">Указание по заказу:</span></h2>
<ul>
	<li>Магниты поставляются в оцинкованном защитном диске.</li>
</ul></span>"
K0560 Магниты U-образные со сквозными отверстиями, альнико;https://alterv.ru/catalog/magnity_postoyannye/k0560_magnity_u_obraznye_so_skvoznymi_otverstiyami_yundk/;Kipp;Главная > Каталог > Промышленная фурнитура > Магниты постоянные > K0560 Магниты U-образные со сквозными отверстиями, альнико;https://alterv.ru/upload/iblock/86c/k0560_magnity_u.jpg;https://alterv.ru/upload/iblock/1cd/Z09100.jpg;"<h2><span style=""font-size: 13pt;"">Материал:</span></h2>
<ul>
	<li>Альнико (AlNiCo).</li>
</ul>
<hr>
<h2><span style=""font-size: 13pt;"">Исполнение:</span></h2>
<ul>
	<li>Не экранированные магниты с большой силой сцепления.</li>
	<li>Альнико лакированный красного цвета.</li>
	<li>Магниты с арт. K0560.01, K0560.02, K0560.03 имеют только одно отверстие посередине.</li>
</ul>
<hr>
<h2><span style=""font-size: 13pt;"">Указания по применению:</span></h2>
<ul>
	<li>Температура эксплуатации: до +450°C.</li>
	<li>U-образные магниты хорошо подходят для удержания, сортирования и подъема.</li>
</ul>
<hr>
<h2><span style=""font-size: 13pt;"">Указание по заказу:</span></h2>
<ul>
	<li>Магниты поставляются в оцинкованном защитном диске.</li>
</ul>";K0560.05;;41;32,63;Под заказ;17115,84;;;;;57;8;;;;;70;;;5;2;38;;;;;;"<span style=""font-family: 'Open Sans', sans-serif""><h2><span style=""font-size: 13pt"">Материал:</span></h2>
<ul>
	<li>Альнико (AlNiCo).</li>
</ul>
<hr>
<h2><span style=""font-size: 13pt"">Исполнение:</span></h2>
<ul>
	<li>Не экранированные магниты с большой силой сцепления.</li>
	<li>Альнико лакированный красного цвета.</li>
	<li>Магниты с арт. K0560.01, K0560.02, K0560.03 имеют только одно отверстие посередине.</li>
</ul>
<hr>
<h2><span style=""font-size: 13pt"">Указания по применению:</span></h2>
<ul>
	<li>Температура эксплуатации: до +450°C.</li>
	<li>U-образные магниты хорошо подходят для удержания, сортирования и подъема.</li>
</ul>
<hr>
<h2><span style=""font-size: 13pt"">Указание по заказу:</span></h2>
<ul>
	<li>Магниты поставляются в оцинкованном защитном диске.</li>
</ul></span>"
K0561 Крышки защитные резиновые для дисковых магнитов;https://alterv.ru/catalog/magnity_postoyannye/k0561_kryshki_zashchitnye_rezinovye_dlya_diskovykh_magnitov/;Kipp;Главная > Каталог > Промышленная фурнитура > Магниты постоянные > K0561 Крышки защитные резиновые для дисковых магнитов;https://alterv.ru/upload/iblock/546/k0561_kryshki_zashhitnye.jpg, https://alterv.ru/upload/iblock/91f/k0561_kryshki_ustanovka.jpg;https://alterv.ru/upload/iblock/1fd/Z09110.jpg;"<h2><span style=""font-size: 13pt;"">Материал:</span></h2>
<ul>
	<li>Синтетическая резина.</li>
</ul>
<hr>
<h2><span style=""font-size: 13pt;"">Исполнение:</span></h2>
<ul>
	<li>Черного цвета.</li>
</ul>
<hr>
<h2><span style=""font-size: 13pt;"">Указания по применению:</span></h2>
<ul>
	<li>Резиновые крышки надеваются на удерживающую поверхность плоских дисковых магнитов и предназначены для защиты чувствительных поверхностей.</li>
	<li>Срезывающее усилие, позволяющее переместить магнит, удваивается и достигает изначальной силы сцепления магнита.</li>
	<li>Температура эксплуатации: до +60°C.</li>
</ul>";K0561.50;52;6;;Под заказ;361,02;;;;;;;;;;;;;;;;;0,5;;;;;"<span style=""font-family: 'Open Sans', sans-serif""><h2><span style=""font-size: 13pt"">Материал:</span></h2>
<ul>
	<li>Синтетическая резина.</li>
</ul>
<hr>
<h2><span style=""font-size: 13pt"">Исполнение:</span></h2>
<ul>
	<li>Черного цвета.</li>
</ul>
<hr>
<h2><span style=""font-size: 13pt"">Указания по применению:</span></h2>
<ul>
	<li>Резиновые крышки надеваются на удерживающую поверхность плоских дисковых магнитов и предназначены для защиты чувствительных поверхностей.</li>
	<li>Срезывающее усилие, позволяющее переместить магнит, удваивается и достигает изначальной силы сцепления магнита.</li>
	<li>Температура эксплуатации: до +60°C.</li>
</ul></span>"
K0561 Крышки защитные резиновые для дисковых магнитов;https://alterv.ru/catalog/magnity_postoyannye/k0561_kryshki_zashchitnye_rezinovye_dlya_diskovykh_magnitov/;Kipp;Главная > Каталог > Промышленная фурнитура > Магниты постоянные > K0561 Крышки защитные резиновые для дисковых магнитов;https://alterv.ru/upload/iblock/546/k0561_kryshki_zashhitnye.jpg, https://alterv.ru/upload/iblock/91f/k0561_kryshki_ustanovka.jpg;https://alterv.ru/upload/iblock/1fd/Z09110.jpg;"<h2><span style=""font-size: 13pt;"">Материал:</span></h2>
<ul>
	<li>Синтетическая резина.</li>
</ul>
<hr>
<h2><span style=""font-size: 13pt;"">Исполнение:</span></h2>
<ul>
	<li>Черного цвета.</li>
</ul>
<hr>
<h2><span style=""font-size: 13pt;"">Указания по применению:</span></h2>
<ul>
	<li>Резиновые крышки надеваются на удерживающую поверхность плоских дисковых магнитов и предназначены для защиты чувствительных поверхностей.</li>
	<li>Срезывающее усилие, позволяющее переместить магнит, удваивается и достигает изначальной силы сцепления магнита.</li>
	<li>Температура эксплуатации: до +60°C.</li>
</ul>";K0561.63;65;8;;Под заказ;430,44;;;;;;;;;;;;;;;;;0,5;;;;;"<span style=""font-family: 'Open Sans', sans-serif""><h2><span style=""font-size: 13pt"">Материал:</span></h2>
<ul>
	<li>Синтетическая резина.</li>
</ul>
<hr>
<h2><span style=""font-size: 13pt"">Исполнение:</span></h2>
<ul>
	<li>Черного цвета.</li>
</ul>
<hr>
<h2><span style=""font-size: 13pt"">Указания по применению:</span></h2>
<ul>
	<li>Резиновые крышки надеваются на удерживающую поверхность плоских дисковых магнитов и предназначены для защиты чувствительных поверхностей.</li>
	<li>Срезывающее усилие, позволяющее переместить магнит, удваивается и достигает изначальной силы сцепления магнита.</li>
	<li>Температура эксплуатации: до +60°C.</li>
</ul></span>"
K0561 Крышки защитные резиновые для дисковых магнитов;https://alterv.ru/catalog/magnity_postoyannye/k0561_kryshki_zashchitnye_rezinovye_dlya_diskovykh_magnitov/;Kipp;Главная > Каталог > Промышленная фурнитура > Магниты постоянные > K0561 Крышки защитные резиновые для дисковых магнитов;https://alterv.ru/upload/iblock/546/k0561_kryshki_zashhitnye.jpg, https://alterv.ru/upload/iblock/91f/k0561_kryshki_ustanovka.jpg;https://alterv.ru/upload/iblock/1fd/Z09110.jpg;"<h2><span style=""font-size: 13pt;"">Материал:</span></h2>
<ul>
	<li>Синтетическая резина.</li>
</ul>
<hr>
<h2><span style=""font-size: 13pt;"">Исполнение:</span></h2>
<ul>
	<li>Черного цвета.</li>
</ul>
<hr>
<h2><span style=""font-size: 13pt;"">Указания по применению:</span></h2>
<ul>
	<li>Резиновые крышки надеваются на удерживающую поверхность плоских дисковых магнитов и предназначены для защиты чувствительных поверхностей.</li>
	<li>Срезывающее усилие, позволяющее переместить магнит, удваивается и достигает изначальной силы сцепления магнита.</li>
	<li>Температура эксплуатации: до +60°C.</li>
</ul>";K0561.80;83;11;;Под заказ;490,62;;;;;;;;;;;;;;;;;0,5;;;;;"<span style=""font-family: 'Open Sans', sans-serif""><h2><span style=""font-size: 13pt"">Материал:</span></h2>
<ul>
	<li>Синтетическая резина.</li>
</ul>
<hr>
<h2><span style=""font-size: 13pt"">Исполнение:</span></h2>
<ul>
	<li>Черного цвета.</li>
</ul>
<hr>
<h2><span style=""font-size: 13pt"">Указания по применению:</span></h2>
<ul>
	<li>Резиновые крышки надеваются на удерживающую поверхность плоских дисковых магнитов и предназначены для защиты чувствительных поверхностей.</li>
	<li>Срезывающее усилие, позволяющее переместить магнит, удваивается и достигает изначальной силы сцепления магнита.</li>
	<li>Температура эксплуатации: до +60°C.</li>
</ul></span>"
K0563 Магниты со внутренней резьбой и защитной оболочкой;https://alterv.ru/catalog/magnity_postoyannye/k0563_magnity_so_vnutrenney_rezboy_i_zashchitnoy_obolochkoy/;Kipp;Главная > Каталог > Промышленная фурнитура > Магниты постоянные > K0563 Магниты со внутренней резьбой и защитной оболочкой;https://alterv.ru/upload/iblock/4e5/k0563_magnity.jpg;https://alterv.ru/upload/iblock/794/Z09114_nn_ru.jpg;"<h2><span style=""font-size: 13pt;"">Материалы:</span></h2>
<ul>
	<li>Корпус из стали.</li>
	<li>Магнитный сердечник из неодима (NdFeB).</li>
	<li>Защитная оболочка из синтетической резины.</li>
</ul>
<hr>
<h2><span style=""font-size: 13pt;"">Исполнение:</span></h2>
<ul>
	<li>Экранированные дисковые магниты с втулкой со внутренней резьбой.</li>
	<li>Сталь оцинкованная.</li>
	<li>Синтетическая резина черного цвета.</li>
</ul>
<hr>
<h2><span style=""font-size: 13pt;"">Указания по применению:</span></h2>
<ul>
	<li>Данные магниты хорошо подходят в качестве креплений (держателей).</li>
	<li>Температура эксплуатации: до +60°C.</li>
	<li>Оболочка предназначена для защиты чувствительных поверхностей.</li>
	<li>Благодаря защитной оболочке повышается коэффициент трения, что позволяет достичь высокого бокового трения сцепления.</li>
</ul>";K0563.01;12;7;1,02;Под заказ;823,86;;;M4;14,8;;8;6;;;;;;;;;;;;;;;"<span style=""font-family: 'Open Sans', sans-serif""><h2><span style=""font-size: 13pt"">Материалы:</span></h2>
<ul>
	<li>Корпус из стали.</li>
	<li>Магнитный сердечник из неодима (NdFeB).</li>
	<li>Защитная оболочка из синтетической резины.</li>
</ul>
<hr>
<h2><span style=""font-size: 13pt"">Исполнение:</span></h2>
<ul>
	<li>Экранированные дисковые магниты с втулкой со внутренней резьбой.</li>
	<li>Сталь оцинкованная.</li>
	<li>Синтетическая резина черного цвета.</li>
</ul>
<hr>
<h2><span style=""font-size: 13pt"">Указания по применению:</span></h2>
<ul>
	<li>Данные магниты хорошо подходят в качестве креплений (держателей).</li>
	<li>Температура эксплуатации: до +60°C.</li>
	<li>Оболочка предназначена для защиты чувствительных поверхностей.</li>
	<li>Благодаря защитной оболочке повышается коэффициент трения, что позволяет достичь высокого бокового трения сцепления.</li>
</ul></span>"
K0563 Магниты со внутренней резьбой и защитной оболочкой;https://alterv.ru/catalog/magnity_postoyannye/k0563_magnity_so_vnutrenney_rezboy_i_zashchitnoy_obolochkoy/;Kipp;Главная > Каталог > Промышленная фурнитура > Магниты постоянные > K0563 Магниты со внутренней резьбой и защитной оболочкой;https://alterv.ru/upload/iblock/4e5/k0563_magnity.jpg;https://alterv.ru/upload/iblock/794/Z09114_nn_ru.jpg;"<h2><span style=""font-size: 13pt;"">Материалы:</span></h2>
<ul>
	<li>Корпус из стали.</li>
	<li>Магнитный сердечник из неодима (NdFeB).</li>
	<li>Защитная оболочка из синтетической резины.</li>
</ul>
<hr>
<h2><span style=""font-size: 13pt;"">Исполнение:</span></h2>
<ul>
	<li>Экранированные дисковые магниты с втулкой со внутренней резьбой.</li>
	<li>Сталь оцинкованная.</li>
	<li>Синтетическая резина черного цвета.</li>
</ul>
<hr>
<h2><span style=""font-size: 13pt;"">Указания по применению:</span></h2>
<ul>
	<li>Данные магниты хорошо подходят в качестве креплений (держателей).</li>
	<li>Температура эксплуатации: до +60°C.</li>
	<li>Оболочка предназначена для защиты чувствительных поверхностей.</li>
	<li>Благодаря защитной оболочке повышается коэффициент трения, что позволяет достичь высокого бокового трения сцепления.</li>
</ul>";K0563.02;22;6;5,1;Под заказ;1397,77;;;M4;11,5;;8;6;;;;;;;;;;;;;;;"<span style=""font-family: 'Open Sans', sans-serif""><h2><span style=""font-size: 13pt"">Материалы:</span></h2>
<ul>
	<li>Корпус из стали.</li>
	<li>Магнитный сердечник из неодима (NdFeB).</li>
	<li>Защитная оболочка из синтетической резины.</li>
</ul>
<hr>
<h2><span style=""font-size: 13pt"">Исполнение:</span></h2>
<ul>
	<li>Экранированные дисковые магниты с втулкой со внутренней резьбой.</li>
	<li>Сталь оцинкованная.</li>
	<li>Синтетическая резина черного цвета.</li>
</ul>
<hr>
<h2><span style=""font-size: 13pt"">Указания по применению:</span></h2>
<ul>
	<li>Данные магниты хорошо подходят в качестве креплений (держателей).</li>
	<li>Температура эксплуатации: до +60°C.</li>
	<li>Оболочка предназначена для защиты чувствительных поверхностей.</li>
	<li>Благодаря защитной оболочке повышается коэффициент трения, что позволяет достичь высокого бокового трения сцепления.</li>
</ul></span>"
K0563 Магниты со внутренней резьбой и защитной оболочкой;https://alterv.ru/catalog/magnity_postoyannye/k0563_magnity_so_vnutrenney_rezboy_i_zashchitnoy_obolochkoy/;Kipp;Главная > Каталог > Промышленная фурнитура > Магниты постоянные > K0563 Магниты со внутренней резьбой и защитной оболочкой;https://alterv.ru/upload/iblock/4e5/k0563_magnity.jpg;https://alterv.ru/upload/iblock/794/Z09114_nn_ru.jpg;"<h2><span style=""font-size: 13pt;"">Материалы:</span></h2>
<ul>
	<li>Корпус из стали.</li>
	<li>Магнитный сердечник из неодима (NdFeB).</li>
	<li>Защитная оболочка из синтетической резины.</li>
</ul>
<hr>
<h2><span style=""font-size: 13pt;"">Исполнение:</span></h2>
<ul>
	<li>Экранированные дисковые магниты с втулкой со внутренней резьбой.</li>
	<li>Сталь оцинкованная.</li>
	<li>Синтетическая резина черного цвета.</li>
</ul>
<hr>
<h2><span style=""font-size: 13pt;"">Указания по применению:</span></h2>
<ul>
	<li>Данные магниты хорошо подходят в качестве креплений (держателей).</li>
	<li>Температура эксплуатации: до +60°C.</li>
	<li>Оболочка предназначена для защиты чувствительных поверхностей.</li>
	<li>Благодаря защитной оболочке повышается коэффициент трения, что позволяет достичь высокого бокового трения сцепления.</li>
</ul>";K0563.03;31;6;7,65;Под заказ;1786,55;;;M4;11,5;;8;5;;;;;;;;;;;;;;;"<span style=""font-family: 'Open Sans', sans-serif""><h2><span style=""font-size: 13pt"">Материалы:</span></h2>
<ul>
	<li>Корпус из стали.</li>
	<li>Магнитный сердечник из неодима (NdFeB).</li>
	<li>Защитная оболочка из синтетической резины.</li>
</ul>
<hr>
<h2><span style=""font-size: 13pt"">Исполнение:</span></h2>
<ul>
	<li>Экранированные дисковые магниты с втулкой со внутренней резьбой.</li>
	<li>Сталь оцинкованная.</li>
	<li>Синтетическая резина черного цвета.</li>
</ul>
<hr>
<h2><span style=""font-size: 13pt"">Указания по применению:</span></h2>
<ul>
	<li>Данные магниты хорошо подходят в качестве креплений (держателей).</li>
	<li>Температура эксплуатации: до +60°C.</li>
	<li>Оболочка предназначена для защиты чувствительных поверхностей.</li>
	<li>Благодаря защитной оболочке повышается коэффициент трения, что позволяет достичь высокого бокового трения сцепления.</li>
</ul></span>"
K0563 Магниты со внутренней резьбой и защитной оболочкой;https://alterv.ru/catalog/magnity_postoyannye/k0563_magnity_so_vnutrenney_rezboy_i_zashchitnoy_obolochkoy/;Kipp;Главная > Каталог > Промышленная фурнитура > Магниты постоянные > K0563 Магниты со внутренней резьбой и защитной оболочкой;https://alterv.ru/upload/iblock/4e5/k0563_magnity.jpg;https://alterv.ru/upload/iblock/794/Z09114_nn_ru.jpg;"<h2><span style=""font-size: 13pt;"">Материалы:</span></h2>
<ul>
	<li>Корпус из стали.</li>
	<li>Магнитный сердечник из неодима (NdFeB).</li>
	<li>Защитная оболочка из синтетической резины.</li>
</ul>
<hr>
<h2><span style=""font-size: 13pt;"">Исполнение:</span></h2>
<ul>
	<li>Экранированные дисковые магниты с втулкой со внутренней резьбой.</li>
	<li>Сталь оцинкованная.</li>
	<li>Синтетическая резина черного цвета.</li>
</ul>
<hr>
<h2><span style=""font-size: 13pt;"">Указания по применению:</span></h2>
<ul>
	<li>Данные магниты хорошо подходят в качестве креплений (держателей).</li>
	<li>Температура эксплуатации: до +60°C.</li>
	<li>Оболочка предназначена для защиты чувствительных поверхностей.</li>
	<li>Благодаря защитной оболочке повышается коэффициент трения, что позволяет достичь высокого бокового трения сцепления.</li>
</ul>";K0563.04;43;6;8,67;Под заказ;1874,51;;;M4;10,5;;8;5;;;;;;;;;;;;;;;"<span style=""font-family: 'Open Sans', sans-serif""><h2><span style=""font-size: 13pt"">Материалы:</span></h2>
<ul>
	<li>Корпус из стали.</li>
	<li>Магнитный сердечник из неодима (NdFeB).</li>
	<li>Защитная оболочка из синтетической резины.</li>
</ul>
<hr>
<h2><span style=""font-size: 13pt"">Исполнение:</span></h2>
<ul>
	<li>Экранированные дисковые магниты с втулкой со внутренней резьбой.</li>
	<li>Сталь оцинкованная.</li>
	<li>Синтетическая резина черного цвета.</li>
</ul>
<hr>
<h2><span style=""font-size: 13pt"">Указания по применению:</span></h2>
<ul>
	<li>Данные магниты хорошо подходят в качестве креплений (держателей).</li>
	<li>Температура эксплуатации: до +60°C.</li>
	<li>Оболочка предназначена для защиты чувствительных поверхностей.</li>
	<li>Благодаря защитной оболочке повышается коэффициент трения, что позволяет достичь высокого бокового трения сцепления.</li>
</ul></span>"
K0563 Магниты со внутренней резьбой и защитной оболочкой;https://alterv.ru/catalog/magnity_postoyannye/k0563_magnity_so_vnutrenney_rezboy_i_zashchitnoy_obolochkoy/;Kipp;Главная > Каталог > Промышленная фурнитура > Магниты постоянные > K0563 Магниты со внутренней резьбой и защитной оболочкой;https://alterv.ru/upload/iblock/4e5/k0563_magnity.jpg;https://alterv.ru/upload/iblock/794/Z09114_nn_ru.jpg;"<h2><span style=""font-size: 13pt;"">Материалы:</span></h2>
<ul>
	<li>Корпус из стали.</li>
	<li>Магнитный сердечник из неодима (NdFeB).</li>
	<li>Защитная оболочка из синтетической резины.</li>
</ul>
<hr>
<h2><span style=""font-size: 13pt;"">Исполнение:</span></h2>
<ul>
	<li>Экранированные дисковые магниты с втулкой со внутренней резьбой.</li>
	<li>Сталь оцинкованная.</li>
	<li>Синтетическая резина черного цвета.</li>
</ul>
<hr>
<h2><span style=""font-size: 13pt;"">Указания по применению:</span></h2>
<ul>
	<li>Данные магниты хорошо подходят в качестве креплений (держателей).</li>
	<li>Температура эксплуатации: до +60°C.</li>
	<li>Оболочка предназначена для защиты чувствительных поверхностей.</li>
	<li>Благодаря защитной оболочке повышается коэффициент трения, что позволяет достичь высокого бокового трения сцепления.</li>
</ul>";K0563.05;66;8,2;18,35;Под заказ;3526,84;;;M5;15;;10;8;;;;;;;;;;;;;;;"<span style=""font-family: 'Open Sans', sans-serif""><h2><span style=""font-size: 13pt"">Материалы:</span></h2>
<ul>
	<li>Корпус из стали.</li>
	<li>Магнитный сердечник из неодима (NdFeB).</li>
	<li>Защитная оболочка из синтетической резины.</li>
</ul>
<hr>
<h2><span style=""font-size: 13pt"">Исполнение:</span></h2>
<ul>
	<li>Экранированные дисковые магниты с втулкой со внутренней резьбой.</li>
	<li>Сталь оцинкованная.</li>
	<li>Синтетическая резина черного цвета.</li>
</ul>
<hr>
<h2><span style=""font-size: 13pt"">Указания по применению:</span></h2>
<ul>
	<li>Данные магниты хорошо подходят в качестве креплений (держателей).</li>
	<li>Температура эксплуатации: до +60°C.</li>
	<li>Оболочка предназначена для защиты чувствительных поверхностей.</li>
	<li>Благодаря защитной оболочке повышается коэффициент трения, что позволяет достичь высокого бокового трения сцепления.</li>
</ul></span>"
K0563 Магниты со внутренней резьбой и защитной оболочкой;https://alterv.ru/catalog/magnity_postoyannye/k0563_magnity_so_vnutrenney_rezboy_i_zashchitnoy_obolochkoy/;Kipp;Главная > Каталог > Промышленная фурнитура > Магниты постоянные > K0563 Магниты со внутренней резьбой и защитной оболочкой;https://alterv.ru/upload/iblock/4e5/k0563_magnity.jpg;https://alterv.ru/upload/iblock/794/Z09114_nn_ru.jpg;"<h2><span style=""font-size: 13pt;"">Материалы:</span></h2>
<ul>
	<li>Корпус из стали.</li>
	<li>Магнитный сердечник из неодима (NdFeB).</li>
	<li>Защитная оболочка из синтетической резины.</li>
</ul>
<hr>
<h2><span style=""font-size: 13pt;"">Исполнение:</span></h2>
<ul>
	<li>Экранированные дисковые магниты с втулкой со внутренней резьбой.</li>
	<li>Сталь оцинкованная.</li>
	<li>Синтетическая резина черного цвета.</li>
</ul>
<hr>
<h2><span style=""font-size: 13pt;"">Указания по применению:</span></h2>
<ul>
	<li>Данные магниты хорошо подходят в качестве креплений (держателей).</li>
	<li>Температура эксплуатации: до +60°C.</li>
	<li>Оболочка предназначена для защиты чувствительных поверхностей.</li>
	<li>Благодаря защитной оболочке повышается коэффициент трения, что позволяет достичь высокого бокового трения сцепления.</li>
</ul>";K0563.06;88;8,2;42,83;Под заказ;7530,41;;;M8;17;;12;11;;;;;;;;;;;;;;;"<span style=""font-family: 'Open Sans', sans-serif""><h2><span style=""font-size: 13pt"">Материалы:</span></h2>
<ul>
	<li>Корпус из стали.</li>
	<li>Магнитный сердечник из неодима (NdFeB).</li>
	<li>Защитная оболочка из синтетической резины.</li>
</ul>
<hr>
<h2><span style=""font-size: 13pt"">Исполнение:</span></h2>
<ul>
	<li>Экранированные дисковые магниты с втулкой со внутренней резьбой.</li>
	<li>Сталь оцинкованная.</li>
	<li>Синтетическая резина черного цвета.</li>
</ul>
<hr>
<h2><span style=""font-size: 13pt"">Указания по применению:</span></h2>
<ul>
	<li>Данные магниты хорошо подходят в качестве креплений (держателей).</li>
	<li>Температура эксплуатации: до +60°C.</li>
	<li>Оболочка предназначена для защиты чувствительных поверхностей.</li>
	<li>Благодаря защитной оболочке повышается коэффициент трения, что позволяет достичь высокого бокового трения сцепления.</li>
</ul></span>"
K0563 Магниты со внутренней резьбой и защитной оболочкой;https://alterv.ru/catalog/magnity_postoyannye/k0563_magnity_so_vnutrenney_rezboy_i_zashchitnoy_obolochkoy/;Kipp;Главная > Каталог > Промышленная фурнитура > Магниты постоянные > K0563 Магниты со внутренней резьбой и защитной оболочкой;https://alterv.ru/upload/iblock/4e5/k0563_magnity.jpg;https://alterv.ru/upload/iblock/794/Z09114_nn_ru.jpg;"<h2><span style=""font-size: 13pt;"">Материалы:</span></h2>
<ul>
	<li>Корпус из стали.</li>
	<li>Магнитный сердечник из неодима (NdFeB).</li>
	<li>Защитная оболочка из синтетической резины.</li>
</ul>
<hr>
<h2><span style=""font-size: 13pt;"">Исполнение:</span></h2>
<ul>
	<li>Экранированные дисковые магниты с втулкой со внутренней резьбой.</li>
	<li>Сталь оцинкованная.</li>
	<li>Синтетическая резина черного цвета.</li>
</ul>
<hr>
<h2><span style=""font-size: 13pt;"">Указания по применению:</span></h2>
<ul>
	<li>Данные магниты хорошо подходят в качестве креплений (держателей).</li>
	<li>Температура эксплуатации: до +60°C.</li>
	<li>Оболочка предназначена для защиты чувствительных поверхностей.</li>
	<li>Благодаря защитной оболочке повышается коэффициент трения, что позволяет достичь высокого бокового трения сцепления.</li>
</ul>";K0563.07;18;6;3,77;Под заказ;1337,62;;;M4;11,5;;8;6;;;;;;;;;;;;;;;"<span style=""font-family: 'Open Sans', sans-serif""><h2><span style=""font-size: 13pt"">Материалы:</span></h2>
<ul>
	<li>Корпус из стали.</li>
	<li>Магнитный сердечник из неодима (NdFeB).</li>
	<li>Защитная оболочка из синтетической резины.</li>
</ul>
<hr>
<h2><span style=""font-size: 13pt"">Исполнение:</span></h2>
<ul>
	<li>Экранированные дисковые магниты с втулкой со внутренней резьбой.</li>
	<li>Сталь оцинкованная.</li>
	<li>Синтетическая резина черного цвета.</li>
</ul>
<hr>
<h2><span style=""font-size: 13pt"">Указания по применению:</span></h2>
<ul>
	<li>Данные магниты хорошо подходят в качестве креплений (держателей).</li>
	<li>Температура эксплуатации: до +60°C.</li>
	<li>Оболочка предназначена для защиты чувствительных поверхностей.</li>
	<li>Благодаря защитной оболочке повышается коэффициент трения, что позволяет достичь высокого бокового трения сцепления.</li>
</ul></span>"
K0565 Магниты кольцевые с защитной оболочкой неодимовые;https://alterv.ru/catalog/magnity_postoyannye/k0565_magnity_so_skvoznym_otverstiem_i_zashchitnoy_obolochkoy/;Kipp;Главная > Каталог > Промышленная фурнитура > Магниты постоянные > K0565 Магниты кольцевые с защитной оболочкой неодимовые;https://alterv.ru/upload/iblock/a72/k0565_magnity.jpg;https://alterv.ru/upload/iblock/83a/Z09118_nn_ru_www_hkw.jpg;"<h2><span style=""font-size: 13pt;"">Материалы:</span></h2>
<ul>
	<li>Корпус из стали.</li>
	<li>Магнитный сердечник из неодима (NdFeB).</li>
	<li>Защитная оболочка из синтетической резины.</li>
</ul>
<hr>
<h2><span style=""font-size: 13pt;"">Исполнение:</span></h2>
<ul>
	<li>Дисковые экранированные магниты.</li>
	<li>Сталь оцинкованная.</li>
	<li>Синтетическая резина черного цвета.</li>
</ul>
<hr>
<h2><span style=""font-size: 13pt;"">Указания по применению:</span></h2>
<ul>
	<li>Данные магниты хорошо подходят в качестве креплений (держателей).</li>
	<li>Температура эксплуатации: до +60°C.</li>
	<li>Оболочка предназначена для защиты чувствительных поверхностей.</li>
	<li>Благодаря защитной оболочке повышается коэффициент трения, что позволяет достичь высокого бокового трения сцепления.</li>
</ul>";K0565.01;22;6;3,57;Под заказ;1356,12;;С цилиндрическими углублениями;4;;;8,2;3,5;;;;;;;;;;;;;;;"<span style=""font-family: 'Open Sans', sans-serif""><h2><span style=""font-size: 13pt"">Материалы:</span></h2>
<ul>
	<li>Корпус из стали.</li>
	<li>Магнитный сердечник из неодима (NdFeB).</li>
	<li>Защитная оболочка из синтетической резины.</li>
</ul>
<hr>
<h2><span style=""font-size: 13pt"">Исполнение:</span></h2>
<ul>
	<li>Дисковые экранированные магниты.</li>
	<li>Сталь оцинкованная.</li>
	<li>Синтетическая резина черного цвета.</li>
</ul>
<hr>
<h2><span style=""font-size: 13pt"">Указания по применению:</span></h2>
<ul>
	<li>Данные магниты хорошо подходят в качестве креплений (держателей).</li>
	<li>Температура эксплуатации: до +60°C.</li>
	<li>Оболочка предназначена для защиты чувствительных поверхностей.</li>
	<li>Благодаря защитной оболочке повышается коэффициент трения, что позволяет достичь высокого бокового трения сцепления.</li>
</ul></span>"
K0565 Магниты кольцевые с защитной оболочкой неодимовые;https://alterv.ru/catalog/magnity_postoyannye/k0565_magnity_so_skvoznym_otverstiem_i_zashchitnoy_obolochkoy/;Kipp;Главная > Каталог > Промышленная фурнитура > Магниты постоянные > K0565 Магниты кольцевые с защитной оболочкой неодимовые;https://alterv.ru/upload/iblock/a72/k0565_magnity.jpg;https://alterv.ru/upload/iblock/83a/Z09118_nn_ru_www_hkw.jpg;"<h2><span style=""font-size: 13pt;"">Материалы:</span></h2>
<ul>
	<li>Корпус из стали.</li>
	<li>Магнитный сердечник из неодима (NdFeB).</li>
	<li>Защитная оболочка из синтетической резины.</li>
</ul>
<hr>
<h2><span style=""font-size: 13pt;"">Исполнение:</span></h2>
<ul>
	<li>Дисковые экранированные магниты.</li>
	<li>Сталь оцинкованная.</li>
	<li>Синтетическая резина черного цвета.</li>
</ul>
<hr>
<h2><span style=""font-size: 13pt;"">Указания по применению:</span></h2>
<ul>
	<li>Данные магниты хорошо подходят в качестве креплений (держателей).</li>
	<li>Температура эксплуатации: до +60°C.</li>
	<li>Оболочка предназначена для защиты чувствительных поверхностей.</li>
	<li>Благодаря защитной оболочке повышается коэффициент трения, что позволяет достичь высокого бокового трения сцепления.</li>
</ul>";K0565.02;31;6;7,65;Под заказ;1744,89;;С цилиндрическими углублениями;6;;;9;3,5;;;;;;;;;;;;;;;"<span style=""font-family: 'Open Sans', sans-serif""><h2><span style=""font-size: 13pt"">Материалы:</span></h2>
<ul>
	<li>Корпус из стали.</li>
	<li>Магнитный сердечник из неодима (NdFeB).</li>
	<li>Защитная оболочка из синтетической резины.</li>
</ul>
<hr>
<h2><span style=""font-size: 13pt"">Исполнение:</span></h2>
<ul>
	<li>Дисковые экранированные магниты.</li>
	<li>Сталь оцинкованная.</li>
	<li>Синтетическая резина черного цвета.</li>
</ul>
<hr>
<h2><span style=""font-size: 13pt"">Указания по применению:</span></h2>
<ul>
	<li>Данные магниты хорошо подходят в качестве креплений (держателей).</li>
	<li>Температура эксплуатации: до +60°C.</li>
	<li>Оболочка предназначена для защиты чувствительных поверхностей.</li>
	<li>Благодаря защитной оболочке повышается коэффициент трения, что позволяет достичь высокого бокового трения сцепления.</li>
</ul></span>"
K0565 Магниты кольцевые с защитной оболочкой неодимовые;https://alterv.ru/catalog/magnity_postoyannye/k0565_magnity_so_skvoznym_otverstiem_i_zashchitnoy_obolochkoy/;Kipp;Главная > Каталог > Промышленная фурнитура > Магниты постоянные > K0565 Магниты кольцевые с защитной оболочкой неодимовые;https://alterv.ru/upload/iblock/a72/k0565_magnity.jpg;https://alterv.ru/upload/iblock/83a/Z09118_nn_ru_www_hkw.jpg;"<h2><span style=""font-size: 13pt;"">Материалы:</span></h2>
<ul>
	<li>Корпус из стали.</li>
	<li>Магнитный сердечник из неодима (NdFeB).</li>
	<li>Защитная оболочка из синтетической резины.</li>
</ul>
<hr>
<h2><span style=""font-size: 13pt;"">Исполнение:</span></h2>
<ul>
	<li>Дисковые экранированные магниты.</li>
	<li>Сталь оцинкованная.</li>
	<li>Синтетическая резина черного цвета.</li>
</ul>
<hr>
<h2><span style=""font-size: 13pt;"">Указания по применению:</span></h2>
<ul>
	<li>Данные магниты хорошо подходят в качестве креплений (держателей).</li>
	<li>Температура эксплуатации: до +60°C.</li>
	<li>Оболочка предназначена для защиты чувствительных поверхностей.</li>
	<li>Благодаря защитной оболочке повышается коэффициент трения, что позволяет достичь высокого бокового трения сцепления.</li>
</ul>";K0565.03;43;6;8,67;Под заказ;1828,22;;С фаской;7,5;;;12,8;4,2;;;;;;;;;;;;;;;"<span style=""font-family: 'Open Sans', sans-serif""><h2><span style=""font-size: 13pt"">Материалы:</span></h2>
<ul>
	<li>Корпус из стали.</li>
	<li>Магнитный сердечник из неодима (NdFeB).</li>
	<li>Защитная оболочка из синтетической резины.</li>
</ul>
<hr>
<h2><span style=""font-size: 13pt"">Исполнение:</span></h2>
<ul>
	<li>Дисковые экранированные магниты.</li>
	<li>Сталь оцинкованная.</li>
	<li>Синтетическая резина черного цвета.</li>
</ul>
<hr>
<h2><span style=""font-size: 13pt"">Указания по применению:</span></h2>
<ul>
	<li>Данные магниты хорошо подходят в качестве креплений (держателей).</li>
	<li>Температура эксплуатации: до +60°C.</li>
	<li>Оболочка предназначена для защиты чувствительных поверхностей.</li>
	<li>Благодаря защитной оболочке повышается коэффициент трения, что позволяет достичь высокого бокового трения сцепления.</li>
</ul></span>"
K0565 Магниты кольцевые с защитной оболочкой неодимовые;https://alterv.ru/catalog/magnity_postoyannye/k0565_magnity_so_skvoznym_otverstiem_i_zashchitnoy_obolochkoy/;Kipp;Главная > Каталог > Промышленная фурнитура > Магниты постоянные > K0565 Магниты кольцевые с защитной оболочкой неодимовые;https://alterv.ru/upload/iblock/a72/k0565_magnity.jpg;https://alterv.ru/upload/iblock/83a/Z09118_nn_ru_www_hkw.jpg;"<h2><span style=""font-size: 13pt;"">Материалы:</span></h2>
<ul>
	<li>Корпус из стали.</li>
	<li>Магнитный сердечник из неодима (NdFeB).</li>
	<li>Защитная оболочка из синтетической резины.</li>
</ul>
<hr>
<h2><span style=""font-size: 13pt;"">Исполнение:</span></h2>
<ul>
	<li>Дисковые экранированные магниты.</li>
	<li>Сталь оцинкованная.</li>
	<li>Синтетическая резина черного цвета.</li>
</ul>
<hr>
<h2><span style=""font-size: 13pt;"">Указания по применению:</span></h2>
<ul>
	<li>Данные магниты хорошо подходят в качестве креплений (держателей).</li>
	<li>Температура эксплуатации: до +60°C.</li>
	<li>Оболочка предназначена для защиты чувствительных поверхностей.</li>
	<li>Благодаря защитной оболочке повышается коэффициент трения, что позволяет достичь высокого бокового трения сцепления.</li>
</ul>";K0565.04;57;7,6;17,85;Под заказ;3369,47;;С цилиндрическими углублениями;8;;;25,3;3,3;;;;;;;;;;;;;;;"<span style=""font-family: 'Open Sans', sans-serif""><h2><span style=""font-size: 13pt"">Материалы:</span></h2>
<ul>
	<li>Корпус из стали.</li>
	<li>Магнитный сердечник из неодима (NdFeB).</li>
	<li>Защитная оболочка из синтетической резины.</li>
</ul>
<hr>
<h2><span style=""font-size: 13pt"">Исполнение:</span></h2>
<ul>
	<li>Дисковые экранированные магниты.</li>
	<li>Сталь оцинкованная.</li>
	<li>Синтетическая резина черного цвета.</li>
</ul>
<hr>
<h2><span style=""font-size: 13pt"">Указания по применению:</span></h2>
<ul>
	<li>Данные магниты хорошо подходят в качестве креплений (держателей).</li>
	<li>Температура эксплуатации: до +60°C.</li>
	<li>Оболочка предназначена для защиты чувствительных поверхностей.</li>
	<li>Благодаря защитной оболочке повышается коэффициент трения, что позволяет достичь высокого бокового трения сцепления.</li>
</ul></span>"
K0565 Магниты кольцевые с защитной оболочкой неодимовые;https://alterv.ru/catalog/magnity_postoyannye/k0565_magnity_so_skvoznym_otverstiem_i_zashchitnoy_obolochkoy/;Kipp;Главная > Каталог > Промышленная фурнитура > Магниты постоянные > K0565 Магниты кольцевые с защитной оболочкой неодимовые;https://alterv.ru/upload/iblock/a72/k0565_magnity.jpg;https://alterv.ru/upload/iblock/83a/Z09118_nn_ru_www_hkw.jpg;"<h2><span style=""font-size: 13pt;"">Материалы:</span></h2>
<ul>
	<li>Корпус из стали.</li>
	<li>Магнитный сердечник из неодима (NdFeB).</li>
	<li>Защитная оболочка из синтетической резины.</li>
</ul>
<hr>
<h2><span style=""font-size: 13pt;"">Исполнение:</span></h2>
<ul>
	<li>Дисковые экранированные магниты.</li>
	<li>Сталь оцинкованная.</li>
	<li>Синтетическая резина черного цвета.</li>
</ul>
<hr>
<h2><span style=""font-size: 13pt;"">Указания по применению:</span></h2>
<ul>
	<li>Данные магниты хорошо подходят в качестве креплений (держателей).</li>
	<li>Температура эксплуатации: до +60°C.</li>
	<li>Оболочка предназначена для защиты чувствительных поверхностей.</li>
	<li>Благодаря защитной оболочке повышается коэффициент трения, что позволяет достичь высокого бокового трения сцепления.</li>
</ul>";K0565.05;66;8,5;21,41;Под заказ;3489,81;;С цилиндрическими углублениями;5,5;;;22;3,2;;;;;;;;;;;;;;;"<span style=""font-family: 'Open Sans', sans-serif""><h2><span style=""font-size: 13pt"">Материалы:</span></h2>
<ul>
	<li>Корпус из стали.</li>
	<li>Магнитный сердечник из неодима (NdFeB).</li>
	<li>Защитная оболочка из синтетической резины.</li>
</ul>
<hr>
<h2><span style=""font-size: 13pt"">Исполнение:</span></h2>
<ul>
	<li>Дисковые экранированные магниты.</li>
	<li>Сталь оцинкованная.</li>
	<li>Синтетическая резина черного цвета.</li>
</ul>
<hr>
<h2><span style=""font-size: 13pt"">Указания по применению:</span></h2>
<ul>
	<li>Данные магниты хорошо подходят в качестве креплений (держателей).</li>
	<li>Температура эксплуатации: до +60°C.</li>
	<li>Оболочка предназначена для защиты чувствительных поверхностей.</li>
	<li>Благодаря защитной оболочке повышается коэффициент трения, что позволяет достичь высокого бокового трения сцепления.</li>
</ul></span>"
K1393 Магниты кольцевые с фаской неодимовые экранированные;https://alterv.ru/catalog/magnity_postoyannye/k1393_magnity_so_skvoznym_otverstiem_i_faskoy_neodimovye/;Kipp;Главная > Каталог > Промышленная фурнитура > Магниты постоянные > K1393 Магниты кольцевые с фаской неодимовые экранированные;https://alterv.ru/upload/iblock/252/k1393_magnity.jpg;https://alterv.ru/upload/iblock/54c/Z09071_nn_ru.jpg;"<h2><span style=""font-size: 13pt;"">Материалы:</span></h2>
<ul>
	<li>Корпус из стали.</li>
	<li>Магнитный сердечник из неодима (NdFeB).</li>
</ul>
<hr>
<h2><span style=""font-size: 13pt;"">Исполнение:</span></h2>
<ul>
	<li>Дисковые экранированные магниты.</li>
	<li>Сталь оцинкованная.</li>
</ul>
<hr>
<h2><span style=""font-size: 13pt;"">Указания по применению:</span></h2>
<ul>
	<li>Данные магниты хорошо подходят в качестве креплений (держателей).</li>
	<li>Температура эксплуатации: до +80°C.</li>
	<li>Неодим повышает силу сцепления в сравнении с самарием-кобальтом примерно на 10-20%.</li>
</ul>";K1393.13;13;4,5;4,08;Под заказ;689,63;;;6,6;;;3,5;;;;;;;;;;;;;;;;"<span style=""font-family: 'Open Sans', sans-serif""><h2><span style=""font-size: 13pt"">Материалы:</span></h2>
<ul>
	<li>Корпус из стали.</li>
	<li>Магнитный сердечник из неодима (NdFeB).</li>
</ul>
<hr>
<h2><span style=""font-size: 13pt"">Исполнение:</span></h2>
<ul>
	<li>Дисковые экранированные магниты.</li>
	<li>Сталь оцинкованная.</li>
</ul>
<hr>
<h2><span style=""font-size: 13pt"">Указания по применению:</span></h2>
<ul>
	<li>Данные магниты хорошо подходят в качестве креплений (держателей).</li>
	<li>Температура эксплуатации: до +80°C.</li>
	<li>Неодим повышает силу сцепления в сравнении с самарием-кобальтом примерно на 10-20%.</li>
</ul></span>"
K1393 Магниты кольцевые с фаской неодимовые экранированные;https://alterv.ru/catalog/magnity_postoyannye/k1393_magnity_so_skvoznym_otverstiem_i_faskoy_neodimovye/;Kipp;Главная > Каталог > Промышленная фурнитура > Магниты постоянные > K1393 Магниты кольцевые с фаской неодимовые экранированные;https://alterv.ru/upload/iblock/252/k1393_magnity.jpg;https://alterv.ru/upload/iblock/54c/Z09071_nn_ru.jpg;"<h2><span style=""font-size: 13pt;"">Материалы:</span></h2>
<ul>
	<li>Корпус из стали.</li>
	<li>Магнитный сердечник из неодима (NdFeB).</li>
</ul>
<hr>
<h2><span style=""font-size: 13pt;"">Исполнение:</span></h2>
<ul>
	<li>Дисковые экранированные магниты.</li>
	<li>Сталь оцинкованная.</li>
</ul>
<hr>
<h2><span style=""font-size: 13pt;"">Указания по применению:</span></h2>
<ul>
	<li>Данные магниты хорошо подходят в качестве креплений (держателей).</li>
	<li>Температура эксплуатации: до +80°C.</li>
	<li>Неодим повышает силу сцепления в сравнении с самарием-кобальтом примерно на 10-20%.</li>
</ul>";K1393.16;16;4,5;7,65;Под заказ;791,45;;;6,6;;;3,5;;;;;;;;;;;;;;;;"<span style=""font-family: 'Open Sans', sans-serif""><h2><span style=""font-size: 13pt"">Материалы:</span></h2>
<ul>
	<li>Корпус из стали.</li>
	<li>Магнитный сердечник из неодима (NdFeB).</li>
</ul>
<hr>
<h2><span style=""font-size: 13pt"">Исполнение:</span></h2>
<ul>
	<li>Дисковые экранированные магниты.</li>
	<li>Сталь оцинкованная.</li>
</ul>
<hr>
<h2><span style=""font-size: 13pt"">Указания по применению:</span></h2>
<ul>
	<li>Данные магниты хорошо подходят в качестве креплений (держателей).</li>
	<li>Температура эксплуатации: до +80°C.</li>
	<li>Неодим повышает силу сцепления в сравнении с самарием-кобальтом примерно на 10-20%.</li>
</ul></span>"
K1393 Магниты кольцевые с фаской неодимовые экранированные;https://alterv.ru/catalog/magnity_postoyannye/k1393_magnity_so_skvoznym_otverstiem_i_faskoy_neodimovye/;Kipp;Главная > Каталог > Промышленная фурнитура > Магниты постоянные > K1393 Магниты кольцевые с фаской неодимовые экранированные;https://alterv.ru/upload/iblock/252/k1393_magnity.jpg;https://alterv.ru/upload/iblock/54c/Z09071_nn_ru.jpg;"<h2><span style=""font-size: 13pt;"">Материалы:</span></h2>
<ul>
	<li>Корпус из стали.</li>
	<li>Магнитный сердечник из неодима (NdFeB).</li>
</ul>
<hr>
<h2><span style=""font-size: 13pt;"">Исполнение:</span></h2>
<ul>
	<li>Дисковые экранированные магниты.</li>
	<li>Сталь оцинкованная.</li>
</ul>
<hr>
<h2><span style=""font-size: 13pt;"">Указания по применению:</span></h2>
<ul>
	<li>Данные магниты хорошо подходят в качестве креплений (держателей).</li>
	<li>Температура эксплуатации: до +80°C.</li>
	<li>Неодим повышает силу сцепления в сравнении с самарием-кобальтом примерно на 10-20%.</li>
</ul>";K1393.20;20;6;10,71;Под заказ;1073,8;;;9;;;4,5;;;;;;;;;;;;;;;;"<span style=""font-family: 'Open Sans', sans-serif""><h2><span style=""font-size: 13pt"">Материалы:</span></h2>
<ul>
	<li>Корпус из стали.</li>
	<li>Магнитный сердечник из неодима (NdFeB).</li>
</ul>
<hr>
<h2><span style=""font-size: 13pt"">Исполнение:</span></h2>
<ul>
	<li>Дисковые экранированные магниты.</li>
	<li>Сталь оцинкованная.</li>
</ul>
<hr>
<h2><span style=""font-size: 13pt"">Указания по применению:</span></h2>
<ul>
	<li>Данные магниты хорошо подходят в качестве креплений (держателей).</li>
	<li>Температура эксплуатации: до +80°C.</li>
	<li>Неодим повышает силу сцепления в сравнении с самарием-кобальтом примерно на 10-20%.</li>
</ul></span>"
K1393 Магниты кольцевые с фаской неодимовые экранированные;https://alterv.ru/catalog/magnity_postoyannye/k1393_magnity_so_skvoznym_otverstiem_i_faskoy_neodimovye/;Kipp;Главная > Каталог > Промышленная фурнитура > Магниты постоянные > K1393 Магниты кольцевые с фаской неодимовые экранированные;https://alterv.ru/upload/iblock/252/k1393_magnity.jpg;https://alterv.ru/upload/iblock/54c/Z09071_nn_ru.jpg;"<h2><span style=""font-size: 13pt;"">Материалы:</span></h2>
<ul>
	<li>Корпус из стали.</li>
	<li>Магнитный сердечник из неодима (NdFeB).</li>
</ul>
<hr>
<h2><span style=""font-size: 13pt;"">Исполнение:</span></h2>
<ul>
	<li>Дисковые экранированные магниты.</li>
	<li>Сталь оцинкованная.</li>
</ul>
<hr>
<h2><span style=""font-size: 13pt;"">Указания по применению:</span></h2>
<ul>
	<li>Данные магниты хорошо подходят в качестве креплений (держателей).</li>
	<li>Температура эксплуатации: до +80°C.</li>
	<li>Неодим повышает силу сцепления в сравнении с самарием-кобальтом примерно на 10-20%.</li>
</ul>";K1393.25;25;7;16,32;Под заказ;1411,67;;;9;;;4,5;;;;;;;;;;;;;;;;"<span style=""font-family: 'Open Sans', sans-serif""><h2><span style=""font-size: 13pt"">Материалы:</span></h2>
<ul>
	<li>Корпус из стали.</li>
	<li>Магнитный сердечник из неодима (NdFeB).</li>
</ul>
<hr>
<h2><span style=""font-size: 13pt"">Исполнение:</span></h2>
<ul>
	<li>Дисковые экранированные магниты.</li>
	<li>Сталь оцинкованная.</li>
</ul>
<hr>
<h2><span style=""font-size: 13pt"">Указания по применению:</span></h2>
<ul>
	<li>Данные магниты хорошо подходят в качестве креплений (держателей).</li>
	<li>Температура эксплуатации: до +80°C.</li>
	<li>Неодим повышает силу сцепления в сравнении с самарием-кобальтом примерно на 10-20%.</li>
</ul></span>"
K1393 Магниты кольцевые с фаской неодимовые экранированные;https://alterv.ru/catalog/magnity_postoyannye/k1393_magnity_so_skvoznym_otverstiem_i_faskoy_neodimovye/;Kipp;Главная > Каталог > Промышленная фурнитура > Магниты постоянные > K1393 Магниты кольцевые с фаской неодимовые экранированные;https://alterv.ru/upload/iblock/252/k1393_magnity.jpg;https://alterv.ru/upload/iblock/54c/Z09071_nn_ru.jpg;"<h2><span style=""font-size: 13pt;"">Материалы:</span></h2>
<ul>
	<li>Корпус из стали.</li>
	<li>Магнитный сердечник из неодима (NdFeB).</li>
</ul>
<hr>
<h2><span style=""font-size: 13pt;"">Исполнение:</span></h2>
<ul>
	<li>Дисковые экранированные магниты.</li>
	<li>Сталь оцинкованная.</li>
</ul>
<hr>
<h2><span style=""font-size: 13pt;"">Указания по применению:</span></h2>
<ul>
	<li>Данные магниты хорошо подходят в качестве креплений (держателей).</li>
	<li>Температура эксплуатации: до +80°C.</li>
	<li>Неодим повышает силу сцепления в сравнении с самарием-кобальтом примерно на 10-20%.</li>
</ul>";K1393.32;32;7;31,61;Под заказ;2203,12;;;11;;;5,5;;;;;;;;;;;;;;;;"<span style=""font-family: 'Open Sans', sans-serif""><h2><span style=""font-size: 13pt"">Материалы:</span></h2>
<ul>
	<li>Корпус из стали.</li>
	<li>Магнитный сердечник из неодима (NdFeB).</li>
</ul>
<hr>
<h2><span style=""font-size: 13pt"">Исполнение:</span></h2>
<ul>
	<li>Дисковые экранированные магниты.</li>
	<li>Сталь оцинкованная.</li>
</ul>
<hr>
<h2><span style=""font-size: 13pt"">Указания по применению:</span></h2>
<ul>
	<li>Данные магниты хорошо подходят в качестве креплений (держателей).</li>
	<li>Температура эксплуатации: до +80°C.</li>
	<li>Неодим повышает силу сцепления в сравнении с самарием-кобальтом примерно на 10-20%.</li>
</ul></span>"
K1393 Магниты кольцевые с фаской неодимовые экранированные;https://alterv.ru/catalog/magnity_postoyannye/k1393_magnity_so_skvoznym_otverstiem_i_faskoy_neodimovye/;Kipp;Главная > Каталог > Промышленная фурнитура > Магниты постоянные > K1393 Магниты кольцевые с фаской неодимовые экранированные;https://alterv.ru/upload/iblock/252/k1393_magnity.jpg;https://alterv.ru/upload/iblock/54c/Z09071_nn_ru.jpg;"<h2><span style=""font-size: 13pt;"">Материалы:</span></h2>
<ul>
	<li>Корпус из стали.</li>
	<li>Магнитный сердечник из неодима (NdFeB).</li>
</ul>
<hr>
<h2><span style=""font-size: 13pt;"">Исполнение:</span></h2>
<ul>
	<li>Дисковые экранированные магниты.</li>
	<li>Сталь оцинкованная.</li>
</ul>
<hr>
<h2><span style=""font-size: 13pt;"">Указания по применению:</span></h2>
<ul>
	<li>Данные магниты хорошо подходят в качестве креплений (держателей).</li>
	<li>Температура эксплуатации: до +80°C.</li>
	<li>Неодим повышает силу сцепления в сравнении с самарием-кобальтом примерно на 10-20%.</li>
</ul>";K1393.40;40;8;50,99;Под заказ;3179,71;;;10,6;;;5,5;;;;;;;;;;;;;;;;"<span style=""font-family: 'Open Sans', sans-serif""><h2><span style=""font-size: 13pt"">Материалы:</span></h2>
<ul>
	<li>Корпус из стали.</li>
	<li>Магнитный сердечник из неодима (NdFeB).</li>
</ul>
<hr>
<h2><span style=""font-size: 13pt"">Исполнение:</span></h2>
<ul>
	<li>Дисковые экранированные магниты.</li>
	<li>Сталь оцинкованная.</li>
</ul>
<hr>
<h2><span style=""font-size: 13pt"">Указания по применению:</span></h2>
<ul>
	<li>Данные магниты хорошо подходят в качестве креплений (держателей).</li>
	<li>Температура эксплуатации: до +80°C.</li>
	<li>Неодим повышает силу сцепления в сравнении с самарием-кобальтом примерно на 10-20%.</li>
</ul></span>"
K1394 Магниты со сквозной резьбой ферритовые;https://alterv.ru/catalog/magnity_postoyannye/k1394_magnity_so_skvoznoy_rezboy_ferritovye/;Kipp;Главная > Каталог > Промышленная фурнитура > Магниты постоянные > K1394 Магниты со сквозной резьбой ферритовые;https://alterv.ru/upload/iblock/2f5/k1394_magnity_diskovye.jpg;https://alterv.ru/upload/iblock/b0f/Z09072_10_K1394.jpg;"<h2><span style=""font-size: 13pt;"">Материалы:</span></h2>
<ul>
	<li>Корпус из стали.</li>
	<li>Магнитный сердечник из твердого феррита.</li>
</ul>
<hr>
<h2><span style=""font-size: 13pt;"">Исполнение:</span></h2>
<ul>
	<li>Экранированные магниты.</li>
	<li>Сталь оцинкованная.</li>
</ul>
<hr>
<h2><span style=""font-size: 13pt;"">Указания по применению:</span></h2>
<ul>
	<li>Данные магниты хорошо подходят в качестве креплений (держателей).</li>
	<li>Температура эксплуатации: до +200°C.</li>
</ul>";K1394.2504;25 ±0,15;7;3,67;Под заказ;638,72;;;;;;M4;;;;;;;;;;;;;;;;"<span style=""font-family: 'Open Sans', sans-serif""><h2><span style=""font-size: 13pt"">Материалы:</span></h2>
<ul>
	<li>Корпус из стали.</li>
	<li>Магнитный сердечник из твердого феррита.</li>
</ul>
<hr>
<h2><span style=""font-size: 13pt"">Исполнение:</span></h2>
<ul>
	<li>Экранированные магниты.</li>
	<li>Сталь оцинкованная.</li>
</ul>
<hr>
<h2><span style=""font-size: 13pt"">Указания по применению:</span></h2>
<ul>
	<li>Данные магниты хорошо подходят в качестве креплений (держателей).</li>
	<li>Температура эксплуатации: до +200°C.</li>
</ul></span>"
K1394 Магниты со сквозной резьбой ферритовые;https://alterv.ru/catalog/magnity_postoyannye/k1394_magnity_so_skvoznoy_rezboy_ferritovye/;Kipp;Главная > Каталог > Промышленная фурнитура > Магниты постоянные > K1394 Магниты со сквозной резьбой ферритовые;https://alterv.ru/upload/iblock/2f5/k1394_magnity_diskovye.jpg;https://alterv.ru/upload/iblock/b0f/Z09072_10_K1394.jpg;"<h2><span style=""font-size: 13pt;"">Материалы:</span></h2>
<ul>
	<li>Корпус из стали.</li>
	<li>Магнитный сердечник из твердого феррита.</li>
</ul>
<hr>
<h2><span style=""font-size: 13pt;"">Исполнение:</span></h2>
<ul>
	<li>Экранированные магниты.</li>
	<li>Сталь оцинкованная.</li>
</ul>
<hr>
<h2><span style=""font-size: 13pt;"">Указания по применению:</span></h2>
<ul>
	<li>Данные магниты хорошо подходят в качестве креплений (держателей).</li>
	<li>Температура эксплуатации: до +200°C.</li>
</ul>";K1394.3204;32 ±0,2;7;7,65;Под заказ;689,63;;;;;;M4;;;;;;;;;;;;;;;;"<span style=""font-family: 'Open Sans', sans-serif""><h2><span style=""font-size: 13pt"">Материалы:</span></h2>
<ul>
	<li>Корпус из стали.</li>
	<li>Магнитный сердечник из твердого феррита.</li>
</ul>
<hr>
<h2><span style=""font-size: 13pt"">Исполнение:</span></h2>
<ul>
	<li>Экранированные магниты.</li>
	<li>Сталь оцинкованная.</li>
</ul>
<hr>
<h2><span style=""font-size: 13pt"">Указания по применению:</span></h2>
<ul>
	<li>Данные магниты хорошо подходят в качестве креплений (держателей).</li>
	<li>Температура эксплуатации: до +200°C.</li>
</ul></span>"
K1394 Магниты со сквозной резьбой ферритовые;https://alterv.ru/catalog/magnity_postoyannye/k1394_magnity_so_skvoznoy_rezboy_ferritovye/;Kipp;Главная > Каталог > Промышленная фурнитура > Магниты постоянные > K1394 Магниты со сквозной резьбой ферритовые;https://alterv.ru/upload/iblock/2f5/k1394_magnity_diskovye.jpg;https://alterv.ru/upload/iblock/b0f/Z09072_10_K1394.jpg;"<h2><span style=""font-size: 13pt;"">Материалы:</span></h2>
<ul>
	<li>Корпус из стали.</li>
	<li>Магнитный сердечник из твердого феррита.</li>
</ul>
<hr>
<h2><span style=""font-size: 13pt;"">Исполнение:</span></h2>
<ul>
	<li>Экранированные магниты.</li>
	<li>Сталь оцинкованная.</li>
</ul>
<hr>
<h2><span style=""font-size: 13pt;"">Указания по применению:</span></h2>
<ul>
	<li>Данные магниты хорошо подходят в качестве креплений (держателей).</li>
	<li>Температура эксплуатации: до +200°C.</li>
</ul>";K1394.4004;40 ±0,2;8;9,18;Под заказ;897,9;;;;;;M4;;;;;;;;;;;;;;;;"<span style=""font-family: 'Open Sans', sans-serif""><h2><span style=""font-size: 13pt"">Материалы:</span></h2>
<ul>
	<li>Корпус из стали.</li>
	<li>Магнитный сердечник из твердого феррита.</li>
</ul>
<hr>
<h2><span style=""font-size: 13pt"">Исполнение:</span></h2>
<ul>
	<li>Экранированные магниты.</li>
	<li>Сталь оцинкованная.</li>
</ul>
<hr>
<h2><span style=""font-size: 13pt"">Указания по применению:</span></h2>
<ul>
	<li>Данные магниты хорошо подходят в качестве креплений (держателей).</li>
	<li>Температура эксплуатации: до +200°C.</li>
</ul></span>"
K1394 Магниты со сквозной резьбой ферритовые;https://alterv.ru/catalog/magnity_postoyannye/k1394_magnity_so_skvoznoy_rezboy_ferritovye/;Kipp;Главная > Каталог > Промышленная фурнитура > Магниты постоянные > K1394 Магниты со сквозной резьбой ферритовые;https://alterv.ru/upload/iblock/2f5/k1394_magnity_diskovye.jpg;https://alterv.ru/upload/iblock/b0f/Z09072_10_K1394.jpg;"<h2><span style=""font-size: 13pt;"">Материалы:</span></h2>
<ul>
	<li>Корпус из стали.</li>
	<li>Магнитный сердечник из твердого феррита.</li>
</ul>
<hr>
<h2><span style=""font-size: 13pt;"">Исполнение:</span></h2>
<ul>
	<li>Экранированные магниты.</li>
	<li>Сталь оцинкованная.</li>
</ul>
<hr>
<h2><span style=""font-size: 13pt;"">Указания по применению:</span></h2>
<ul>
	<li>Данные магниты хорошо подходят в качестве креплений (держателей).</li>
	<li>Температура эксплуатации: до +200°C.</li>
</ul>";K1394.5006;50 ±0,2;10;17,34;Под заказ;1106,19;;;;;;M6;;;;;;;;;;;;;;;;"<span style=""font-family: 'Open Sans', sans-serif""><h2><span style=""font-size: 13pt"">Материалы:</span></h2>
<ul>
	<li>Корпус из стали.</li>
	<li>Магнитный сердечник из твердого феррита.</li>
</ul>
<hr>
<h2><span style=""font-size: 13pt"">Исполнение:</span></h2>
<ul>
	<li>Экранированные магниты.</li>
	<li>Сталь оцинкованная.</li>
</ul>
<hr>
<h2><span style=""font-size: 13pt"">Указания по применению:</span></h2>
<ul>
	<li>Данные магниты хорошо подходят в качестве креплений (держателей).</li>
	<li>Температура эксплуатации: до +200°C.</li>
</ul></span>"
K1394 Магниты со сквозной резьбой ферритовые;https://alterv.ru/catalog/magnity_postoyannye/k1394_magnity_so_skvoznoy_rezboy_ferritovye/;Kipp;Главная > Каталог > Промышленная фурнитура > Магниты постоянные > K1394 Магниты со сквозной резьбой ферритовые;https://alterv.ru/upload/iblock/2f5/k1394_magnity_diskovye.jpg;https://alterv.ru/upload/iblock/b0f/Z09072_10_K1394.jpg;"<h2><span style=""font-size: 13pt;"">Материалы:</span></h2>
<ul>
	<li>Корпус из стали.</li>
	<li>Магнитный сердечник из твердого феррита.</li>
</ul>
<hr>
<h2><span style=""font-size: 13pt;"">Исполнение:</span></h2>
<ul>
	<li>Экранированные магниты.</li>
	<li>Сталь оцинкованная.</li>
</ul>
<hr>
<h2><span style=""font-size: 13pt;"">Указания по применению:</span></h2>
<ul>
	<li>Данные магниты хорошо подходят в качестве креплений (держателей).</li>
	<li>Температура эксплуатации: до +200°C.</li>
</ul>";K1394.5008;50 ±0,2;10;17,34;Под заказ;1217,28;;;;;;M8;;;;;;;;;;;;;;;;"<span style=""font-family: 'Open Sans', sans-serif""><h2><span style=""font-size: 13pt"">Материалы:</span></h2>
<ul>
	<li>Корпус из стали.</li>
	<li>Магнитный сердечник из твердого феррита.</li>
</ul>
<hr>
<h2><span style=""font-size: 13pt"">Исполнение:</span></h2>
<ul>
	<li>Экранированные магниты.</li>
	<li>Сталь оцинкованная.</li>
</ul>
<hr>
<h2><span style=""font-size: 13pt"">Указания по применению:</span></h2>
<ul>
	<li>Данные магниты хорошо подходят в качестве креплений (держателей).</li>
	<li>Температура эксплуатации: до +200°C.</li>
</ul></span>"
K1394 Магниты со сквозной резьбой ферритовые;https://alterv.ru/catalog/magnity_postoyannye/k1394_magnity_so_skvoznoy_rezboy_ferritovye/;Kipp;Главная > Каталог > Промышленная фурнитура > Магниты постоянные > K1394 Магниты со сквозной резьбой ферритовые;https://alterv.ru/upload/iblock/2f5/k1394_magnity_diskovye.jpg;https://alterv.ru/upload/iblock/b0f/Z09072_10_K1394.jpg;"<h2><span style=""font-size: 13pt;"">Материалы:</span></h2>
<ul>
	<li>Корпус из стали.</li>
	<li>Магнитный сердечник из твердого феррита.</li>
</ul>
<hr>
<h2><span style=""font-size: 13pt;"">Исполнение:</span></h2>
<ul>
	<li>Экранированные магниты.</li>
	<li>Сталь оцинкованная.</li>
</ul>
<hr>
<h2><span style=""font-size: 13pt;"">Указания по применению:</span></h2>
<ul>
	<li>Данные магниты хорошо подходят в качестве креплений (держателей).</li>
	<li>Температура эксплуатации: до +200°C.</li>
</ul>";K1394.6308;63 ±0,20;14;29,57;Под заказ;2022,61;;;;;;M8;;;;;;;;;;;;;;;;"<span style=""font-family: 'Open Sans', sans-serif""><h2><span style=""font-size: 13pt"">Материалы:</span></h2>
<ul>
	<li>Корпус из стали.</li>
	<li>Магнитный сердечник из твердого феррита.</li>
</ul>
<hr>
<h2><span style=""font-size: 13pt"">Исполнение:</span></h2>
<ul>
	<li>Экранированные магниты.</li>
	<li>Сталь оцинкованная.</li>
</ul>
<hr>
<h2><span style=""font-size: 13pt"">Указания по применению:</span></h2>
<ul>
	<li>Данные магниты хорошо подходят в качестве креплений (держателей).</li>
	<li>Температура эксплуатации: до +200°C.</li>
</ul></span>"
K1394 Магниты со сквозной резьбой ферритовые;https://alterv.ru/catalog/magnity_postoyannye/k1394_magnity_so_skvoznoy_rezboy_ferritovye/;Kipp;Главная > Каталог > Промышленная фурнитура > Магниты постоянные > K1394 Магниты со сквозной резьбой ферритовые;https://alterv.ru/upload/iblock/2f5/k1394_magnity_diskovye.jpg;https://alterv.ru/upload/iblock/b0f/Z09072_10_K1394.jpg;"<h2><span style=""font-size: 13pt;"">Материалы:</span></h2>
<ul>
	<li>Корпус из стали.</li>
	<li>Магнитный сердечник из твердого феррита.</li>
</ul>
<hr>
<h2><span style=""font-size: 13pt;"">Исполнение:</span></h2>
<ul>
	<li>Экранированные магниты.</li>
	<li>Сталь оцинкованная.</li>
</ul>
<hr>
<h2><span style=""font-size: 13pt;"">Указания по применению:</span></h2>
<ul>
	<li>Данные магниты хорошо подходят в качестве креплений (держателей).</li>
	<li>Температура эксплуатации: до +200°C.</li>
</ul>";K1394.8008;80 ±0,25;18;56,08;Под заказ;3286,17;;;;;;M8;;;;;;;;;;;;;;;;"<span style=""font-family: 'Open Sans', sans-serif""><h2><span style=""font-size: 13pt"">Материалы:</span></h2>
<ul>
	<li>Корпус из стали.</li>
	<li>Магнитный сердечник из твердого феррита.</li>
</ul>
<hr>
<h2><span style=""font-size: 13pt"">Исполнение:</span></h2>
<ul>
	<li>Экранированные магниты.</li>
	<li>Сталь оцинкованная.</li>
</ul>
<hr>
<h2><span style=""font-size: 13pt"">Указания по применению:</span></h2>
<ul>
	<li>Данные магниты хорошо подходят в качестве креплений (держателей).</li>
	<li>Температура эксплуатации: до +200°C.</li>
</ul></span>"
K1394 Магниты со сквозной резьбой ферритовые;https://alterv.ru/catalog/magnity_postoyannye/k1394_magnity_so_skvoznoy_rezboy_ferritovye/;Kipp;Главная > Каталог > Промышленная фурнитура > Магниты постоянные > K1394 Магниты со сквозной резьбой ферритовые;https://alterv.ru/upload/iblock/2f5/k1394_magnity_diskovye.jpg;https://alterv.ru/upload/iblock/b0f/Z09072_10_K1394.jpg;"<h2><span style=""font-size: 13pt;"">Материалы:</span></h2>
<ul>
	<li>Корпус из стали.</li>
	<li>Магнитный сердечник из твердого феррита.</li>
</ul>
<hr>
<h2><span style=""font-size: 13pt;"">Исполнение:</span></h2>
<ul>
	<li>Экранированные магниты.</li>
	<li>Сталь оцинкованная.</li>
</ul>
<hr>
<h2><span style=""font-size: 13pt;"">Указания по применению:</span></h2>
<ul>
	<li>Данные магниты хорошо подходят в качестве креплений (держателей).</li>
	<li>Температура эксплуатации: до +200°C.</li>
</ul>";K1394.8010;80 ±0,25;18;56,08;Под заказ;3346,34;;;;;;M10;;;;;;;;;;;;;;;;"<span style=""font-family: 'Open Sans', sans-serif""><h2><span style=""font-size: 13pt"">Материалы:</span></h2>
<ul>
	<li>Корпус из стали.</li>
	<li>Магнитный сердечник из твердого феррита.</li>
</ul>
<hr>
<h2><span style=""font-size: 13pt"">Исполнение:</span></h2>
<ul>
	<li>Экранированные магниты.</li>
	<li>Сталь оцинкованная.</li>
</ul>
<hr>
<h2><span style=""font-size: 13pt"">Указания по применению:</span></h2>
<ul>
	<li>Данные магниты хорошо подходят в качестве креплений (держателей).</li>
	<li>Температура эксплуатации: до +200°C.</li>
</ul></span>"
K1397 Магниты с наружной резьбой и защитной поверхностью;https://alterv.ru/catalog/magnity_postoyannye/k1397_magnity_s_naruzhnoy_rezboy_i_zashchitnoy_poverkhnostyu/;Kipp;Главная > Каталог > Промышленная фурнитура > Магниты постоянные > K1397 Магниты с наружной резьбой и защитной поверхностью;https://alterv.ru/upload/iblock/093/k1397_magnity.jpg;https://alterv.ru/upload/iblock/475/Z09117_K1397.jpg;"<h2><span style=""font-size: 13pt;"">Материалы:</span></h2>
<ul>
	<li>Корпус из нержавеющей стали 1.4104.</li>
	<li>Магнитный сердечник из неодима (NdFeB).</li>
	<li>Защитная поверхность из резины (TPE).</li>
</ul>
<hr>
<h2><span style=""font-size: 13pt;"">Исполнение:</span></h2>
<ul>
	<li>Цилиндрические экранированные магниты.</li>
</ul>
<hr>
<h2><span style=""font-size: 13pt;"">Указания по применению:</span></h2>
<ul>
	<li>Температура эксплуатации: до +80°C.</li>
	<li>Резиновая поверхность предназначена для защиты чувствительных поверхностей.</li>
	<li>Благодаря защитной поверхности повышается коэффициент трения, что позволяет достичь высокого бокового трения сцепления.</li>
	<li>Магниты с наружной резьбой и защитной поверхностью хорошо подходят для использования в качестве магнитной системы упоров.</li>
</ul>";K1397.1306;13;16;1,53;Под заказ;2883,5;;;;;10;M6;;;;;;;;;;;;11;;;;"<span style=""font-family: 'Open Sans', sans-serif""><h2><span style=""font-size: 13pt"">Материалы:</span></h2>
<ul>
	<li>Корпус из нержавеющей стали 1.4104.</li>
	<li>Магнитный сердечник из неодима (NdFeB).</li>
	<li>Защитная поверхность из резины (TPE).</li>
</ul>
<hr>
<h2><span style=""font-size: 13pt"">Исполнение:</span></h2>
<ul>
	<li>Цилиндрические экранированные магниты.</li>
</ul>
<hr>
<h2><span style=""font-size: 13pt"">Указания по применению:</span></h2>
<ul>
	<li>Температура эксплуатации: до +80°C.</li>
	<li>Резиновая поверхность предназначена для защиты чувствительных поверхностей.</li>
	<li>Благодаря защитной поверхности повышается коэффициент трения, что позволяет достичь высокого бокового трения сцепления.</li>
	<li>Магниты с наружной резьбой и защитной поверхностью хорошо подходят для использования в качестве магнитной системы упоров.</li>
</ul></span>"
K1397 Магниты с наружной резьбой и защитной поверхностью;https://alterv.ru/catalog/magnity_postoyannye/k1397_magnity_s_naruzhnoy_rezboy_i_zashchitnoy_poverkhnostyu/;Kipp;Главная > Каталог > Промышленная фурнитура > Магниты постоянные > K1397 Магниты с наружной резьбой и защитной поверхностью;https://alterv.ru/upload/iblock/093/k1397_magnity.jpg;https://alterv.ru/upload/iblock/475/Z09117_K1397.jpg;"<h2><span style=""font-size: 13pt;"">Материалы:</span></h2>
<ul>
	<li>Корпус из нержавеющей стали 1.4104.</li>
	<li>Магнитный сердечник из неодима (NdFeB).</li>
	<li>Защитная поверхность из резины (TPE).</li>
</ul>
<hr>
<h2><span style=""font-size: 13pt;"">Исполнение:</span></h2>
<ul>
	<li>Цилиндрические экранированные магниты.</li>
</ul>
<hr>
<h2><span style=""font-size: 13pt;"">Указания по применению:</span></h2>
<ul>
	<li>Температура эксплуатации: до +80°C.</li>
	<li>Резиновая поверхность предназначена для защиты чувствительных поверхностей.</li>
	<li>Благодаря защитной поверхности повышается коэффициент трения, что позволяет достичь высокого бокового трения сцепления.</li>
	<li>Магниты с наружной резьбой и защитной поверхностью хорошо подходят для использования в качестве магнитной системы упоров.</li>
</ul>";K1397.1608;16;18;2,35;Под заказ;3466,67;;;;;12;M8;;;;;;;;;;;;13;;;;"<span style=""font-family: 'Open Sans', sans-serif""><h2><span style=""font-size: 13pt"">Материалы:</span></h2>
<ul>
	<li>Корпус из нержавеющей стали 1.4104.</li>
	<li>Магнитный сердечник из неодима (NdFeB).</li>
	<li>Защитная поверхность из резины (TPE).</li>
</ul>
<hr>
<h2><span style=""font-size: 13pt"">Исполнение:</span></h2>
<ul>
	<li>Цилиндрические экранированные магниты.</li>
</ul>
<hr>
<h2><span style=""font-size: 13pt"">Указания по применению:</span></h2>
<ul>
	<li>Температура эксплуатации: до +80°C.</li>
	<li>Резиновая поверхность предназначена для защиты чувствительных поверхностей.</li>
	<li>Благодаря защитной поверхности повышается коэффициент трения, что позволяет достичь высокого бокового трения сцепления.</li>
	<li>Магниты с наружной резьбой и защитной поверхностью хорошо подходят для использования в качестве магнитной системы упоров.</li>
</ul></span>"
K1397 Магниты с наружной резьбой и защитной поверхностью;https://alterv.ru/catalog/magnity_postoyannye/k1397_magnity_s_naruzhnoy_rezboy_i_zashchitnoy_poverkhnostyu/;Kipp;Главная > Каталог > Промышленная фурнитура > Магниты постоянные > K1397 Магниты с наружной резьбой и защитной поверхностью;https://alterv.ru/upload/iblock/093/k1397_magnity.jpg;https://alterv.ru/upload/iblock/475/Z09117_K1397.jpg;"<h2><span style=""font-size: 13pt;"">Материалы:</span></h2>
<ul>
	<li>Корпус из нержавеющей стали 1.4104.</li>
	<li>Магнитный сердечник из неодима (NdFeB).</li>
	<li>Защитная поверхность из резины (TPE).</li>
</ul>
<hr>
<h2><span style=""font-size: 13pt;"">Исполнение:</span></h2>
<ul>
	<li>Цилиндрические экранированные магниты.</li>
</ul>
<hr>
<h2><span style=""font-size: 13pt;"">Указания по применению:</span></h2>
<ul>
	<li>Температура эксплуатации: до +80°C.</li>
	<li>Резиновая поверхность предназначена для защиты чувствительных поверхностей.</li>
	<li>Благодаря защитной поверхности повышается коэффициент трения, что позволяет достичь высокого бокового трения сцепления.</li>
	<li>Магниты с наружной резьбой и защитной поверхностью хорошо подходят для использования в качестве магнитной системы упоров.</li>
</ul>";K1397.2010;20;20;4,69;Под заказ;4258,12;;;;;14;M10;;;;;;;;;;;;17;;;;"<span style=""font-family: 'Open Sans', sans-serif""><h2><span style=""font-size: 13pt"">Материалы:</span></h2>
<ul>
	<li>Корпус из нержавеющей стали 1.4104.</li>
	<li>Магнитный сердечник из неодима (NdFeB).</li>
	<li>Защитная поверхность из резины (TPE).</li>
</ul>
<hr>
<h2><span style=""font-size: 13pt"">Исполнение:</span></h2>
<ul>
	<li>Цилиндрические экранированные магниты.</li>
</ul>
<hr>
<h2><span style=""font-size: 13pt"">Указания по применению:</span></h2>
<ul>
	<li>Температура эксплуатации: до +80°C.</li>
	<li>Резиновая поверхность предназначена для защиты чувствительных поверхностей.</li>
	<li>Благодаря защитной поверхности повышается коэффициент трения, что позволяет достичь высокого бокового трения сцепления.</li>
	<li>Магниты с наружной резьбой и защитной поверхностью хорошо подходят для использования в качестве магнитной системы упоров.</li>
</ul></span>"
K1398 Магниты для магнитных досок ферритовые;https://alterv.ru/catalog/magnity_postoyannye/k1398_magnity_dlya_magnitnykh_dosok_ferritovye/;Kipp;Главная > Каталог > Промышленная фурнитура > Магниты постоянные > K1398 Магниты для магнитных досок ферритовые;https://alterv.ru/upload/iblock/8b4/k1398_magnity.jpg;https://alterv.ru/upload/iblock/928/Z09119_K1398.jpg;"<h2><span style=""font-size: 13pt;"">Материалы:</span></h2>
<ul>
	<li>Корпус из полимера (ABS).</li>
	<li>Магнитный сердечник из твердого феррита.</li>
</ul>
<hr>
<h2><span style=""font-size: 13pt;"">Исполнение:</span></h2>
<ul>
	<li>Цвет полимера (на выбор): белый, синий, красный, черный.</li>
</ul>
<hr>
<h2><span style=""font-size: 13pt;"">Указания по применению:</span></h2>
<ul>
	<li>Данные магниты хорошо подходят в качестве креплений (держателей).</li>
	<li>Температура эксплуатации: до +100°C.</li>
	<li>Данные магниты хорошо подходят для использования на магнитно-маркерных досках, электронных белых досках и на магнитных досках.</li>
</ul>";K1398.101;10,5;7;0,07;Под заказ;236,05;;;;1,5;;9,5;;;;;;;;;;;;;Белый;;;"<span style=""font-family: 'Open Sans', sans-serif""><h2><span style=""font-size: 13pt"">Материалы:</span></h2>
<ul>
	<li>Корпус из полимера (ABS).</li>
	<li>Магнитный сердечник из твердого феррита.</li>
</ul>
<hr>
<h2><span style=""font-size: 13pt"">Исполнение:</span></h2>
<ul>
	<li>Цвет полимера (на выбор): белый, синий, красный, черный.</li>
</ul>
<hr>
<h2><span style=""font-size: 13pt"">Указания по применению:</span></h2>
<ul>
	<li>Данные магниты хорошо подходят в качестве креплений (держателей).</li>
	<li>Температура эксплуатации: до +100°C.</li>
	<li>Данные магниты хорошо подходят для использования на магнитно-маркерных досках, электронных белых досках и на магнитных досках.</li>
</ul></span>"
K1398 Магниты для магнитных досок ферритовые;https://alterv.ru/catalog/magnity_postoyannye/k1398_magnity_dlya_magnitnykh_dosok_ferritovye/;Kipp;Главная > Каталог > Промышленная фурнитура > Магниты постоянные > K1398 Магниты для магнитных досок ферритовые;https://alterv.ru/upload/iblock/8b4/k1398_magnity.jpg;https://alterv.ru/upload/iblock/928/Z09119_K1398.jpg;"<h2><span style=""font-size: 13pt;"">Материалы:</span></h2>
<ul>
	<li>Корпус из полимера (ABS).</li>
	<li>Магнитный сердечник из твердого феррита.</li>
</ul>
<hr>
<h2><span style=""font-size: 13pt;"">Исполнение:</span></h2>
<ul>
	<li>Цвет полимера (на выбор): белый, синий, красный, черный.</li>
</ul>
<hr>
<h2><span style=""font-size: 13pt;"">Указания по применению:</span></h2>
<ul>
	<li>Данные магниты хорошо подходят в качестве креплений (держателей).</li>
	<li>Температура эксплуатации: до +100°C.</li>
	<li>Данные магниты хорошо подходят для использования на магнитно-маркерных досках, электронных белых досках и на магнитных досках.</li>
</ul>";K1398.102;10,5;7;0,07;Под заказ;236,05;;;;1,5;;9,5;;;;;;;;;;;;;Синий;;;"<span style=""font-family: 'Open Sans', sans-serif""><h2><span style=""font-size: 13pt"">Материалы:</span></h2>
<ul>
	<li>Корпус из полимера (ABS).</li>
	<li>Магнитный сердечник из твердого феррита.</li>
</ul>
<hr>
<h2><span style=""font-size: 13pt"">Исполнение:</span></h2>
<ul>
	<li>Цвет полимера (на выбор): белый, синий, красный, черный.</li>
</ul>
<hr>
<h2><span style=""font-size: 13pt"">Указания по применению:</span></h2>
<ul>
	<li>Данные магниты хорошо подходят в качестве креплений (держателей).</li>
	<li>Температура эксплуатации: до +100°C.</li>
	<li>Данные магниты хорошо подходят для использования на магнитно-маркерных досках, электронных белых досках и на магнитных досках.</li>
</ul></span>"
K1398 Магниты для магнитных досок ферритовые;https://alterv.ru/catalog/magnity_postoyannye/k1398_magnity_dlya_magnitnykh_dosok_ferritovye/;Kipp;Главная > Каталог > Промышленная фурнитура > Магниты постоянные > K1398 Магниты для магнитных досок ферритовые;https://alterv.ru/upload/iblock/8b4/k1398_magnity.jpg;https://alterv.ru/upload/iblock/928/Z09119_K1398.jpg;"<h2><span style=""font-size: 13pt;"">Материалы:</span></h2>
<ul>
	<li>Корпус из полимера (ABS).</li>
	<li>Магнитный сердечник из твердого феррита.</li>
</ul>
<hr>
<h2><span style=""font-size: 13pt;"">Исполнение:</span></h2>
<ul>
	<li>Цвет полимера (на выбор): белый, синий, красный, черный.</li>
</ul>
<hr>
<h2><span style=""font-size: 13pt;"">Указания по применению:</span></h2>
<ul>
	<li>Данные магниты хорошо подходят в качестве креплений (держателей).</li>
	<li>Температура эксплуатации: до +100°C.</li>
	<li>Данные магниты хорошо подходят для использования на магнитно-маркерных досках, электронных белых досках и на магнитных досках.</li>
</ul>";K1398.103;10,5;7;0,07;Под заказ;236,05;;;;1,5;;9,5;;;;;;;;;;;;;Красный;;;"<span style=""font-family: 'Open Sans', sans-serif""><h2><span style=""font-size: 13pt"">Материалы:</span></h2>
<ul>
	<li>Корпус из полимера (ABS).</li>
	<li>Магнитный сердечник из твердого феррита.</li>
</ul>
<hr>
<h2><span style=""font-size: 13pt"">Исполнение:</span></h2>
<ul>
	<li>Цвет полимера (на выбор): белый, синий, красный, черный.</li>
</ul>
<hr>
<h2><span style=""font-size: 13pt"">Указания по применению:</span></h2>
<ul>
	<li>Данные магниты хорошо подходят в качестве креплений (держателей).</li>
	<li>Температура эксплуатации: до +100°C.</li>
	<li>Данные магниты хорошо подходят для использования на магнитно-маркерных досках, электронных белых досках и на магнитных досках.</li>
</ul></span>"
K1398 Магниты для магнитных досок ферритовые;https://alterv.ru/catalog/magnity_postoyannye/k1398_magnity_dlya_magnitnykh_dosok_ferritovye/;Kipp;Главная > Каталог > Промышленная фурнитура > Магниты постоянные > K1398 Магниты для магнитных досок ферритовые;https://alterv.ru/upload/iblock/8b4/k1398_magnity.jpg;https://alterv.ru/upload/iblock/928/Z09119_K1398.jpg;"<h2><span style=""font-size: 13pt;"">Материалы:</span></h2>
<ul>
	<li>Корпус из полимера (ABS).</li>
	<li>Магнитный сердечник из твердого феррита.</li>
</ul>
<hr>
<h2><span style=""font-size: 13pt;"">Исполнение:</span></h2>
<ul>
	<li>Цвет полимера (на выбор): белый, синий, красный, черный.</li>
</ul>
<hr>
<h2><span style=""font-size: 13pt;"">Указания по применению:</span></h2>
<ul>
	<li>Данные магниты хорошо подходят в качестве креплений (держателей).</li>
	<li>Температура эксплуатации: до +100°C.</li>
	<li>Данные магниты хорошо подходят для использования на магнитно-маркерных досках, электронных белых досках и на магнитных досках.</li>
</ul>";K1398.104;10,5;7;0,07;Под заказ;236,05;;;;1,5;;9,5;;;;;;;;;;;;;Черный;;;"<span style=""font-family: 'Open Sans', sans-serif""><h2><span style=""font-size: 13pt"">Материалы:</span></h2>
<ul>
	<li>Корпус из полимера (ABS).</li>
	<li>Магнитный сердечник из твердого феррита.</li>
</ul>
<hr>
<h2><span style=""font-size: 13pt"">Исполнение:</span></h2>
<ul>
	<li>Цвет полимера (на выбор): белый, синий, красный, черный.</li>
</ul>
<hr>
<h2><span style=""font-size: 13pt"">Указания по применению:</span></h2>
<ul>
	<li>Данные магниты хорошо подходят в качестве креплений (держателей).</li>
	<li>Температура эксплуатации: до +100°C.</li>
	<li>Данные магниты хорошо подходят для использования на магнитно-маркерных досках, электронных белых досках и на магнитных досках.</li>
</ul></span>"
K1398 Магниты для магнитных досок ферритовые;https://alterv.ru/catalog/magnity_postoyannye/k1398_magnity_dlya_magnitnykh_dosok_ferritovye/;Kipp;Главная > Каталог > Промышленная фурнитура > Магниты постоянные > K1398 Магниты для магнитных досок ферритовые;https://alterv.ru/upload/iblock/8b4/k1398_magnity.jpg;https://alterv.ru/upload/iblock/928/Z09119_K1398.jpg;"<h2><span style=""font-size: 13pt;"">Материалы:</span></h2>
<ul>
	<li>Корпус из полимера (ABS).</li>
	<li>Магнитный сердечник из твердого феррита.</li>
</ul>
<hr>
<h2><span style=""font-size: 13pt;"">Исполнение:</span></h2>
<ul>
	<li>Цвет полимера (на выбор): белый, синий, красный, черный.</li>
</ul>
<hr>
<h2><span style=""font-size: 13pt;"">Указания по применению:</span></h2>
<ul>
	<li>Данные магниты хорошо подходят в качестве креплений (держателей).</li>
	<li>Температура эксплуатации: до +100°C.</li>
	<li>Данные магниты хорошо подходят для использования на магнитно-маркерных досках, электронных белых досках и на магнитных досках.</li>
</ul>";K1398.161;16;7;0,13;Под заказ;254,57;;;;1,1;;14,5;;;;;;;;;;;;;Белый;;;"<span style=""font-family: 'Open Sans', sans-serif""><h2><span style=""font-size: 13pt"">Материалы:</span></h2>
<ul>
	<li>Корпус из полимера (ABS).</li>
	<li>Магнитный сердечник из твердого феррита.</li>
</ul>
<hr>
<h2><span style=""font-size: 13pt"">Исполнение:</span></h2>
<ul>
	<li>Цвет полимера (на выбор): белый, синий, красный, черный.</li>
</ul>
<hr>
<h2><span style=""font-size: 13pt"">Указания по применению:</span></h2>
<ul>
	<li>Данные магниты хорошо подходят в качестве креплений (держателей).</li>
	<li>Температура эксплуатации: до +100°C.</li>
	<li>Данные магниты хорошо подходят для использования на магнитно-маркерных досках, электронных белых досках и на магнитных досках.</li>
</ul></span>"
K1398 Магниты для магнитных досок ферритовые;https://alterv.ru/catalog/magnity_postoyannye/k1398_magnity_dlya_magnitnykh_dosok_ferritovye/;Kipp;Главная > Каталог > Промышленная фурнитура > Магниты постоянные > K1398 Магниты для магнитных досок ферритовые;https://alterv.ru/upload/iblock/8b4/k1398_magnity.jpg;https://alterv.ru/upload/iblock/928/Z09119_K1398.jpg;"<h2><span style=""font-size: 13pt;"">Материалы:</span></h2>
<ul>
	<li>Корпус из полимера (ABS).</li>
	<li>Магнитный сердечник из твердого феррита.</li>
</ul>
<hr>
<h2><span style=""font-size: 13pt;"">Исполнение:</span></h2>
<ul>
	<li>Цвет полимера (на выбор): белый, синий, красный, черный.</li>
</ul>
<hr>
<h2><span style=""font-size: 13pt;"">Указания по применению:</span></h2>
<ul>
	<li>Данные магниты хорошо подходят в качестве креплений (держателей).</li>
	<li>Температура эксплуатации: до +100°C.</li>
	<li>Данные магниты хорошо подходят для использования на магнитно-маркерных досках, электронных белых досках и на магнитных досках.</li>
</ul>";K1398.162;16;7;0,13;Под заказ;254,57;;;;1,1;;14,5;;;;;;;;;;;;;Синий;;;"<span style=""font-family: 'Open Sans', sans-serif""><h2><span style=""font-size: 13pt"">Материалы:</span></h2>
<ul>
	<li>Корпус из полимера (ABS).</li>
	<li>Магнитный сердечник из твердого феррита.</li>
</ul>
<hr>
<h2><span style=""font-size: 13pt"">Исполнение:</span></h2>
<ul>
	<li>Цвет полимера (на выбор): белый, синий, красный, черный.</li>
</ul>
<hr>
<h2><span style=""font-size: 13pt"">Указания по применению:</span></h2>
<ul>
	<li>Данные магниты хорошо подходят в качестве креплений (держателей).</li>
	<li>Температура эксплуатации: до +100°C.</li>
	<li>Данные магниты хорошо подходят для использования на магнитно-маркерных досках, электронных белых досках и на магнитных досках.</li>
</ul></span>"
K1398 Магниты для магнитных досок ферритовые;https://alterv.ru/catalog/magnity_postoyannye/k1398_magnity_dlya_magnitnykh_dosok_ferritovye/;Kipp;Главная > Каталог > Промышленная фурнитура > Магниты постоянные > K1398 Магниты для магнитных досок ферритовые;https://alterv.ru/upload/iblock/8b4/k1398_magnity.jpg;https://alterv.ru/upload/iblock/928/Z09119_K1398.jpg;"<h2><span style=""font-size: 13pt;"">Материалы:</span></h2>
<ul>
	<li>Корпус из полимера (ABS).</li>
	<li>Магнитный сердечник из твердого феррита.</li>
</ul>
<hr>
<h2><span style=""font-size: 13pt;"">Исполнение:</span></h2>
<ul>
	<li>Цвет полимера (на выбор): белый, синий, красный, черный.</li>
</ul>
<hr>
<h2><span style=""font-size: 13pt;"">Указания по применению:</span></h2>
<ul>
	<li>Данные магниты хорошо подходят в качестве креплений (держателей).</li>
	<li>Температура эксплуатации: до +100°C.</li>
	<li>Данные магниты хорошо подходят для использования на магнитно-маркерных досках, электронных белых досках и на магнитных досках.</li>
</ul>";K1398.163;16;7;0,13;Под заказ;254,57;;;;1,1;;14,5;;;;;;;;;;;;;Красный;;;"<span style=""font-family: 'Open Sans', sans-serif""><h2><span style=""font-size: 13pt"">Материалы:</span></h2>
<ul>
	<li>Корпус из полимера (ABS).</li>
	<li>Магнитный сердечник из твердого феррита.</li>
</ul>
<hr>
<h2><span style=""font-size: 13pt"">Исполнение:</span></h2>
<ul>
	<li>Цвет полимера (на выбор): белый, синий, красный, черный.</li>
</ul>
<hr>
<h2><span style=""font-size: 13pt"">Указания по применению:</span></h2>
<ul>
	<li>Данные магниты хорошо подходят в качестве креплений (держателей).</li>
	<li>Температура эксплуатации: до +100°C.</li>
	<li>Данные магниты хорошо подходят для использования на магнитно-маркерных досках, электронных белых досках и на магнитных досках.</li>
</ul></span>"
K1398 Магниты для магнитных досок ферритовые;https://alterv.ru/catalog/magnity_postoyannye/k1398_magnity_dlya_magnitnykh_dosok_ferritovye/;Kipp;Главная > Каталог > Промышленная фурнитура > Магниты постоянные > K1398 Магниты для магнитных досок ферритовые;https://alterv.ru/upload/iblock/8b4/k1398_magnity.jpg;https://alterv.ru/upload/iblock/928/Z09119_K1398.jpg;"<h2><span style=""font-size: 13pt;"">Материалы:</span></h2>
<ul>
	<li>Корпус из полимера (ABS).</li>
	<li>Магнитный сердечник из твердого феррита.</li>
</ul>
<hr>
<h2><span style=""font-size: 13pt;"">Исполнение:</span></h2>
<ul>
	<li>Цвет полимера (на выбор): белый, синий, красный, черный.</li>
</ul>
<hr>
<h2><span style=""font-size: 13pt;"">Указания по применению:</span></h2>
<ul>
	<li>Данные магниты хорошо подходят в качестве креплений (держателей).</li>
	<li>Температура эксплуатации: до +100°C.</li>
	<li>Данные магниты хорошо подходят для использования на магнитно-маркерных досках, электронных белых досках и на магнитных досках.</li>
</ul>";K1398.164;16;7;0,13;Под заказ;254,57;;;;1,1;;14,5;;;;;;;;;;;;;Черный;;;"<span style=""font-family: 'Open Sans', sans-serif""><h2><span style=""font-size: 13pt"">Материалы:</span></h2>
<ul>
	<li>Корпус из полимера (ABS).</li>
	<li>Магнитный сердечник из твердого феррита.</li>
</ul>
<hr>
<h2><span style=""font-size: 13pt"">Исполнение:</span></h2>
<ul>
	<li>Цвет полимера (на выбор): белый, синий, красный, черный.</li>
</ul>
<hr>
<h2><span style=""font-size: 13pt"">Указания по применению:</span></h2>
<ul>
	<li>Данные магниты хорошо подходят в качестве креплений (держателей).</li>
	<li>Температура эксплуатации: до +100°C.</li>
	<li>Данные магниты хорошо подходят для использования на магнитно-маркерных досках, электронных белых досках и на магнитных досках.</li>
</ul></span>"
K1398 Магниты для магнитных досок ферритовые;https://alterv.ru/catalog/magnity_postoyannye/k1398_magnity_dlya_magnitnykh_dosok_ferritovye/;Kipp;Главная > Каталог > Промышленная фурнитура > Магниты постоянные > K1398 Магниты для магнитных досок ферритовые;https://alterv.ru/upload/iblock/8b4/k1398_magnity.jpg;https://alterv.ru/upload/iblock/928/Z09119_K1398.jpg;"<h2><span style=""font-size: 13pt;"">Материалы:</span></h2>
<ul>
	<li>Корпус из полимера (ABS).</li>
	<li>Магнитный сердечник из твердого феррита.</li>
</ul>
<hr>
<h2><span style=""font-size: 13pt;"">Исполнение:</span></h2>
<ul>
	<li>Цвет полимера (на выбор): белый, синий, красный, черный.</li>
</ul>
<hr>
<h2><span style=""font-size: 13pt;"">Указания по применению:</span></h2>
<ul>
	<li>Данные магниты хорошо подходят в качестве креплений (держателей).</li>
	<li>Температура эксплуатации: до +100°C.</li>
	<li>Данные магниты хорошо подходят для использования на магнитно-маркерных досках, электронных белых досках и на магнитных досках.</li>
</ul>";K1398.201;20;7;0,15;Под заказ;277,69;;;;2,1;;16;;;;;;;;;;;;;Белый;;;"<span style=""font-family: 'Open Sans', sans-serif""><h2><span style=""font-size: 13pt"">Материалы:</span></h2>
<ul>
	<li>Корпус из полимера (ABS).</li>
	<li>Магнитный сердечник из твердого феррита.</li>
</ul>
<hr>
<h2><span style=""font-size: 13pt"">Исполнение:</span></h2>
<ul>
	<li>Цвет полимера (на выбор): белый, синий, красный, черный.</li>
</ul>
<hr>
<h2><span style=""font-size: 13pt"">Указания по применению:</span></h2>
<ul>
	<li>Данные магниты хорошо подходят в качестве креплений (держателей).</li>
	<li>Температура эксплуатации: до +100°C.</li>
	<li>Данные магниты хорошо подходят для использования на магнитно-маркерных досках, электронных белых досках и на магнитных досках.</li>
</ul></span>"
K1398 Магниты для магнитных досок ферритовые;https://alterv.ru/catalog/magnity_postoyannye/k1398_magnity_dlya_magnitnykh_dosok_ferritovye/;Kipp;Главная > Каталог > Промышленная фурнитура > Магниты постоянные > K1398 Магниты для магнитных досок ферритовые;https://alterv.ru/upload/iblock/8b4/k1398_magnity.jpg;https://alterv.ru/upload/iblock/928/Z09119_K1398.jpg;"<h2><span style=""font-size: 13pt;"">Материалы:</span></h2>
<ul>
	<li>Корпус из полимера (ABS).</li>
	<li>Магнитный сердечник из твердого феррита.</li>
</ul>
<hr>
<h2><span style=""font-size: 13pt;"">Исполнение:</span></h2>
<ul>
	<li>Цвет полимера (на выбор): белый, синий, красный, черный.</li>
</ul>
<hr>
<h2><span style=""font-size: 13pt;"">Указания по применению:</span></h2>
<ul>
	<li>Данные магниты хорошо подходят в качестве креплений (держателей).</li>
	<li>Температура эксплуатации: до +100°C.</li>
	<li>Данные магниты хорошо подходят для использования на магнитно-маркерных досках, электронных белых досках и на магнитных досках.</li>
</ul>";K1398.202;20;7;0,15;Под заказ;277,69;;;;2,1;;16;;;;;;;;;;;;;Синий;;;"<span style=""font-family: 'Open Sans', sans-serif""><h2><span style=""font-size: 13pt"">Материалы:</span></h2>
<ul>
	<li>Корпус из полимера (ABS).</li>
	<li>Магнитный сердечник из твердого феррита.</li>
</ul>
<hr>
<h2><span style=""font-size: 13pt"">Исполнение:</span></h2>
<ul>
	<li>Цвет полимера (на выбор): белый, синий, красный, черный.</li>
</ul>
<hr>
<h2><span style=""font-size: 13pt"">Указания по применению:</span></h2>
<ul>
	<li>Данные магниты хорошо подходят в качестве креплений (держателей).</li>
	<li>Температура эксплуатации: до +100°C.</li>
	<li>Данные магниты хорошо подходят для использования на магнитно-маркерных досках, электронных белых досках и на магнитных досках.</li>
</ul></span>"
K1398 Магниты для магнитных досок ферритовые;https://alterv.ru/catalog/magnity_postoyannye/k1398_magnity_dlya_magnitnykh_dosok_ferritovye/;Kipp;Главная > Каталог > Промышленная фурнитура > Магниты постоянные > K1398 Магниты для магнитных досок ферритовые;https://alterv.ru/upload/iblock/8b4/k1398_magnity.jpg;https://alterv.ru/upload/iblock/928/Z09119_K1398.jpg;"<h2><span style=""font-size: 13pt;"">Материалы:</span></h2>
<ul>
	<li>Корпус из полимера (ABS).</li>
	<li>Магнитный сердечник из твердого феррита.</li>
</ul>
<hr>
<h2><span style=""font-size: 13pt;"">Исполнение:</span></h2>
<ul>
	<li>Цвет полимера (на выбор): белый, синий, красный, черный.</li>
</ul>
<hr>
<h2><span style=""font-size: 13pt;"">Указания по применению:</span></h2>
<ul>
	<li>Данные магниты хорошо подходят в качестве креплений (держателей).</li>
	<li>Температура эксплуатации: до +100°C.</li>
	<li>Данные магниты хорошо подходят для использования на магнитно-маркерных досках, электронных белых досках и на магнитных досках.</li>
</ul>";K1398.203;20;7;0,15;Под заказ;277,69;;;;2,1;;16;;;;;;;;;;;;;Красный;;;"<span style=""font-family: 'Open Sans', sans-serif""><h2><span style=""font-size: 13pt"">Материалы:</span></h2>
<ul>
	<li>Корпус из полимера (ABS).</li>
	<li>Магнитный сердечник из твердого феррита.</li>
</ul>
<hr>
<h2><span style=""font-size: 13pt"">Исполнение:</span></h2>
<ul>
	<li>Цвет полимера (на выбор): белый, синий, красный, черный.</li>
</ul>
<hr>
<h2><span style=""font-size: 13pt"">Указания по применению:</span></h2>
<ul>
	<li>Данные магниты хорошо подходят в качестве креплений (держателей).</li>
	<li>Температура эксплуатации: до +100°C.</li>
	<li>Данные магниты хорошо подходят для использования на магнитно-маркерных досках, электронных белых досках и на магнитных досках.</li>
</ul></span>"
K1398 Магниты для магнитных досок ферритовые;https://alterv.ru/catalog/magnity_postoyannye/k1398_magnity_dlya_magnitnykh_dosok_ferritovye/;Kipp;Главная > Каталог > Промышленная фурнитура > Магниты постоянные > K1398 Магниты для магнитных досок ферритовые;https://alterv.ru/upload/iblock/8b4/k1398_magnity.jpg;https://alterv.ru/upload/iblock/928/Z09119_K1398.jpg;"<h2><span style=""font-size: 13pt;"">Материалы:</span></h2>
<ul>
	<li>Корпус из полимера (ABS).</li>
	<li>Магнитный сердечник из твердого феррита.</li>
</ul>
<hr>
<h2><span style=""font-size: 13pt;"">Исполнение:</span></h2>
<ul>
	<li>Цвет полимера (на выбор): белый, синий, красный, черный.</li>
</ul>
<hr>
<h2><span style=""font-size: 13pt;"">Указания по применению:</span></h2>
<ul>
	<li>Данные магниты хорошо подходят в качестве креплений (держателей).</li>
	<li>Температура эксплуатации: до +100°C.</li>
	<li>Данные магниты хорошо подходят для использования на магнитно-маркерных досках, электронных белых досках и на магнитных досках.</li>
</ul>";K1398.204;20;7;0,15;Под заказ;277,69;;;;2,1;;16;;;;;;;;;;;;;Черный;;;"<span style=""font-family: 'Open Sans', sans-serif""><h2><span style=""font-size: 13pt"">Материалы:</span></h2>
<ul>
	<li>Корпус из полимера (ABS).</li>
	<li>Магнитный сердечник из твердого феррита.</li>
</ul>
<hr>
<h2><span style=""font-size: 13pt"">Исполнение:</span></h2>
<ul>
	<li>Цвет полимера (на выбор): белый, синий, красный, черный.</li>
</ul>
<hr>
<h2><span style=""font-size: 13pt"">Указания по применению:</span></h2>
<ul>
	<li>Данные магниты хорошо подходят в качестве креплений (держателей).</li>
	<li>Температура эксплуатации: до +100°C.</li>
	<li>Данные магниты хорошо подходят для использования на магнитно-маркерных досках, электронных белых досках и на магнитных досках.</li>
</ul></span>"
K1398 Магниты для магнитных досок ферритовые;https://alterv.ru/catalog/magnity_postoyannye/k1398_magnity_dlya_magnitnykh_dosok_ferritovye/;Kipp;Главная > Каталог > Промышленная фурнитура > Магниты постоянные > K1398 Магниты для магнитных досок ферритовые;https://alterv.ru/upload/iblock/8b4/k1398_magnity.jpg;https://alterv.ru/upload/iblock/928/Z09119_K1398.jpg;"<h2><span style=""font-size: 13pt;"">Материалы:</span></h2>
<ul>
	<li>Корпус из полимера (ABS).</li>
	<li>Магнитный сердечник из твердого феррита.</li>
</ul>
<hr>
<h2><span style=""font-size: 13pt;"">Исполнение:</span></h2>
<ul>
	<li>Цвет полимера (на выбор): белый, синий, красный, черный.</li>
</ul>
<hr>
<h2><span style=""font-size: 13pt;"">Указания по применению:</span></h2>
<ul>
	<li>Данные магниты хорошо подходят в качестве креплений (держателей).</li>
	<li>Температура эксплуатации: до +100°C.</li>
	<li>Данные магниты хорошо подходят для использования на магнитно-маркерных досках, электронных белых досках и на магнитных досках.</li>
</ul>";K1398.251;25;8;1,02;Под заказ;296,23;;;;2,2;;22;;;;;;;;;;;;;Белый;;;"<span style=""font-family: 'Open Sans', sans-serif""><h2><span style=""font-size: 13pt"">Материалы:</span></h2>
<ul>
	<li>Корпус из полимера (ABS).</li>
	<li>Магнитный сердечник из твердого феррита.</li>
</ul>
<hr>
<h2><span style=""font-size: 13pt"">Исполнение:</span></h2>
<ul>
	<li>Цвет полимера (на выбор): белый, синий, красный, черный.</li>
</ul>
<hr>
<h2><span style=""font-size: 13pt"">Указания по применению:</span></h2>
<ul>
	<li>Данные магниты хорошо подходят в качестве креплений (держателей).</li>
	<li>Температура эксплуатации: до +100°C.</li>
	<li>Данные магниты хорошо подходят для использования на магнитно-маркерных досках, электронных белых досках и на магнитных досках.</li>
</ul></span>"
K1398 Магниты для магнитных досок ферритовые;https://alterv.ru/catalog/magnity_postoyannye/k1398_magnity_dlya_magnitnykh_dosok_ferritovye/;Kipp;Главная > Каталог > Промышленная фурнитура > Магниты постоянные > K1398 Магниты для магнитных досок ферритовые;https://alterv.ru/upload/iblock/8b4/k1398_magnity.jpg;https://alterv.ru/upload/iblock/928/Z09119_K1398.jpg;"<h2><span style=""font-size: 13pt;"">Материалы:</span></h2>
<ul>
	<li>Корпус из полимера (ABS).</li>
	<li>Магнитный сердечник из твердого феррита.</li>
</ul>
<hr>
<h2><span style=""font-size: 13pt;"">Исполнение:</span></h2>
<ul>
	<li>Цвет полимера (на выбор): белый, синий, красный, черный.</li>
</ul>
<hr>
<h2><span style=""font-size: 13pt;"">Указания по применению:</span></h2>
<ul>
	<li>Данные магниты хорошо подходят в качестве креплений (держателей).</li>
	<li>Температура эксплуатации: до +100°C.</li>
	<li>Данные магниты хорошо подходят для использования на магнитно-маркерных досках, электронных белых досках и на магнитных досках.</li>
</ul>";K1398.252;25;8;1,02;Под заказ;296,23;;;;2,2;;22;;;;;;;;;;;;;Синий;;;"<span style=""font-family: 'Open Sans', sans-serif""><h2><span style=""font-size: 13pt"">Материалы:</span></h2>
<ul>
	<li>Корпус из полимера (ABS).</li>
	<li>Магнитный сердечник из твердого феррита.</li>
</ul>
<hr>
<h2><span style=""font-size: 13pt"">Исполнение:</span></h2>
<ul>
	<li>Цвет полимера (на выбор): белый, синий, красный, черный.</li>
</ul>
<hr>
<h2><span style=""font-size: 13pt"">Указания по применению:</span></h2>
<ul>
	<li>Данные магниты хорошо подходят в качестве креплений (держателей).</li>
	<li>Температура эксплуатации: до +100°C.</li>
	<li>Данные магниты хорошо подходят для использования на магнитно-маркерных досках, электронных белых досках и на магнитных досках.</li>
</ul></span>"
K1398 Магниты для магнитных досок ферритовые;https://alterv.ru/catalog/magnity_postoyannye/k1398_magnity_dlya_magnitnykh_dosok_ferritovye/;Kipp;Главная > Каталог > Промышленная фурнитура > Магниты постоянные > K1398 Магниты для магнитных досок ферритовые;https://alterv.ru/upload/iblock/8b4/k1398_magnity.jpg;https://alterv.ru/upload/iblock/928/Z09119_K1398.jpg;"<h2><span style=""font-size: 13pt;"">Материалы:</span></h2>
<ul>
	<li>Корпус из полимера (ABS).</li>
	<li>Магнитный сердечник из твердого феррита.</li>
</ul>
<hr>
<h2><span style=""font-size: 13pt;"">Исполнение:</span></h2>
<ul>
	<li>Цвет полимера (на выбор): белый, синий, красный, черный.</li>
</ul>
<hr>
<h2><span style=""font-size: 13pt;"">Указания по применению:</span></h2>
<ul>
	<li>Данные магниты хорошо подходят в качестве креплений (держателей).</li>
	<li>Температура эксплуатации: до +100°C.</li>
	<li>Данные магниты хорошо подходят для использования на магнитно-маркерных досках, электронных белых досках и на магнитных досках.</li>
</ul>";K1398.253;25;8;1,02;Под заказ;296,23;;;;2,2;;22;;;;;;;;;;;;;Красный;;;"<span style=""font-family: 'Open Sans', sans-serif""><h2><span style=""font-size: 13pt"">Материалы:</span></h2>
<ul>
	<li>Корпус из полимера (ABS).</li>
	<li>Магнитный сердечник из твердого феррита.</li>
</ul>
<hr>
<h2><span style=""font-size: 13pt"">Исполнение:</span></h2>
<ul>
	<li>Цвет полимера (на выбор): белый, синий, красный, черный.</li>
</ul>
<hr>
<h2><span style=""font-size: 13pt"">Указания по применению:</span></h2>
<ul>
	<li>Данные магниты хорошо подходят в качестве креплений (держателей).</li>
	<li>Температура эксплуатации: до +100°C.</li>
	<li>Данные магниты хорошо подходят для использования на магнитно-маркерных досках, электронных белых досках и на магнитных досках.</li>
</ul></span>"
K1398 Магниты для магнитных досок ферритовые;https://alterv.ru/catalog/magnity_postoyannye/k1398_magnity_dlya_magnitnykh_dosok_ferritovye/;Kipp;Главная > Каталог > Промышленная фурнитура > Магниты постоянные > K1398 Магниты для магнитных досок ферритовые;https://alterv.ru/upload/iblock/8b4/k1398_magnity.jpg;https://alterv.ru/upload/iblock/928/Z09119_K1398.jpg;"<h2><span style=""font-size: 13pt;"">Материалы:</span></h2>
<ul>
	<li>Корпус из полимера (ABS).</li>
	<li>Магнитный сердечник из твердого феррита.</li>
</ul>
<hr>
<h2><span style=""font-size: 13pt;"">Исполнение:</span></h2>
<ul>
	<li>Цвет полимера (на выбор): белый, синий, красный, черный.</li>
</ul>
<hr>
<h2><span style=""font-size: 13pt;"">Указания по применению:</span></h2>
<ul>
	<li>Данные магниты хорошо подходят в качестве креплений (держателей).</li>
	<li>Температура эксплуатации: до +100°C.</li>
	<li>Данные магниты хорошо подходят для использования на магнитно-маркерных досках, электронных белых досках и на магнитных досках.</li>
</ul>";K1398.254;25;8;1,02;Под заказ;296,23;;;;2,2;;22;;;;;;;;;;;;;Черный;;;"<span style=""font-family: 'Open Sans', sans-serif""><h2><span style=""font-size: 13pt"">Материалы:</span></h2>
<ul>
	<li>Корпус из полимера (ABS).</li>
	<li>Магнитный сердечник из твердого феррита.</li>
</ul>
<hr>
<h2><span style=""font-size: 13pt"">Исполнение:</span></h2>
<ul>
	<li>Цвет полимера (на выбор): белый, синий, красный, черный.</li>
</ul>
<hr>
<h2><span style=""font-size: 13pt"">Указания по применению:</span></h2>
<ul>
	<li>Данные магниты хорошо подходят в качестве креплений (держателей).</li>
	<li>Температура эксплуатации: до +100°C.</li>
	<li>Данные магниты хорошо подходят для использования на магнитно-маркерных досках, электронных белых досках и на магнитных досках.</li>
</ul></span>"
K1398 Магниты для магнитных досок ферритовые;https://alterv.ru/catalog/magnity_postoyannye/k1398_magnity_dlya_magnitnykh_dosok_ferritovye/;Kipp;Главная > Каталог > Промышленная фурнитура > Магниты постоянные > K1398 Магниты для магнитных досок ферритовые;https://alterv.ru/upload/iblock/8b4/k1398_magnity.jpg;https://alterv.ru/upload/iblock/928/Z09119_K1398.jpg;"<h2><span style=""font-size: 13pt;"">Материалы:</span></h2>
<ul>
	<li>Корпус из полимера (ABS).</li>
	<li>Магнитный сердечник из твердого феррита.</li>
</ul>
<hr>
<h2><span style=""font-size: 13pt;"">Исполнение:</span></h2>
<ul>
	<li>Цвет полимера (на выбор): белый, синий, красный, черный.</li>
</ul>
<hr>
<h2><span style=""font-size: 13pt;"">Указания по применению:</span></h2>
<ul>
	<li>Данные магниты хорошо подходят в качестве креплений (держателей).</li>
	<li>Температура эксплуатации: до +100°C.</li>
	<li>Данные магниты хорошо подходят для использования на магнитно-маркерных досках, электронных белых досках и на магнитных досках.</li>
</ul>";K1398.301;30;8;1,43;Под заказ;314,73;;;;2;;28;;;;;;;;;;;;;Белый;;;"<span style=""font-family: 'Open Sans', sans-serif""><h2><span style=""font-size: 13pt"">Материалы:</span></h2>
<ul>
	<li>Корпус из полимера (ABS).</li>
	<li>Магнитный сердечник из твердого феррита.</li>
</ul>
<hr>
<h2><span style=""font-size: 13pt"">Исполнение:</span></h2>
<ul>
	<li>Цвет полимера (на выбор): белый, синий, красный, черный.</li>
</ul>
<hr>
<h2><span style=""font-size: 13pt"">Указания по применению:</span></h2>
<ul>
	<li>Данные магниты хорошо подходят в качестве креплений (держателей).</li>
	<li>Температура эксплуатации: до +100°C.</li>
	<li>Данные магниты хорошо подходят для использования на магнитно-маркерных досках, электронных белых досках и на магнитных досках.</li>
</ul></span>"
K1398 Магниты для магнитных досок ферритовые;https://alterv.ru/catalog/magnity_postoyannye/k1398_magnity_dlya_magnitnykh_dosok_ferritovye/;Kipp;Главная > Каталог > Промышленная фурнитура > Магниты постоянные > K1398 Магниты для магнитных досок ферритовые;https://alterv.ru/upload/iblock/8b4/k1398_magnity.jpg;https://alterv.ru/upload/iblock/928/Z09119_K1398.jpg;"<h2><span style=""font-size: 13pt;"">Материалы:</span></h2>
<ul>
	<li>Корпус из полимера (ABS).</li>
	<li>Магнитный сердечник из твердого феррита.</li>
</ul>
<hr>
<h2><span style=""font-size: 13pt;"">Исполнение:</span></h2>
<ul>
	<li>Цвет полимера (на выбор): белый, синий, красный, черный.</li>
</ul>
<hr>
<h2><span style=""font-size: 13pt;"">Указания по применению:</span></h2>
<ul>
	<li>Данные магниты хорошо подходят в качестве креплений (держателей).</li>
	<li>Температура эксплуатации: до +100°C.</li>
	<li>Данные магниты хорошо подходят для использования на магнитно-маркерных досках, электронных белых досках и на магнитных досках.</li>
</ul>";K1398.302;30;8;1,43;Под заказ;314,73;;;;2;;28;;;;;;;;;;;;;Синий;;;"<span style=""font-family: 'Open Sans', sans-serif""><h2><span style=""font-size: 13pt"">Материалы:</span></h2>
<ul>
	<li>Корпус из полимера (ABS).</li>
	<li>Магнитный сердечник из твердого феррита.</li>
</ul>
<hr>
<h2><span style=""font-size: 13pt"">Исполнение:</span></h2>
<ul>
	<li>Цвет полимера (на выбор): белый, синий, красный, черный.</li>
</ul>
<hr>
<h2><span style=""font-size: 13pt"">Указания по применению:</span></h2>
<ul>
	<li>Данные магниты хорошо подходят в качестве креплений (держателей).</li>
	<li>Температура эксплуатации: до +100°C.</li>
	<li>Данные магниты хорошо подходят для использования на магнитно-маркерных досках, электронных белых досках и на магнитных досках.</li>
</ul></span>"
K1398 Магниты для магнитных досок ферритовые;https://alterv.ru/catalog/magnity_postoyannye/k1398_magnity_dlya_magnitnykh_dosok_ferritovye/;Kipp;Главная > Каталог > Промышленная фурнитура > Магниты постоянные > K1398 Магниты для магнитных досок ферритовые;https://alterv.ru/upload/iblock/8b4/k1398_magnity.jpg;https://alterv.ru/upload/iblock/928/Z09119_K1398.jpg;"<h2><span style=""font-size: 13pt;"">Материалы:</span></h2>
<ul>
	<li>Корпус из полимера (ABS).</li>
	<li>Магнитный сердечник из твердого феррита.</li>
</ul>
<hr>
<h2><span style=""font-size: 13pt;"">Исполнение:</span></h2>
<ul>
	<li>Цвет полимера (на выбор): белый, синий, красный, черный.</li>
</ul>
<hr>
<h2><span style=""font-size: 13pt;"">Указания по применению:</span></h2>
<ul>
	<li>Данные магниты хорошо подходят в качестве креплений (держателей).</li>
	<li>Температура эксплуатации: до +100°C.</li>
	<li>Данные магниты хорошо подходят для использования на магнитно-маркерных досках, электронных белых досках и на магнитных досках.</li>
</ul>";K1398.303;30;8;1,43;Под заказ;314,73;;;;2;;28;;;;;;;;;;;;;Красный;;;"<span style=""font-family: 'Open Sans', sans-serif""><h2><span style=""font-size: 13pt"">Материалы:</span></h2>
<ul>
	<li>Корпус из полимера (ABS).</li>
	<li>Магнитный сердечник из твердого феррита.</li>
</ul>
<hr>
<h2><span style=""font-size: 13pt"">Исполнение:</span></h2>
<ul>
	<li>Цвет полимера (на выбор): белый, синий, красный, черный.</li>
</ul>
<hr>
<h2><span style=""font-size: 13pt"">Указания по применению:</span></h2>
<ul>
	<li>Данные магниты хорошо подходят в качестве креплений (держателей).</li>
	<li>Температура эксплуатации: до +100°C.</li>
	<li>Данные магниты хорошо подходят для использования на магнитно-маркерных досках, электронных белых досках и на магнитных досках.</li>
</ul></span>"
K1398 Магниты для магнитных досок ферритовые;https://alterv.ru/catalog/magnity_postoyannye/k1398_magnity_dlya_magnitnykh_dosok_ferritovye/;Kipp;Главная > Каталог > Промышленная фурнитура > Магниты постоянные > K1398 Магниты для магнитных досок ферритовые;https://alterv.ru/upload/iblock/8b4/k1398_magnity.jpg;https://alterv.ru/upload/iblock/928/Z09119_K1398.jpg;"<h2><span style=""font-size: 13pt;"">Материалы:</span></h2>
<ul>
	<li>Корпус из полимера (ABS).</li>
	<li>Магнитный сердечник из твердого феррита.</li>
</ul>
<hr>
<h2><span style=""font-size: 13pt;"">Исполнение:</span></h2>
<ul>
	<li>Цвет полимера (на выбор): белый, синий, красный, черный.</li>
</ul>
<hr>
<h2><span style=""font-size: 13pt;"">Указания по применению:</span></h2>
<ul>
	<li>Данные магниты хорошо подходят в качестве креплений (держателей).</li>
	<li>Температура эксплуатации: до +100°C.</li>
	<li>Данные магниты хорошо подходят для использования на магнитно-маркерных досках, электронных белых досках и на магнитных досках.</li>
</ul>";K1398.304;30;8;1,43;Под заказ;314,73;;;;2;;28;;;;;;;;;;;;;Черный;;;"<span style=""font-family: 'Open Sans', sans-serif""><h2><span style=""font-size: 13pt"">Материалы:</span></h2>
<ul>
	<li>Корпус из полимера (ABS).</li>
	<li>Магнитный сердечник из твердого феррита.</li>
</ul>
<hr>
<h2><span style=""font-size: 13pt"">Исполнение:</span></h2>
<ul>
	<li>Цвет полимера (на выбор): белый, синий, красный, черный.</li>
</ul>
<hr>
<h2><span style=""font-size: 13pt"">Указания по применению:</span></h2>
<ul>
	<li>Данные магниты хорошо подходят в качестве креплений (держателей).</li>
	<li>Температура эксплуатации: до +100°C.</li>
	<li>Данные магниты хорошо подходят для использования на магнитно-маркерных досках, электронных белых досках и на магнитных досках.</li>
</ul></span>"
K1398 Магниты для магнитных досок ферритовые;https://alterv.ru/catalog/magnity_postoyannye/k1398_magnity_dlya_magnitnykh_dosok_ferritovye/;Kipp;Главная > Каталог > Промышленная фурнитура > Магниты постоянные > K1398 Магниты для магнитных досок ферритовые;https://alterv.ru/upload/iblock/8b4/k1398_magnity.jpg;https://alterv.ru/upload/iblock/928/Z09119_K1398.jpg;"<h2><span style=""font-size: 13pt;"">Материалы:</span></h2>
<ul>
	<li>Корпус из полимера (ABS).</li>
	<li>Магнитный сердечник из твердого феррита.</li>
</ul>
<hr>
<h2><span style=""font-size: 13pt;"">Исполнение:</span></h2>
<ul>
	<li>Цвет полимера (на выбор): белый, синий, красный, черный.</li>
</ul>
<hr>
<h2><span style=""font-size: 13pt;"">Указания по применению:</span></h2>
<ul>
	<li>Данные магниты хорошо подходят в качестве креплений (держателей).</li>
	<li>Температура эксплуатации: до +100°C.</li>
	<li>Данные магниты хорошо подходят для использования на магнитно-маркерных досках, электронных белых досках и на магнитных досках.</li>
</ul>";K1398.361;36;9;0,97;Под заказ;374,91;;;;2,2;;32,5;;;;;;;;;;;;;Белый;;;"<span style=""font-family: 'Open Sans', sans-serif""><h2><span style=""font-size: 13pt"">Материалы:</span></h2>
<ul>
	<li>Корпус из полимера (ABS).</li>
	<li>Магнитный сердечник из твердого феррита.</li>
</ul>
<hr>
<h2><span style=""font-size: 13pt"">Исполнение:</span></h2>
<ul>
	<li>Цвет полимера (на выбор): белый, синий, красный, черный.</li>
</ul>
<hr>
<h2><span style=""font-size: 13pt"">Указания по применению:</span></h2>
<ul>
	<li>Данные магниты хорошо подходят в качестве креплений (держателей).</li>
	<li>Температура эксплуатации: до +100°C.</li>
	<li>Данные магниты хорошо подходят для использования на магнитно-маркерных досках, электронных белых досках и на магнитных досках.</li>
</ul></span>"
K1398 Магниты для магнитных досок ферритовые;https://alterv.ru/catalog/magnity_postoyannye/k1398_magnity_dlya_magnitnykh_dosok_ferritovye/;Kipp;Главная > Каталог > Промышленная фурнитура > Магниты постоянные > K1398 Магниты для магнитных досок ферритовые;https://alterv.ru/upload/iblock/8b4/k1398_magnity.jpg;https://alterv.ru/upload/iblock/928/Z09119_K1398.jpg;"<h2><span style=""font-size: 13pt;"">Материалы:</span></h2>
<ul>
	<li>Корпус из полимера (ABS).</li>
	<li>Магнитный сердечник из твердого феррита.</li>
</ul>
<hr>
<h2><span style=""font-size: 13pt;"">Исполнение:</span></h2>
<ul>
	<li>Цвет полимера (на выбор): белый, синий, красный, черный.</li>
</ul>
<hr>
<h2><span style=""font-size: 13pt;"">Указания по применению:</span></h2>
<ul>
	<li>Данные магниты хорошо подходят в качестве креплений (держателей).</li>
	<li>Температура эксплуатации: до +100°C.</li>
	<li>Данные магниты хорошо подходят для использования на магнитно-маркерных досках, электронных белых досках и на магнитных досках.</li>
</ul>";K1398.362;36;9;0,97;Под заказ;374,91;;;;2,2;;32,5;;;;;;;;;;;;;Синий;;;"<span style=""font-family: 'Open Sans', sans-serif""><h2><span style=""font-size: 13pt"">Материалы:</span></h2>
<ul>
	<li>Корпус из полимера (ABS).</li>
	<li>Магнитный сердечник из твердого феррита.</li>
</ul>
<hr>
<h2><span style=""font-size: 13pt"">Исполнение:</span></h2>
<ul>
	<li>Цвет полимера (на выбор): белый, синий, красный, черный.</li>
</ul>
<hr>
<h2><span style=""font-size: 13pt"">Указания по применению:</span></h2>
<ul>
	<li>Данные магниты хорошо подходят в качестве креплений (держателей).</li>
	<li>Температура эксплуатации: до +100°C.</li>
	<li>Данные магниты хорошо подходят для использования на магнитно-маркерных досках, электронных белых досках и на магнитных досках.</li>
</ul></span>"
K1398 Магниты для магнитных досок ферритовые;https://alterv.ru/catalog/magnity_postoyannye/k1398_magnity_dlya_magnitnykh_dosok_ferritovye/;Kipp;Главная > Каталог > Промышленная фурнитура > Магниты постоянные > K1398 Магниты для магнитных досок ферритовые;https://alterv.ru/upload/iblock/8b4/k1398_magnity.jpg;https://alterv.ru/upload/iblock/928/Z09119_K1398.jpg;"<h2><span style=""font-size: 13pt;"">Материалы:</span></h2>
<ul>
	<li>Корпус из полимера (ABS).</li>
	<li>Магнитный сердечник из твердого феррита.</li>
</ul>
<hr>
<h2><span style=""font-size: 13pt;"">Исполнение:</span></h2>
<ul>
	<li>Цвет полимера (на выбор): белый, синий, красный, черный.</li>
</ul>
<hr>
<h2><span style=""font-size: 13pt;"">Указания по применению:</span></h2>
<ul>
	<li>Данные магниты хорошо подходят в качестве креплений (держателей).</li>
	<li>Температура эксплуатации: до +100°C.</li>
	<li>Данные магниты хорошо подходят для использования на магнитно-маркерных досках, электронных белых досках и на магнитных досках.</li>
</ul>";K1398.363;36;9;0,97;Под заказ;374,91;;;;2,2;;32,5;;;;;;;;;;;;;Красный;;;"<span style=""font-family: 'Open Sans', sans-serif""><h2><span style=""font-size: 13pt"">Материалы:</span></h2>
<ul>
	<li>Корпус из полимера (ABS).</li>
	<li>Магнитный сердечник из твердого феррита.</li>
</ul>
<hr>
<h2><span style=""font-size: 13pt"">Исполнение:</span></h2>
<ul>
	<li>Цвет полимера (на выбор): белый, синий, красный, черный.</li>
</ul>
<hr>
<h2><span style=""font-size: 13pt"">Указания по применению:</span></h2>
<ul>
	<li>Данные магниты хорошо подходят в качестве креплений (держателей).</li>
	<li>Температура эксплуатации: до +100°C.</li>
	<li>Данные магниты хорошо подходят для использования на магнитно-маркерных досках, электронных белых досках и на магнитных досках.</li>
</ul></span>"
K1398 Магниты для магнитных досок ферритовые;https://alterv.ru/catalog/magnity_postoyannye/k1398_magnity_dlya_magnitnykh_dosok_ferritovye/;Kipp;Главная > Каталог > Промышленная фурнитура > Магниты постоянные > K1398 Магниты для магнитных досок ферритовые;https://alterv.ru/upload/iblock/8b4/k1398_magnity.jpg;https://alterv.ru/upload/iblock/928/Z09119_K1398.jpg;"<h2><span style=""font-size: 13pt;"">Материалы:</span></h2>
<ul>
	<li>Корпус из полимера (ABS).</li>
	<li>Магнитный сердечник из твердого феррита.</li>
</ul>
<hr>
<h2><span style=""font-size: 13pt;"">Исполнение:</span></h2>
<ul>
	<li>Цвет полимера (на выбор): белый, синий, красный, черный.</li>
</ul>
<hr>
<h2><span style=""font-size: 13pt;"">Указания по применению:</span></h2>
<ul>
	<li>Данные магниты хорошо подходят в качестве креплений (держателей).</li>
	<li>Температура эксплуатации: до +100°C.</li>
	<li>Данные магниты хорошо подходят для использования на магнитно-маркерных досках, электронных белых досках и на магнитных досках.</li>
</ul>";K1398.364;36;9;0,97;Под заказ;374,91;;;;2,2;;32,5;;;;;;;;;;;;;Черный;;;"<span style=""font-family: 'Open Sans', sans-serif""><h2><span style=""font-size: 13pt"">Материалы:</span></h2>
<ul>
	<li>Корпус из полимера (ABS).</li>
	<li>Магнитный сердечник из твердого феррита.</li>
</ul>
<hr>
<h2><span style=""font-size: 13pt"">Исполнение:</span></h2>
<ul>
	<li>Цвет полимера (на выбор): белый, синий, красный, черный.</li>
</ul>
<hr>
<h2><span style=""font-size: 13pt"">Указания по применению:</span></h2>
<ul>
	<li>Данные магниты хорошо подходят в качестве креплений (держателей).</li>
	<li>Температура эксплуатации: до +100°C.</li>
	<li>Данные магниты хорошо подходят для использования на магнитно-маркерных досках, электронных белых досках и на магнитных досках.</li>
</ul></span>"
K1399 Магниты кольцевые со внутренним углублением, самарий-кобальт;https://alterv.ru/catalog/magnity_postoyannye/k1399_magnity_so_skvoznym_otverstiem_samariy_kobalt/;Kipp;Главная > Каталог > Промышленная фурнитура > Магниты постоянные > K1399 Магниты кольцевые со внутренним углублением, самарий-кобальт;https://alterv.ru/upload/iblock/371/k1399_magnity.jpg;https://alterv.ru/upload/iblock/b43/Z09070_10_K1399.jpg;"<h2><span style=""font-size: 13pt;"">Материалы:</span></h2>
<ul>
	<li>Корпус из нержавеющей стали 1.4104.</li>
	<li>Магнитный сердечник из самария-кобальта (SmCo).</li>
</ul>
<hr>
<h2><span style=""font-size: 13pt;"">Исполнение:</span></h2>
<ul>
	<li>Магниты с отверстием со внутренним углублением.</li>
</ul>
<hr>
<h2><span style=""font-size: 13pt;"">Указания по применению:</span></h2>
<ul>
	<li>Данные магниты хорошо подходят в качестве креплений (держателей).</li>
	<li>Температура эксплуатации: до +350°C.</li>
	<li>Магниты можно устанавливать методами запрессовки, вкручивания или вклеивания.</li>
</ul>";K1399.120;20 ±0,15;6;6,12;Под заказ;3818,43;;;8;;;4,5;;;;;;;;;;;;;;;;"<span style=""font-family: 'Open Sans', sans-serif""><h2><span style=""font-size: 13pt"">Материалы:</span></h2>
<ul>
	<li>Корпус из нержавеющей стали 1.4104.</li>
	<li>Магнитный сердечник из самария-кобальта (SmCo).</li>
</ul>
<hr>
<h2><span style=""font-size: 13pt"">Исполнение:</span></h2>
<ul>
	<li>Магниты с отверстием со внутренним углублением.</li>
</ul>
<hr>
<h2><span style=""font-size: 13pt"">Указания по применению:</span></h2>
<ul>
	<li>Данные магниты хорошо подходят в качестве креплений (держателей).</li>
	<li>Температура эксплуатации: до +350°C.</li>
	<li>Магниты можно устанавливать методами запрессовки, вкручивания или вклеивания.</li>
</ul></span>"
K1399 Магниты кольцевые со внутренним углублением, самарий-кобальт;https://alterv.ru/catalog/magnity_postoyannye/k1399_magnity_so_skvoznym_otverstiem_samariy_kobalt/;Kipp;Главная > Каталог > Промышленная фурнитура > Магниты постоянные > K1399 Магниты кольцевые со внутренним углублением, самарий-кобальт;https://alterv.ru/upload/iblock/371/k1399_magnity.jpg;https://alterv.ru/upload/iblock/b43/Z09070_10_K1399.jpg;"<h2><span style=""font-size: 13pt;"">Материалы:</span></h2>
<ul>
	<li>Корпус из нержавеющей стали 1.4104.</li>
	<li>Магнитный сердечник из самария-кобальта (SmCo).</li>
</ul>
<hr>
<h2><span style=""font-size: 13pt;"">Исполнение:</span></h2>
<ul>
	<li>Магниты с отверстием со внутренним углублением.</li>
</ul>
<hr>
<h2><span style=""font-size: 13pt;"">Указания по применению:</span></h2>
<ul>
	<li>Данные магниты хорошо подходят в качестве креплений (держателей).</li>
	<li>Температура эксплуатации: до +350°C.</li>
	<li>Магниты можно устанавливать методами запрессовки, вкручивания или вклеивания.</li>
</ul>";K1399.125;25 ±0,15;7;8,16;Под заказ;4526,57;;;8;;;4,5;;;;;;;;;;;;;;;;"<span style=""font-family: 'Open Sans', sans-serif""><h2><span style=""font-size: 13pt"">Материалы:</span></h2>
<ul>
	<li>Корпус из нержавеющей стали 1.4104.</li>
	<li>Магнитный сердечник из самария-кобальта (SmCo).</li>
</ul>
<hr>
<h2><span style=""font-size: 13pt"">Исполнение:</span></h2>
<ul>
	<li>Магниты с отверстием со внутренним углублением.</li>
</ul>
<hr>
<h2><span style=""font-size: 13pt"">Указания по применению:</span></h2>
<ul>
	<li>Данные магниты хорошо подходят в качестве креплений (держателей).</li>
	<li>Температура эксплуатации: до +350°C.</li>
	<li>Магниты можно устанавливать методами запрессовки, вкручивания или вклеивания.</li>
</ul></span>"
K1399 Магниты кольцевые со внутренним углублением, самарий-кобальт;https://alterv.ru/catalog/magnity_postoyannye/k1399_magnity_so_skvoznym_otverstiem_samariy_kobalt/;Kipp;Главная > Каталог > Промышленная фурнитура > Магниты постоянные > K1399 Магниты кольцевые со внутренним углублением, самарий-кобальт;https://alterv.ru/upload/iblock/371/k1399_magnity.jpg;https://alterv.ru/upload/iblock/b43/Z09070_10_K1399.jpg;"<h2><span style=""font-size: 13pt;"">Материалы:</span></h2>
<ul>
	<li>Корпус из нержавеющей стали 1.4104.</li>
	<li>Магнитный сердечник из самария-кобальта (SmCo).</li>
</ul>
<hr>
<h2><span style=""font-size: 13pt;"">Исполнение:</span></h2>
<ul>
	<li>Магниты с отверстием со внутренним углублением.</li>
</ul>
<hr>
<h2><span style=""font-size: 13pt;"">Указания по применению:</span></h2>
<ul>
	<li>Данные магниты хорошо подходят в качестве креплений (держателей).</li>
	<li>Температура эксплуатации: до +350°C.</li>
	<li>Магниты можно устанавливать методами запрессовки, вкручивания или вклеивания.</li>
</ul>";K1399.132;32 ±0,2;7;20,39;Под заказ;5396,72;;;11;;;5,5;;;;;;;;;;;;;;;;"<span style=""font-family: 'Open Sans', sans-serif""><h2><span style=""font-size: 13pt"">Материалы:</span></h2>
<ul>
	<li>Корпус из нержавеющей стали 1.4104.</li>
	<li>Магнитный сердечник из самария-кобальта (SmCo).</li>
</ul>
<hr>
<h2><span style=""font-size: 13pt"">Исполнение:</span></h2>
<ul>
	<li>Магниты с отверстием со внутренним углублением.</li>
</ul>
<hr>
<h2><span style=""font-size: 13pt"">Указания по применению:</span></h2>
<ul>
	<li>Данные магниты хорошо подходят в качестве креплений (держателей).</li>
	<li>Температура эксплуатации: до +350°C.</li>
	<li>Магниты можно устанавливать методами запрессовки, вкручивания или вклеивания.</li>
</ul></span>"
K1399 Магниты кольцевые со внутренним углублением, самарий-кобальт;https://alterv.ru/catalog/magnity_postoyannye/k1399_magnity_so_skvoznym_otverstiem_samariy_kobalt/;Kipp;Главная > Каталог > Промышленная фурнитура > Магниты постоянные > K1399 Магниты кольцевые со внутренним углублением, самарий-кобальт;https://alterv.ru/upload/iblock/371/k1399_magnity.jpg;https://alterv.ru/upload/iblock/b43/Z09070_10_K1399.jpg;"<h2><span style=""font-size: 13pt;"">Материалы:</span></h2>
<ul>
	<li>Корпус из нержавеющей стали 1.4104.</li>
	<li>Магнитный сердечник из самария-кобальта (SmCo).</li>
</ul>
<hr>
<h2><span style=""font-size: 13pt;"">Исполнение:</span></h2>
<ul>
	<li>Магниты с отверстием со внутренним углублением.</li>
</ul>
<hr>
<h2><span style=""font-size: 13pt;"">Указания по применению:</span></h2>
<ul>
	<li>Данные магниты хорошо подходят в качестве креплений (держателей).</li>
	<li>Температура эксплуатации: до +350°C.</li>
	<li>Магниты можно устанавливать методами запрессовки, вкручивания или вклеивания.</li>
</ul>";K1399.140;40 ±0,2;8;42,83;Под заказ;9326,23;;;10,5;;;5,5;;;;;;;;;;;;;;;;"<span style=""font-family: 'Open Sans', sans-serif""><h2><span style=""font-size: 13pt"">Материалы:</span></h2>
<ul>
	<li>Корпус из нержавеющей стали 1.4104.</li>
	<li>Магнитный сердечник из самария-кобальта (SmCo).</li>
</ul>
<hr>
<h2><span style=""font-size: 13pt"">Исполнение:</span></h2>
<ul>
	<li>Магниты с отверстием со внутренним углублением.</li>
</ul>
<hr>
<h2><span style=""font-size: 13pt"">Указания по применению:</span></h2>
<ul>
	<li>Данные магниты хорошо подходят в качестве креплений (держателей).</li>
	<li>Температура эксплуатации: до +350°C.</li>
	<li>Магниты можно устанавливать методами запрессовки, вкручивания или вклеивания.</li>
</ul></span>"
K1400 Магниты со втулкой с внутренней резьбой ферритовые;https://alterv.ru/catalog/magnity_postoyannye/k1400_magnity_diskovye_so_vnutrenney_rezboy_ferritovye/;Kipp;Главная > Каталог > Промышленная фурнитура > Магниты постоянные > K1400 Магниты со втулкой с внутренней резьбой ферритовые;https://alterv.ru/upload/iblock/0e9/k1400_magnity_diskovye.jpg;https://alterv.ru/upload/iblock/1b2/Z09065_10_K1400.jpg;"<h2><span style=""font-size: 13pt;"">Материалы:</span></h2>
<ul>
	<li>Корпус из нержавеющей стали 1.4016.</li>
	<li>Резьбовая втулка из нержавеющей стали 1.4305.</li>
	<li>Магнитный сердечник из твердого феррита.</li>
</ul>
<hr>
<h2><span style=""font-size: 13pt;"">Исполнение:</span></h2>
<ul>
	<li>Без покрытия.</li>
</ul>
<hr>
<h2><span style=""font-size: 13pt;"">Указания по применению:</span></h2>
<ul>
	<li>Данные магниты хорошо подходят в качестве креплений (держателей).</li>
	<li>Температура эксплуатации: до +220°C.</li>
	<li>Магниты со внутренней резьбой можно устанавливать методами запрессовки или вклеивания.</li>
</ul>";K1400.125;25 ±0,1;7;3,26;Под заказ;1008,99;;;M5;16;;8;10;;;;;;;;;;;;;;;"<span style=""font-family: 'Open Sans', sans-serif""><h2><span style=""font-size: 13pt"">Материалы:</span></h2>
<ul>
	<li>Корпус из нержавеющей стали 1.4016.</li>
	<li>Резьбовая втулка из нержавеющей стали 1.4305.</li>
	<li>Магнитный сердечник из твердого феррита.</li>
</ul>
<hr>
<h2><span style=""font-size: 13pt"">Исполнение:</span></h2>
<ul>
	<li>Без покрытия.</li>
</ul>
<hr>
<h2><span style=""font-size: 13pt"">Указания по применению:</span></h2>
<ul>
	<li>Данные магниты хорошо подходят в качестве креплений (держателей).</li>
	<li>Температура эксплуатации: до +220°C.</li>
	<li>Магниты со внутренней резьбой можно устанавливать методами запрессовки или вклеивания.</li>
</ul></span>"
K1400 Магниты со втулкой с внутренней резьбой ферритовые;https://alterv.ru/catalog/magnity_postoyannye/k1400_magnity_diskovye_so_vnutrenney_rezboy_ferritovye/;Kipp;Главная > Каталог > Промышленная фурнитура > Магниты постоянные > K1400 Магниты со втулкой с внутренней резьбой ферритовые;https://alterv.ru/upload/iblock/0e9/k1400_magnity_diskovye.jpg;https://alterv.ru/upload/iblock/1b2/Z09065_10_K1400.jpg;"<h2><span style=""font-size: 13pt;"">Материалы:</span></h2>
<ul>
	<li>Корпус из нержавеющей стали 1.4016.</li>
	<li>Резьбовая втулка из нержавеющей стали 1.4305.</li>
	<li>Магнитный сердечник из твердого феррита.</li>
</ul>
<hr>
<h2><span style=""font-size: 13pt;"">Исполнение:</span></h2>
<ul>
	<li>Без покрытия.</li>
</ul>
<hr>
<h2><span style=""font-size: 13pt;"">Указания по применению:</span></h2>
<ul>
	<li>Данные магниты хорошо подходят в качестве креплений (держателей).</li>
	<li>Температура эксплуатации: до +220°C.</li>
	<li>Магниты со внутренней резьбой можно устанавливать методами запрессовки или вклеивания.</li>
</ul>";K1400.132;32 ±0,1;7;6,53;Под заказ;1092,3;;;M5;16;;8;10;;;;;;;;;;;;;;;"<span style=""font-family: 'Open Sans', sans-serif""><h2><span style=""font-size: 13pt"">Материалы:</span></h2>
<ul>
	<li>Корпус из нержавеющей стали 1.4016.</li>
	<li>Резьбовая втулка из нержавеющей стали 1.4305.</li>
	<li>Магнитный сердечник из твердого феррита.</li>
</ul>
<hr>
<h2><span style=""font-size: 13pt"">Исполнение:</span></h2>
<ul>
	<li>Без покрытия.</li>
</ul>
<hr>
<h2><span style=""font-size: 13pt"">Указания по применению:</span></h2>
<ul>
	<li>Данные магниты хорошо подходят в качестве креплений (держателей).</li>
	<li>Температура эксплуатации: до +220°C.</li>
	<li>Магниты со внутренней резьбой можно устанавливать методами запрессовки или вклеивания.</li>
</ul></span>"
K1400 Магниты со втулкой с внутренней резьбой ферритовые;https://alterv.ru/catalog/magnity_postoyannye/k1400_magnity_diskovye_so_vnutrenney_rezboy_ferritovye/;Kipp;Главная > Каталог > Промышленная фурнитура > Магниты постоянные > K1400 Магниты со втулкой с внутренней резьбой ферритовые;https://alterv.ru/upload/iblock/0e9/k1400_magnity_diskovye.jpg;https://alterv.ru/upload/iblock/1b2/Z09065_10_K1400.jpg;"<h2><span style=""font-size: 13pt;"">Материалы:</span></h2>
<ul>
	<li>Корпус из нержавеющей стали 1.4016.</li>
	<li>Резьбовая втулка из нержавеющей стали 1.4305.</li>
	<li>Магнитный сердечник из твердого феррита.</li>
</ul>
<hr>
<h2><span style=""font-size: 13pt;"">Исполнение:</span></h2>
<ul>
	<li>Без покрытия.</li>
</ul>
<hr>
<h2><span style=""font-size: 13pt;"">Указания по применению:</span></h2>
<ul>
	<li>Данные магниты хорошо подходят в качестве креплений (держателей).</li>
	<li>Температура эксплуатации: до +220°C.</li>
	<li>Магниты со внутренней резьбой можно устанавливать методами запрессовки или вклеивания.</li>
</ul>";K1400.140;40 +0,2/-0,1;8;10,2;Под заказ;1342,25;;;M5;16,5;;8;10;;;;;;;;;;;;;;;"<span style=""font-family: 'Open Sans', sans-serif""><h2><span style=""font-size: 13pt"">Материалы:</span></h2>
<ul>
	<li>Корпус из нержавеющей стали 1.4016.</li>
	<li>Резьбовая втулка из нержавеющей стали 1.4305.</li>
	<li>Магнитный сердечник из твердого феррита.</li>
</ul>
<hr>
<h2><span style=""font-size: 13pt"">Исполнение:</span></h2>
<ul>
	<li>Без покрытия.</li>
</ul>
<hr>
<h2><span style=""font-size: 13pt"">Указания по применению:</span></h2>
<ul>
	<li>Данные магниты хорошо подходят в качестве креплений (держателей).</li>
	<li>Температура эксплуатации: до +220°C.</li>
	<li>Магниты со внутренней резьбой можно устанавливать методами запрессовки или вклеивания.</li>
</ul></span>"
K1400 Магниты со втулкой с внутренней резьбой ферритовые;https://alterv.ru/catalog/magnity_postoyannye/k1400_magnity_diskovye_so_vnutrenney_rezboy_ferritovye/;Kipp;Главная > Каталог > Промышленная фурнитура > Магниты постоянные > K1400 Магниты со втулкой с внутренней резьбой ферритовые;https://alterv.ru/upload/iblock/0e9/k1400_magnity_diskovye.jpg;https://alterv.ru/upload/iblock/1b2/Z09065_10_K1400.jpg;"<h2><span style=""font-size: 13pt;"">Материалы:</span></h2>
<ul>
	<li>Корпус из нержавеющей стали 1.4016.</li>
	<li>Резьбовая втулка из нержавеющей стали 1.4305.</li>
	<li>Магнитный сердечник из твердого феррита.</li>
</ul>
<hr>
<h2><span style=""font-size: 13pt;"">Исполнение:</span></h2>
<ul>
	<li>Без покрытия.</li>
</ul>
<hr>
<h2><span style=""font-size: 13pt;"">Указания по применению:</span></h2>
<ul>
	<li>Данные магниты хорошо подходят в качестве креплений (держателей).</li>
	<li>Температура эксплуатации: до +220°C.</li>
	<li>Магниты со внутренней резьбой можно устанавливать методами запрессовки или вклеивания.</li>
</ul>";K1400.150;50 +0,2/-0,1;10;17,85;Под заказ;1619,95;;;M5;18,5;;8;10;;;;;;;;;;;;;;;"<span style=""font-family: 'Open Sans', sans-serif""><h2><span style=""font-size: 13pt"">Материалы:</span></h2>
<ul>
	<li>Корпус из нержавеющей стали 1.4016.</li>
	<li>Резьбовая втулка из нержавеющей стали 1.4305.</li>
	<li>Магнитный сердечник из твердого феррита.</li>
</ul>
<hr>
<h2><span style=""font-size: 13pt"">Исполнение:</span></h2>
<ul>
	<li>Без покрытия.</li>
</ul>
<hr>
<h2><span style=""font-size: 13pt"">Указания по применению:</span></h2>
<ul>
	<li>Данные магниты хорошо подходят в качестве креплений (держателей).</li>
	<li>Температура эксплуатации: до +220°C.</li>
	<li>Магниты со внутренней резьбой можно устанавливать методами запрессовки или вклеивания.</li>
</ul></span>"
K1400 Магниты со втулкой с внутренней резьбой ферритовые;https://alterv.ru/catalog/magnity_postoyannye/k1400_magnity_diskovye_so_vnutrenney_rezboy_ferritovye/;Kipp;Главная > Каталог > Промышленная фурнитура > Магниты постоянные > K1400 Магниты со втулкой с внутренней резьбой ферритовые;https://alterv.ru/upload/iblock/0e9/k1400_magnity_diskovye.jpg;https://alterv.ru/upload/iblock/1b2/Z09065_10_K1400.jpg;"<h2><span style=""font-size: 13pt;"">Материалы:</span></h2>
<ul>
	<li>Корпус из нержавеющей стали 1.4016.</li>
	<li>Резьбовая втулка из нержавеющей стали 1.4305.</li>
	<li>Магнитный сердечник из твердого феррита.</li>
</ul>
<hr>
<h2><span style=""font-size: 13pt;"">Исполнение:</span></h2>
<ul>
	<li>Без покрытия.</li>
</ul>
<hr>
<h2><span style=""font-size: 13pt;"">Указания по применению:</span></h2>
<ul>
	<li>Данные магниты хорошо подходят в качестве креплений (держателей).</li>
	<li>Температура эксплуатации: до +220°C.</li>
	<li>Магниты со внутренней резьбой можно устанавливать методами запрессовки или вклеивания.</li>
</ul>";K1400.163;63 +0,3/-0,1;14;28,55;Под заказ;2786,3;;;M5;22;;8;10;;;;;;;;;;;;;;;"<span style=""font-family: 'Open Sans', sans-serif""><h2><span style=""font-size: 13pt"">Материалы:</span></h2>
<ul>
	<li>Корпус из нержавеющей стали 1.4016.</li>
	<li>Резьбовая втулка из нержавеющей стали 1.4305.</li>
	<li>Магнитный сердечник из твердого феррита.</li>
</ul>
<hr>
<h2><span style=""font-size: 13pt"">Исполнение:</span></h2>
<ul>
	<li>Без покрытия.</li>
</ul>
<hr>
<h2><span style=""font-size: 13pt"">Указания по применению:</span></h2>
<ul>
	<li>Данные магниты хорошо подходят в качестве креплений (держателей).</li>
	<li>Температура эксплуатации: до +220°C.</li>
	<li>Магниты со внутренней резьбой можно устанавливать методами запрессовки или вклеивания.</li>
</ul></span>"
K1402 Магниты дисковые с крюком неодимовые;https://alterv.ru/catalog/magnity_postoyannye/k1402_magnity_diskovye_s_kryukom_neodimovye/;Kipp;Главная > Каталог > Промышленная фурнитура > Магниты постоянные > K1402 Магниты дисковые с крюком неодимовые;https://alterv.ru/upload/iblock/121/k1402_magnity_diskovye.jpg;https://alterv.ru/upload/iblock/b7e/Z09069_10_K1402.jpg;"<h2><span style=""font-size: 13pt;"">Материалы:</span></h2>
<ul>
	<li>Корпус и крюк из стали.</li>
	<li>Магнитный сердечник из неодима (NdFeB).</li>
</ul>
<hr>
<h2><span style=""font-size: 13pt;"">Исполнение:</span></h2>
<ul>
	<li>Экранированные магниты.</li>
	<li>Сталь оцинкованная.</li>
</ul>
<hr>
<h2><span style=""font-size: 13pt;"">Указания по применению:</span></h2>
<ul>
	<li>Данные магниты хорошо подходят в качестве креплений (держателей).</li>
	<li>Температура эксплуатации: до +80°C.</li>
	<li>Магнит из неодима повышает силу сцепления в сравнении с самарием-кобальтом примерно на 10-20%.</li>
</ul>";K1402.10;10;4,5;2,55;Под заказ;703,51;;;3;24;;10;;;;;;;;;;;;;;;;"<span style=""font-family: 'Open Sans', sans-serif""><h2><span style=""font-size: 13pt"">Материалы:</span></h2>
<ul>
	<li>Корпус и крюк из стали.</li>
	<li>Магнитный сердечник из неодима (NdFeB).</li>
</ul>
<hr>
<h2><span style=""font-size: 13pt"">Исполнение:</span></h2>
<ul>
	<li>Экранированные магниты.</li>
	<li>Сталь оцинкованная.</li>
</ul>
<hr>
<h2><span style=""font-size: 13pt"">Указания по применению:</span></h2>
<ul>
	<li>Данные магниты хорошо подходят в качестве креплений (держателей).</li>
	<li>Температура эксплуатации: до +80°C.</li>
	<li>Магнит из неодима повышает силу сцепления в сравнении с самарием-кобальтом примерно на 10-20%.</li>
</ul></span>"
K1402 Магниты дисковые с крюком неодимовые;https://alterv.ru/catalog/magnity_postoyannye/k1402_magnity_diskovye_s_kryukom_neodimovye/;Kipp;Главная > Каталог > Промышленная фурнитура > Магниты постоянные > K1402 Магниты дисковые с крюком неодимовые;https://alterv.ru/upload/iblock/121/k1402_magnity_diskovye.jpg;https://alterv.ru/upload/iblock/b7e/Z09069_10_K1402.jpg;"<h2><span style=""font-size: 13pt;"">Материалы:</span></h2>
<ul>
	<li>Корпус и крюк из стали.</li>
	<li>Магнитный сердечник из неодима (NdFeB).</li>
</ul>
<hr>
<h2><span style=""font-size: 13pt;"">Исполнение:</span></h2>
<ul>
	<li>Экранированные магниты.</li>
	<li>Сталь оцинкованная.</li>
</ul>
<hr>
<h2><span style=""font-size: 13pt;"">Указания по применению:</span></h2>
<ul>
	<li>Данные магниты хорошо подходят в качестве креплений (держателей).</li>
	<li>Температура эксплуатации: до +80°C.</li>
	<li>Магнит из неодима повышает силу сцепления в сравнении с самарием-кобальтом примерно на 10-20%.</li>
</ul>";K1402.13;13;4,5;6,12;Под заказ;745,17;;;3;24;;10;;;;;;;;;;;;;;;;"<span style=""font-family: 'Open Sans', sans-serif""><h2><span style=""font-size: 13pt"">Материалы:</span></h2>
<ul>
	<li>Корпус и крюк из стали.</li>
	<li>Магнитный сердечник из неодима (NdFeB).</li>
</ul>
<hr>
<h2><span style=""font-size: 13pt"">Исполнение:</span></h2>
<ul>
	<li>Экранированные магниты.</li>
	<li>Сталь оцинкованная.</li>
</ul>
<hr>
<h2><span style=""font-size: 13pt"">Указания по применению:</span></h2>
<ul>
	<li>Данные магниты хорошо подходят в качестве креплений (держателей).</li>
	<li>Температура эксплуатации: до +80°C.</li>
	<li>Магнит из неодима повышает силу сцепления в сравнении с самарием-кобальтом примерно на 10-20%.</li>
</ul></span>"
K1402 Магниты дисковые с крюком неодимовые;https://alterv.ru/catalog/magnity_postoyannye/k1402_magnity_diskovye_s_kryukom_neodimovye/;Kipp;Главная > Каталог > Промышленная фурнитура > Магниты постоянные > K1402 Магниты дисковые с крюком неодимовые;https://alterv.ru/upload/iblock/121/k1402_magnity_diskovye.jpg;https://alterv.ru/upload/iblock/b7e/Z09069_10_K1402.jpg;"<h2><span style=""font-size: 13pt;"">Материалы:</span></h2>
<ul>
	<li>Корпус и крюк из стали.</li>
	<li>Магнитный сердечник из неодима (NdFeB).</li>
</ul>
<hr>
<h2><span style=""font-size: 13pt;"">Исполнение:</span></h2>
<ul>
	<li>Экранированные магниты.</li>
	<li>Сталь оцинкованная.</li>
</ul>
<hr>
<h2><span style=""font-size: 13pt;"">Указания по применению:</span></h2>
<ul>
	<li>Данные магниты хорошо подходят в качестве креплений (держателей).</li>
	<li>Температура эксплуатации: до +80°C.</li>
	<li>Магнит из неодима повышает силу сцепления в сравнении с самарием-кобальтом примерно на 10-20%.</li>
</ul>";K1402.16;16;4,5;9,69;Под заказ;902,53;;;3,5;27;;13;;;;;;;;;;;;;;;;"<span style=""font-family: 'Open Sans', sans-serif""><h2><span style=""font-size: 13pt"">Материалы:</span></h2>
<ul>
	<li>Корпус и крюк из стали.</li>
	<li>Магнитный сердечник из неодима (NdFeB).</li>
</ul>
<hr>
<h2><span style=""font-size: 13pt"">Исполнение:</span></h2>
<ul>
	<li>Экранированные магниты.</li>
	<li>Сталь оцинкованная.</li>
</ul>
<hr>
<h2><span style=""font-size: 13pt"">Указания по применению:</span></h2>
<ul>
	<li>Данные магниты хорошо подходят в качестве креплений (держателей).</li>
	<li>Температура эксплуатации: до +80°C.</li>
	<li>Магнит из неодима повышает силу сцепления в сравнении с самарием-кобальтом примерно на 10-20%.</li>
</ul></span>"
K1402 Магниты дисковые с крюком неодимовые;https://alterv.ru/catalog/magnity_postoyannye/k1402_magnity_diskovye_s_kryukom_neodimovye/;Kipp;Главная > Каталог > Промышленная фурнитура > Магниты постоянные > K1402 Магниты дисковые с крюком неодимовые;https://alterv.ru/upload/iblock/121/k1402_magnity_diskovye.jpg;https://alterv.ru/upload/iblock/b7e/Z09069_10_K1402.jpg;"<h2><span style=""font-size: 13pt;"">Материалы:</span></h2>
<ul>
	<li>Корпус и крюк из стали.</li>
	<li>Магнитный сердечник из неодима (NdFeB).</li>
</ul>
<hr>
<h2><span style=""font-size: 13pt;"">Исполнение:</span></h2>
<ul>
	<li>Экранированные магниты.</li>
	<li>Сталь оцинкованная.</li>
</ul>
<hr>
<h2><span style=""font-size: 13pt;"">Указания по применению:</span></h2>
<ul>
	<li>Данные магниты хорошо подходят в качестве креплений (держателей).</li>
	<li>Температура эксплуатации: до +80°C.</li>
	<li>Магнит из неодима повышает силу сцепления в сравнении с самарием-кобальтом примерно на 10-20%.</li>
</ul>";K1402.20;20;6;14,28;Под заказ;1291,32;;;3,5;27,5;;13;;;;;;;;;;;;;;;;"<span style=""font-family: 'Open Sans', sans-serif""><h2><span style=""font-size: 13pt"">Материалы:</span></h2>
<ul>
	<li>Корпус и крюк из стали.</li>
	<li>Магнитный сердечник из неодима (NdFeB).</li>
</ul>
<hr>
<h2><span style=""font-size: 13pt"">Исполнение:</span></h2>
<ul>
	<li>Экранированные магниты.</li>
	<li>Сталь оцинкованная.</li>
</ul>
<hr>
<h2><span style=""font-size: 13pt"">Указания по применению:</span></h2>
<ul>
	<li>Данные магниты хорошо подходят в качестве креплений (держателей).</li>
	<li>Температура эксплуатации: до +80°C.</li>
	<li>Магнит из неодима повышает силу сцепления в сравнении с самарием-кобальтом примерно на 10-20%.</li>
</ul></span>"
K1402 Магниты дисковые с крюком неодимовые;https://alterv.ru/catalog/magnity_postoyannye/k1402_magnity_diskovye_s_kryukom_neodimovye/;Kipp;Главная > Каталог > Промышленная фурнитура > Магниты постоянные > K1402 Магниты дисковые с крюком неодимовые;https://alterv.ru/upload/iblock/121/k1402_magnity_diskovye.jpg;https://alterv.ru/upload/iblock/b7e/Z09069_10_K1402.jpg;"<h2><span style=""font-size: 13pt;"">Материалы:</span></h2>
<ul>
	<li>Корпус и крюк из стали.</li>
	<li>Магнитный сердечник из неодима (NdFeB).</li>
</ul>
<hr>
<h2><span style=""font-size: 13pt;"">Исполнение:</span></h2>
<ul>
	<li>Экранированные магниты.</li>
	<li>Сталь оцинкованная.</li>
</ul>
<hr>
<h2><span style=""font-size: 13pt;"">Указания по применению:</span></h2>
<ul>
	<li>Данные магниты хорошо подходят в качестве креплений (держателей).</li>
	<li>Температура эксплуатации: до +80°C.</li>
	<li>Магнит из неодима повышает силу сцепления в сравнении с самарием-кобальтом примерно на 10-20%.</li>
</ul>";K1402.25;25;7;20,39;Под заказ;1842,1;;;3,5;28;;13;;;;;;;;;;;;;;;;"<span style=""font-family: 'Open Sans', sans-serif""><h2><span style=""font-size: 13pt"">Материалы:</span></h2>
<ul>
	<li>Корпус и крюк из стали.</li>
	<li>Магнитный сердечник из неодима (NdFeB).</li>
</ul>
<hr>
<h2><span style=""font-size: 13pt"">Исполнение:</span></h2>
<ul>
	<li>Экранированные магниты.</li>
	<li>Сталь оцинкованная.</li>
</ul>
<hr>
<h2><span style=""font-size: 13pt"">Указания по применению:</span></h2>
<ul>
	<li>Данные магниты хорошо подходят в качестве креплений (держателей).</li>
	<li>Температура эксплуатации: до +80°C.</li>
	<li>Магнит из неодима повышает силу сцепления в сравнении с самарием-кобальтом примерно на 10-20%.</li>
</ul></span>"
K1402 Магниты дисковые с крюком неодимовые;https://alterv.ru/catalog/magnity_postoyannye/k1402_magnity_diskovye_s_kryukom_neodimovye/;Kipp;Главная > Каталог > Промышленная фурнитура > Магниты постоянные > K1402 Магниты дисковые с крюком неодимовые;https://alterv.ru/upload/iblock/121/k1402_magnity_diskovye.jpg;https://alterv.ru/upload/iblock/b7e/Z09069_10_K1402.jpg;"<h2><span style=""font-size: 13pt;"">Материалы:</span></h2>
<ul>
	<li>Корпус и крюк из стали.</li>
	<li>Магнитный сердечник из неодима (NdFeB).</li>
</ul>
<hr>
<h2><span style=""font-size: 13pt;"">Исполнение:</span></h2>
<ul>
	<li>Экранированные магниты.</li>
	<li>Сталь оцинкованная.</li>
</ul>
<hr>
<h2><span style=""font-size: 13pt;"">Указания по применению:</span></h2>
<ul>
	<li>Данные магниты хорошо подходят в качестве креплений (держателей).</li>
	<li>Температура эксплуатации: до +80°C.</li>
	<li>Магнит из неодима повышает силу сцепления в сравнении с самарием-кобальтом примерно на 10-20%.</li>
</ul>";K1402.32;32;7;35,69;Под заказ;2610,42;;;4,5;38;;18,5;;;;;;;;;;;;;;;;"<span style=""font-family: 'Open Sans', sans-serif""><h2><span style=""font-size: 13pt"">Материалы:</span></h2>
<ul>
	<li>Корпус и крюк из стали.</li>
	<li>Магнитный сердечник из неодима (NdFeB).</li>
</ul>
<hr>
<h2><span style=""font-size: 13pt"">Исполнение:</span></h2>
<ul>
	<li>Экранированные магниты.</li>
	<li>Сталь оцинкованная.</li>
</ul>
<hr>
<h2><span style=""font-size: 13pt"">Указания по применению:</span></h2>
<ul>
	<li>Данные магниты хорошо подходят в качестве креплений (держателей).</li>
	<li>Температура эксплуатации: до +80°C.</li>
	<li>Магнит из неодима повышает силу сцепления в сравнении с самарием-кобальтом примерно на 10-20%.</li>
</ul></span>"
K1403 Магниты цилиндрические неодимовые экранированные;https://alterv.ru/catalog/magnity_postoyannye/k1403_magnity_tsilindricheskie_neodimovye_ekranirovannye/;Kipp;Главная > Каталог > Промышленная фурнитура > Магниты постоянные > K1403 Магниты цилиндрические неодимовые экранированные;https://alterv.ru/upload/iblock/b31/k1403_magnity_cilindricheskie.jpg, https://alterv.ru/upload/iblock/fc0/k1403_magnity_obrabotka.png;https://alterv.ru/upload/iblock/8a8/Z09067_11_K1403.jpg;"<h2><span style=""font-size: 13pt;"">Материалы:</span></h2>
<ul>
	<li>Корпус из латуни.</li>
	<li>Магнитный сердечник из неодима (NdFeB).</li>
</ul>
<hr>
<h2><span style=""font-size: 13pt;"">Исполнение:</span></h2>
<ul>
	<li>Гладкий корпус.</li>
	<li>Диаметр ""D"" шлифованный.</li>
</ul>
<hr>
<h2><span style=""font-size: 13pt;"">Указания по применению:</span></h2>
<ul>
	<li>Данные магниты хорошо подходят для эксплуатации в условиях высокой температуры (максимальная до +150°C).</li>
	<li>Размеры ""A"" и ""B"" обрабатываются и могут быть уменьшены.</li>
	<li>Цилиндрические магниты можно установить методами запрессовки, вкручивания или вклеивания.</li>
	<li>Внимание! Цилиндрические магниты из неодима нельзя напрямую впрессовывать в железо, так как в результате магнитного замыкания возникнут потери силы сцепления.</li>
</ul>";K1403.06;6;20;0,92;Под заказ;800,72;;;;10;;;;1,5;;;;3;;;;;;;;1,22;;"<span style=""font-family: 'Open Sans', sans-serif""><h2><span style=""font-size: 13pt"">Материалы:</span></h2>
<ul>
	<li>Корпус из латуни.</li>
	<li>Магнитный сердечник из неодима (NdFeB).</li>
</ul>
<hr>
<h2><span style=""font-size: 13pt"">Исполнение:</span></h2>
<ul>
	<li>Гладкий корпус.</li>
	<li>Диаметр ""D"" шлифованный.</li>
</ul>
<hr>
<h2><span style=""font-size: 13pt"">Указания по применению:</span></h2>
<ul>
	<li>Данные магниты хорошо подходят для эксплуатации в условиях высокой температуры (максимальная до +150°C).</li>
	<li>Размеры ""A"" и ""B"" обрабатываются и могут быть уменьшены.</li>
	<li>Цилиндрические магниты можно установить методами запрессовки, вкручивания или вклеивания.</li>
	<li>Внимание! Цилиндрические магниты из неодима нельзя напрямую впрессовывать в железо, так как в результате магнитного замыкания возникнут потери силы сцепления.</li>
</ul></span>"
K1403 Магниты цилиндрические неодимовые экранированные;https://alterv.ru/catalog/magnity_postoyannye/k1403_magnity_tsilindricheskie_neodimovye_ekranirovannye/;Kipp;Главная > Каталог > Промышленная фурнитура > Магниты постоянные > K1403 Магниты цилиндрические неодимовые экранированные;https://alterv.ru/upload/iblock/b31/k1403_magnity_cilindricheskie.jpg, https://alterv.ru/upload/iblock/fc0/k1403_magnity_obrabotka.png;https://alterv.ru/upload/iblock/8a8/Z09067_11_K1403.jpg;"<h2><span style=""font-size: 13pt;"">Материалы:</span></h2>
<ul>
	<li>Корпус из латуни.</li>
	<li>Магнитный сердечник из неодима (NdFeB).</li>
</ul>
<hr>
<h2><span style=""font-size: 13pt;"">Исполнение:</span></h2>
<ul>
	<li>Гладкий корпус.</li>
	<li>Диаметр ""D"" шлифованный.</li>
</ul>
<hr>
<h2><span style=""font-size: 13pt;"">Указания по применению:</span></h2>
<ul>
	<li>Данные магниты хорошо подходят для эксплуатации в условиях высокой температуры (максимальная до +150°C).</li>
	<li>Размеры ""A"" и ""B"" обрабатываются и могут быть уменьшены.</li>
	<li>Цилиндрические магниты можно установить методами запрессовки, вкручивания или вклеивания.</li>
	<li>Внимание! Цилиндрические магниты из неодима нельзя напрямую впрессовывать в железо, так как в результате магнитного замыкания возникнут потери силы сцепления.</li>
</ul>";K1403.08;8;20;2,24;Под заказ;930,31;;;;10;;;;1,5;;;;3;;;;;;;;2,96;;"<span style=""font-family: 'Open Sans', sans-serif""><h2><span style=""font-size: 13pt"">Материалы:</span></h2>
<ul>
	<li>Корпус из латуни.</li>
	<li>Магнитный сердечник из неодима (NdFeB).</li>
</ul>
<hr>
<h2><span style=""font-size: 13pt"">Исполнение:</span></h2>
<ul>
	<li>Гладкий корпус.</li>
	<li>Диаметр ""D"" шлифованный.</li>
</ul>
<hr>
<h2><span style=""font-size: 13pt"">Указания по применению:</span></h2>
<ul>
	<li>Данные магниты хорошо подходят для эксплуатации в условиях высокой температуры (максимальная до +150°C).</li>
	<li>Размеры ""A"" и ""B"" обрабатываются и могут быть уменьшены.</li>
	<li>Цилиндрические магниты можно установить методами запрессовки, вкручивания или вклеивания.</li>
	<li>Внимание! Цилиндрические магниты из неодима нельзя напрямую впрессовывать в железо, так как в результате магнитного замыкания возникнут потери силы сцепления.</li>
</ul></span>"
K1403 Магниты цилиндрические неодимовые экранированные;https://alterv.ru/catalog/magnity_postoyannye/k1403_magnity_tsilindricheskie_neodimovye_ekranirovannye/;Kipp;Главная > Каталог > Промышленная фурнитура > Магниты постоянные > K1403 Магниты цилиндрические неодимовые экранированные;https://alterv.ru/upload/iblock/b31/k1403_magnity_cilindricheskie.jpg, https://alterv.ru/upload/iblock/fc0/k1403_magnity_obrabotka.png;https://alterv.ru/upload/iblock/8a8/Z09067_11_K1403.jpg;"<h2><span style=""font-size: 13pt;"">Материалы:</span></h2>
<ul>
	<li>Корпус из латуни.</li>
	<li>Магнитный сердечник из неодима (NdFeB).</li>
</ul>
<hr>
<h2><span style=""font-size: 13pt;"">Исполнение:</span></h2>
<ul>
	<li>Гладкий корпус.</li>
	<li>Диаметр ""D"" шлифованный.</li>
</ul>
<hr>
<h2><span style=""font-size: 13pt;"">Указания по применению:</span></h2>
<ul>
	<li>Данные магниты хорошо подходят для эксплуатации в условиях высокой температуры (максимальная до +150°C).</li>
	<li>Размеры ""A"" и ""B"" обрабатываются и могут быть уменьшены.</li>
	<li>Цилиндрические магниты можно установить методами запрессовки, вкручивания или вклеивания.</li>
	<li>Внимание! Цилиндрические магниты из неодима нельзя напрямую впрессовывать в железо, так как в результате магнитного замыкания возникнут потери силы сцепления.</li>
</ul>";K1403.10;10;20;2,75;Под заказ;1129,33;;;;8;;;;2;;;;5;;;;;;;;3,87;;"<span style=""font-family: 'Open Sans', sans-serif""><h2><span style=""font-size: 13pt"">Материалы:</span></h2>
<ul>
	<li>Корпус из латуни.</li>
	<li>Магнитный сердечник из неодима (NdFeB).</li>
</ul>
<hr>
<h2><span style=""font-size: 13pt"">Исполнение:</span></h2>
<ul>
	<li>Гладкий корпус.</li>
	<li>Диаметр ""D"" шлифованный.</li>
</ul>
<hr>
<h2><span style=""font-size: 13pt"">Указания по применению:</span></h2>
<ul>
	<li>Данные магниты хорошо подходят для эксплуатации в условиях высокой температуры (максимальная до +150°C).</li>
	<li>Размеры ""A"" и ""B"" обрабатываются и могут быть уменьшены.</li>
	<li>Цилиндрические магниты можно установить методами запрессовки, вкручивания или вклеивания.</li>
	<li>Внимание! Цилиндрические магниты из неодима нельзя напрямую впрессовывать в железо, так как в результате магнитного замыкания возникнут потери силы сцепления.</li>
</ul></span>"
K1403 Магниты цилиндрические неодимовые экранированные;https://alterv.ru/catalog/magnity_postoyannye/k1403_magnity_tsilindricheskie_neodimovye_ekranirovannye/;Kipp;Главная > Каталог > Промышленная фурнитура > Магниты постоянные > K1403 Магниты цилиндрические неодимовые экранированные;https://alterv.ru/upload/iblock/b31/k1403_magnity_cilindricheskie.jpg, https://alterv.ru/upload/iblock/fc0/k1403_magnity_obrabotka.png;https://alterv.ru/upload/iblock/8a8/Z09067_11_K1403.jpg;"<h2><span style=""font-size: 13pt;"">Материалы:</span></h2>
<ul>
	<li>Корпус из латуни.</li>
	<li>Магнитный сердечник из неодима (NdFeB).</li>
</ul>
<hr>
<h2><span style=""font-size: 13pt;"">Исполнение:</span></h2>
<ul>
	<li>Гладкий корпус.</li>
	<li>Диаметр ""D"" шлифованный.</li>
</ul>
<hr>
<h2><span style=""font-size: 13pt;"">Указания по применению:</span></h2>
<ul>
	<li>Данные магниты хорошо подходят для эксплуатации в условиях высокой температуры (максимальная до +150°C).</li>
	<li>Размеры ""A"" и ""B"" обрабатываются и могут быть уменьшены.</li>
	<li>Цилиндрические магниты можно установить методами запрессовки, вкручивания или вклеивания.</li>
	<li>Внимание! Цилиндрические магниты из неодима нельзя напрямую впрессовывать в железо, так как в результате магнитного замыкания возникнут потери силы сцепления.</li>
</ul>";K1403.13;13;20;5;Под заказ;1323,72;;;;6;;;;2,5;;;;5;;;;;;;;6,73;;"<span style=""font-family: 'Open Sans', sans-serif""><h2><span style=""font-size: 13pt"">Материалы:</span></h2>
<ul>
	<li>Корпус из латуни.</li>
	<li>Магнитный сердечник из неодима (NdFeB).</li>
</ul>
<hr>
<h2><span style=""font-size: 13pt"">Исполнение:</span></h2>
<ul>
	<li>Гладкий корпус.</li>
	<li>Диаметр ""D"" шлифованный.</li>
</ul>
<hr>
<h2><span style=""font-size: 13pt"">Указания по применению:</span></h2>
<ul>
	<li>Данные магниты хорошо подходят для эксплуатации в условиях высокой температуры (максимальная до +150°C).</li>
	<li>Размеры ""A"" и ""B"" обрабатываются и могут быть уменьшены.</li>
	<li>Цилиндрические магниты можно установить методами запрессовки, вкручивания или вклеивания.</li>
	<li>Внимание! Цилиндрические магниты из неодима нельзя напрямую впрессовывать в железо, так как в результате магнитного замыкания возникнут потери силы сцепления.</li>
</ul></span>"
K1403 Магниты цилиндрические неодимовые экранированные;https://alterv.ru/catalog/magnity_postoyannye/k1403_magnity_tsilindricheskie_neodimovye_ekranirovannye/;Kipp;Главная > Каталог > Промышленная фурнитура > Магниты постоянные > K1403 Магниты цилиндрические неодимовые экранированные;https://alterv.ru/upload/iblock/b31/k1403_magnity_cilindricheskie.jpg, https://alterv.ru/upload/iblock/fc0/k1403_magnity_obrabotka.png;https://alterv.ru/upload/iblock/8a8/Z09067_11_K1403.jpg;"<h2><span style=""font-size: 13pt;"">Материалы:</span></h2>
<ul>
	<li>Корпус из латуни.</li>
	<li>Магнитный сердечник из неодима (NdFeB).</li>
</ul>
<hr>
<h2><span style=""font-size: 13pt;"">Исполнение:</span></h2>
<ul>
	<li>Гладкий корпус.</li>
	<li>Диаметр ""D"" шлифованный.</li>
</ul>
<hr>
<h2><span style=""font-size: 13pt;"">Указания по применению:</span></h2>
<ul>
	<li>Данные магниты хорошо подходят для эксплуатации в условиях высокой температуры (максимальная до +150°C).</li>
	<li>Размеры ""A"" и ""B"" обрабатываются и могут быть уменьшены.</li>
	<li>Цилиндрические магниты можно установить методами запрессовки, вкручивания или вклеивания.</li>
	<li>Внимание! Цилиндрические магниты из неодима нельзя напрямую впрессовывать в железо, так как в результате магнитного замыкания возникнут потери силы сцепления.</li>
</ul>";K1403.16;16;20;9,59;Под заказ;1693,99;;;;2;;;;3;;;;6;;;;;;;;11,01;;"<span style=""font-family: 'Open Sans', sans-serif""><h2><span style=""font-size: 13pt"">Материалы:</span></h2>
<ul>
	<li>Корпус из латуни.</li>
	<li>Магнитный сердечник из неодима (NdFeB).</li>
</ul>
<hr>
<h2><span style=""font-size: 13pt"">Исполнение:</span></h2>
<ul>
	<li>Гладкий корпус.</li>
	<li>Диаметр ""D"" шлифованный.</li>
</ul>
<hr>
<h2><span style=""font-size: 13pt"">Указания по применению:</span></h2>
<ul>
	<li>Данные магниты хорошо подходят для эксплуатации в условиях высокой температуры (максимальная до +150°C).</li>
	<li>Размеры ""A"" и ""B"" обрабатываются и могут быть уменьшены.</li>
	<li>Цилиндрические магниты можно установить методами запрессовки, вкручивания или вклеивания.</li>
	<li>Внимание! Цилиндрические магниты из неодима нельзя напрямую впрессовывать в железо, так как в результате магнитного замыкания возникнут потери силы сцепления.</li>
</ul></span>"
K1403 Магниты цилиндрические неодимовые экранированные;https://alterv.ru/catalog/magnity_postoyannye/k1403_magnity_tsilindricheskie_neodimovye_ekranirovannye/;Kipp;Главная > Каталог > Промышленная фурнитура > Магниты постоянные > K1403 Магниты цилиндрические неодимовые экранированные;https://alterv.ru/upload/iblock/b31/k1403_magnity_cilindricheskie.jpg, https://alterv.ru/upload/iblock/fc0/k1403_magnity_obrabotka.png;https://alterv.ru/upload/iblock/8a8/Z09067_11_K1403.jpg;"<h2><span style=""font-size: 13pt;"">Материалы:</span></h2>
<ul>
	<li>Корпус из латуни.</li>
	<li>Магнитный сердечник из неодима (NdFeB).</li>
</ul>
<hr>
<h2><span style=""font-size: 13pt;"">Исполнение:</span></h2>
<ul>
	<li>Гладкий корпус.</li>
	<li>Диаметр ""D"" шлифованный.</li>
</ul>
<hr>
<h2><span style=""font-size: 13pt;"">Указания по применению:</span></h2>
<ul>
	<li>Данные магниты хорошо подходят для эксплуатации в условиях высокой температуры (максимальная до +150°C).</li>
	<li>Размеры ""A"" и ""B"" обрабатываются и могут быть уменьшены.</li>
	<li>Цилиндрические магниты можно установить методами запрессовки, вкручивания или вклеивания.</li>
	<li>Внимание! Цилиндрические магниты из неодима нельзя напрямую впрессовывать в железо, так как в результате магнитного замыкания возникнут потери силы сцепления.</li>
</ul>";K1403.20;20;25;17,64;Под заказ;2318,82;;;;5;;;;4;;;;7;;;;;;;;23,96;;"<span style=""font-family: 'Open Sans', sans-serif""><h2><span style=""font-size: 13pt"">Материалы:</span></h2>
<ul>
	<li>Корпус из латуни.</li>
	<li>Магнитный сердечник из неодима (NdFeB).</li>
</ul>
<hr>
<h2><span style=""font-size: 13pt"">Исполнение:</span></h2>
<ul>
	<li>Гладкий корпус.</li>
	<li>Диаметр ""D"" шлифованный.</li>
</ul>
<hr>
<h2><span style=""font-size: 13pt"">Указания по применению:</span></h2>
<ul>
	<li>Данные магниты хорошо подходят для эксплуатации в условиях высокой температуры (максимальная до +150°C).</li>
	<li>Размеры ""A"" и ""B"" обрабатываются и могут быть уменьшены.</li>
	<li>Цилиндрические магниты можно установить методами запрессовки, вкручивания или вклеивания.</li>
	<li>Внимание! Цилиндрические магниты из неодима нельзя напрямую впрессовывать в железо, так как в результате магнитного замыкания возникнут потери силы сцепления.</li>
</ul></span>"
K1403 Магниты цилиндрические неодимовые экранированные;https://alterv.ru/catalog/magnity_postoyannye/k1403_magnity_tsilindricheskie_neodimovye_ekranirovannye/;Kipp;Главная > Каталог > Промышленная фурнитура > Магниты постоянные > K1403 Магниты цилиндрические неодимовые экранированные;https://alterv.ru/upload/iblock/b31/k1403_magnity_cilindricheskie.jpg, https://alterv.ru/upload/iblock/fc0/k1403_magnity_obrabotka.png;https://alterv.ru/upload/iblock/8a8/Z09067_11_K1403.jpg;"<h2><span style=""font-size: 13pt;"">Материалы:</span></h2>
<ul>
	<li>Корпус из латуни.</li>
	<li>Магнитный сердечник из неодима (NdFeB).</li>
</ul>
<hr>
<h2><span style=""font-size: 13pt;"">Исполнение:</span></h2>
<ul>
	<li>Гладкий корпус.</li>
	<li>Диаметр ""D"" шлифованный.</li>
</ul>
<hr>
<h2><span style=""font-size: 13pt;"">Указания по применению:</span></h2>
<ul>
	<li>Данные магниты хорошо подходят для эксплуатации в условиях высокой температуры (максимальная до +150°C).</li>
	<li>Размеры ""A"" и ""B"" обрабатываются и могут быть уменьшены.</li>
	<li>Цилиндрические магниты можно установить методами запрессовки, вкручивания или вклеивания.</li>
	<li>Внимание! Цилиндрические магниты из неодима нельзя напрямую впрессовывать в железо, так как в результате магнитного замыкания возникнут потери силы сцепления.</li>
</ul>";K1403.25;25;35;29,78;Под заказ;4512,7;;;;7;;;;5;;;;8;;;;;;;;38,75;;"<span style=""font-family: 'Open Sans', sans-serif""><h2><span style=""font-size: 13pt"">Материалы:</span></h2>
<ul>
	<li>Корпус из латуни.</li>
	<li>Магнитный сердечник из неодима (NdFeB).</li>
</ul>
<hr>
<h2><span style=""font-size: 13pt"">Исполнение:</span></h2>
<ul>
	<li>Гладкий корпус.</li>
	<li>Диаметр ""D"" шлифованный.</li>
</ul>
<hr>
<h2><span style=""font-size: 13pt"">Указания по применению:</span></h2>
<ul>
	<li>Данные магниты хорошо подходят для эксплуатации в условиях высокой температуры (максимальная до +150°C).</li>
	<li>Размеры ""A"" и ""B"" обрабатываются и могут быть уменьшены.</li>
	<li>Цилиндрические магниты можно установить методами запрессовки, вкручивания или вклеивания.</li>
	<li>Внимание! Цилиндрические магниты из неодима нельзя напрямую впрессовывать в железо, так как в результате магнитного замыкания возникнут потери силы сцепления.</li>
</ul></span>"
K1403 Магниты цилиндрические неодимовые экранированные;https://alterv.ru/catalog/magnity_postoyannye/k1403_magnity_tsilindricheskie_neodimovye_ekranirovannye/;Kipp;Главная > Каталог > Промышленная фурнитура > Магниты постоянные > K1403 Магниты цилиндрические неодимовые экранированные;https://alterv.ru/upload/iblock/b31/k1403_magnity_cilindricheskie.jpg, https://alterv.ru/upload/iblock/fc0/k1403_magnity_obrabotka.png;https://alterv.ru/upload/iblock/8a8/Z09067_11_K1403.jpg;"<h2><span style=""font-size: 13pt;"">Материалы:</span></h2>
<ul>
	<li>Корпус из латуни.</li>
	<li>Магнитный сердечник из неодима (NdFeB).</li>
</ul>
<hr>
<h2><span style=""font-size: 13pt;"">Исполнение:</span></h2>
<ul>
	<li>Гладкий корпус.</li>
	<li>Диаметр ""D"" шлифованный.</li>
</ul>
<hr>
<h2><span style=""font-size: 13pt;"">Указания по применению:</span></h2>
<ul>
	<li>Данные магниты хорошо подходят для эксплуатации в условиях высокой температуры (максимальная до +150°C).</li>
	<li>Размеры ""A"" и ""B"" обрабатываются и могут быть уменьшены.</li>
	<li>Цилиндрические магниты можно установить методами запрессовки, вкручивания или вклеивания.</li>
	<li>Внимание! Цилиндрические магниты из неодима нельзя напрямую впрессовывать в железо, так как в результате магнитного замыкания возникнут потери силы сцепления.</li>
</ul>";K1403.32;32;40;53,94;Под заказ;7447,09;;;;4,5;;;;6;;;;10;;;;;;;;65,26;;"<span style=""font-family: 'Open Sans', sans-serif""><h2><span style=""font-size: 13pt"">Материалы:</span></h2>
<ul>
	<li>Корпус из латуни.</li>
	<li>Магнитный сердечник из неодима (NdFeB).</li>
</ul>
<hr>
<h2><span style=""font-size: 13pt"">Исполнение:</span></h2>
<ul>
	<li>Гладкий корпус.</li>
	<li>Диаметр ""D"" шлифованный.</li>
</ul>
<hr>
<h2><span style=""font-size: 13pt"">Указания по применению:</span></h2>
<ul>
	<li>Данные магниты хорошо подходят для эксплуатации в условиях высокой температуры (максимальная до +150°C).</li>
	<li>Размеры ""A"" и ""B"" обрабатываются и могут быть уменьшены.</li>
	<li>Цилиндрические магниты можно установить методами запрессовки, вкручивания или вклеивания.</li>
	<li>Внимание! Цилиндрические магниты из неодима нельзя напрямую впрессовывать в железо, так как в результате магнитного замыкания возникнут потери силы сцепления.</li>
</ul></span>"
K1404 Магниты дисковые неодимовые;https://alterv.ru/catalog/magnity_postoyannye/k1404_magnity_diskovye_neodimovye/;Kipp;Главная > Каталог > Промышленная фурнитура > Магниты постоянные > K1404 Магниты дисковые неодимовые;https://alterv.ru/upload/iblock/063/k1404_magnity_diskovye_neodimovye.jpg;https://alterv.ru/upload/iblock/828/Z09000_K1404.jpg;"<h2><span style=""font-size: 13pt;"">Материал:</span></h2>
<ul>
	<li>NdFeB N35 (неодим).</li>
</ul>
<hr>
<h2><span style=""font-size: 13pt;"">Исполнение:</span></h2>
<ul>
	<li>Магниты не экранированные, никелированные.</li>
</ul>
<hr>
<h2><span style=""font-size: 13pt;"">Указания по применению:</span></h2>
<ul>
	<li>Температура эксплуатации: до +80 °C.</li>
	<li>Дисковые магниты можно установить методами запрессовки или вклеивания.</li>
</ul>";K1404.05;5 ±0,1;3 ±0,1;0,51;Под заказ;162;;;;;;;;;;;;;;;;;;;;;;"<span style=""font-family: 'Open Sans', sans-serif""><h2><span style=""font-size: 13pt"">Материал:</span></h2>
<ul>
	<li>NdFeB N35 (неодим).</li>
</ul>
<hr>
<h2><span style=""font-size: 13pt"">Исполнение:</span></h2>
<ul>
	<li>Магниты не экранированные, никелированные.</li>
</ul>
<hr>
<h2><span style=""font-size: 13pt"">Указания по применению:</span></h2>
<ul>
	<li>Температура эксплуатации: до +80 °C.</li>
	<li>Дисковые магниты можно установить методами запрессовки или вклеивания.</li>
</ul></span>"
K1404 Магниты дисковые неодимовые;https://alterv.ru/catalog/magnity_postoyannye/k1404_magnity_diskovye_neodimovye/;Kipp;Главная > Каталог > Промышленная фурнитура > Магниты постоянные > K1404 Магниты дисковые неодимовые;https://alterv.ru/upload/iblock/063/k1404_magnity_diskovye_neodimovye.jpg;https://alterv.ru/upload/iblock/828/Z09000_K1404.jpg;"<h2><span style=""font-size: 13pt;"">Материал:</span></h2>
<ul>
	<li>NdFeB N35 (неодим).</li>
</ul>
<hr>
<h2><span style=""font-size: 13pt;"">Исполнение:</span></h2>
<ul>
	<li>Магниты не экранированные, никелированные.</li>
</ul>
<hr>
<h2><span style=""font-size: 13pt;"">Указания по применению:</span></h2>
<ul>
	<li>Температура эксплуатации: до +80 °C.</li>
	<li>Дисковые магниты можно установить методами запрессовки или вклеивания.</li>
</ul>";K1404.06;6 ±0,1;3 ±0,1;0,76;Под заказ;166,62;;;;;;;;;;;;;;;;;;;;;;"<span style=""font-family: 'Open Sans', sans-serif""><h2><span style=""font-size: 13pt"">Материал:</span></h2>
<ul>
	<li>NdFeB N35 (неодим).</li>
</ul>
<hr>
<h2><span style=""font-size: 13pt"">Исполнение:</span></h2>
<ul>
	<li>Магниты не экранированные, никелированные.</li>
</ul>
<hr>
<h2><span style=""font-size: 13pt"">Указания по применению:</span></h2>
<ul>
	<li>Температура эксплуатации: до +80 °C.</li>
	<li>Дисковые магниты можно установить методами запрессовки или вклеивания.</li>
</ul></span>"
K1404 Магниты дисковые неодимовые;https://alterv.ru/catalog/magnity_postoyannye/k1404_magnity_diskovye_neodimovye/;Kipp;Главная > Каталог > Промышленная фурнитура > Магниты постоянные > K1404 Магниты дисковые неодимовые;https://alterv.ru/upload/iblock/063/k1404_magnity_diskovye_neodimovye.jpg;https://alterv.ru/upload/iblock/828/Z09000_K1404.jpg;"<h2><span style=""font-size: 13pt;"">Материал:</span></h2>
<ul>
	<li>NdFeB N35 (неодим).</li>
</ul>
<hr>
<h2><span style=""font-size: 13pt;"">Исполнение:</span></h2>
<ul>
	<li>Магниты не экранированные, никелированные.</li>
</ul>
<hr>
<h2><span style=""font-size: 13pt;"">Указания по применению:</span></h2>
<ul>
	<li>Температура эксплуатации: до +80 °C.</li>
	<li>Дисковые магниты можно установить методами запрессовки или вклеивания.</li>
</ul>";K1404.08;8 ±0,1;4 ±0,1;1,33;Под заказ;212,91;;;;;;;;;;;;;;;;;;;;;;"<span style=""font-family: 'Open Sans', sans-serif""><h2><span style=""font-size: 13pt"">Материал:</span></h2>
<ul>
	<li>NdFeB N35 (неодим).</li>
</ul>
<hr>
<h2><span style=""font-size: 13pt"">Исполнение:</span></h2>
<ul>
	<li>Магниты не экранированные, никелированные.</li>
</ul>
<hr>
<h2><span style=""font-size: 13pt"">Указания по применению:</span></h2>
<ul>
	<li>Температура эксплуатации: до +80 °C.</li>
	<li>Дисковые магниты можно установить методами запрессовки или вклеивания.</li>
</ul></span>"
K1404 Магниты дисковые неодимовые;https://alterv.ru/catalog/magnity_postoyannye/k1404_magnity_diskovye_neodimovye/;Kipp;Главная > Каталог > Промышленная фурнитура > Магниты постоянные > K1404 Магниты дисковые неодимовые;https://alterv.ru/upload/iblock/063/k1404_magnity_diskovye_neodimovye.jpg;https://alterv.ru/upload/iblock/828/Z09000_K1404.jpg;"<h2><span style=""font-size: 13pt;"">Материал:</span></h2>
<ul>
	<li>NdFeB N35 (неодим).</li>
</ul>
<hr>
<h2><span style=""font-size: 13pt;"">Исполнение:</span></h2>
<ul>
	<li>Магниты не экранированные, никелированные.</li>
</ul>
<hr>
<h2><span style=""font-size: 13pt;"">Указания по применению:</span></h2>
<ul>
	<li>Температура эксплуатации: до +80 °C.</li>
	<li>Дисковые магниты можно установить методами запрессовки или вклеивания.</li>
</ul>";K1404.10;10 ±0,1;3 ±0,1;1,53;Под заказ;268,45;;;;;;;;;;;;;;;;;;;;;;"<span style=""font-family: 'Open Sans', sans-serif""><h2><span style=""font-size: 13pt"">Материал:</span></h2>
<ul>
	<li>NdFeB N35 (неодим).</li>
</ul>
<hr>
<h2><span style=""font-size: 13pt"">Исполнение:</span></h2>
<ul>
	<li>Магниты не экранированные, никелированные.</li>
</ul>
<hr>
<h2><span style=""font-size: 13pt"">Указания по применению:</span></h2>
<ul>
	<li>Температура эксплуатации: до +80 °C.</li>
	<li>Дисковые магниты можно установить методами запрессовки или вклеивания.</li>
</ul></span>"
K1404 Магниты дисковые неодимовые;https://alterv.ru/catalog/magnity_postoyannye/k1404_magnity_diskovye_neodimovye/;Kipp;Главная > Каталог > Промышленная фурнитура > Магниты постоянные > K1404 Магниты дисковые неодимовые;https://alterv.ru/upload/iblock/063/k1404_magnity_diskovye_neodimovye.jpg;https://alterv.ru/upload/iblock/828/Z09000_K1404.jpg;"<h2><span style=""font-size: 13pt;"">Материал:</span></h2>
<ul>
	<li>NdFeB N35 (неодим).</li>
</ul>
<hr>
<h2><span style=""font-size: 13pt;"">Исполнение:</span></h2>
<ul>
	<li>Магниты не экранированные, никелированные.</li>
</ul>
<hr>
<h2><span style=""font-size: 13pt;"">Указания по применению:</span></h2>
<ul>
	<li>Температура эксплуатации: до +80 °C.</li>
	<li>Дисковые магниты можно установить методами запрессовки или вклеивания.</li>
</ul>";K1404.12;12 ±0,1;3 ±0,1;2,04;Под заказ;328,63;;;;;;;;;;;;;;;;;;;;;;"<span style=""font-family: 'Open Sans', sans-serif""><h2><span style=""font-size: 13pt"">Материал:</span></h2>
<ul>
	<li>NdFeB N35 (неодим).</li>
</ul>
<hr>
<h2><span style=""font-size: 13pt"">Исполнение:</span></h2>
<ul>
	<li>Магниты не экранированные, никелированные.</li>
</ul>
<hr>
<h2><span style=""font-size: 13pt"">Указания по применению:</span></h2>
<ul>
	<li>Температура эксплуатации: до +80 °C.</li>
	<li>Дисковые магниты можно установить методами запрессовки или вклеивания.</li>
</ul></span>"
K1404 Магниты дисковые неодимовые;https://alterv.ru/catalog/magnity_postoyannye/k1404_magnity_diskovye_neodimovye/;Kipp;Главная > Каталог > Промышленная фурнитура > Магниты постоянные > K1404 Магниты дисковые неодимовые;https://alterv.ru/upload/iblock/063/k1404_magnity_diskovye_neodimovye.jpg;https://alterv.ru/upload/iblock/828/Z09000_K1404.jpg;"<h2><span style=""font-size: 13pt;"">Материал:</span></h2>
<ul>
	<li>NdFeB N35 (неодим).</li>
</ul>
<hr>
<h2><span style=""font-size: 13pt;"">Исполнение:</span></h2>
<ul>
	<li>Магниты не экранированные, никелированные.</li>
</ul>
<hr>
<h2><span style=""font-size: 13pt;"">Указания по применению:</span></h2>
<ul>
	<li>Температура эксплуатации: до +80 °C.</li>
	<li>Дисковые магниты можно установить методами запрессовки или вклеивания.</li>
</ul>";K1404.15;15 ±0,1;3 ±0,1;2,55;Под заказ;370,28;;;;;;;;;;;;;;;;;;;;;;"<span style=""font-family: 'Open Sans', sans-serif""><h2><span style=""font-size: 13pt"">Материал:</span></h2>
<ul>
	<li>NdFeB N35 (неодим).</li>
</ul>
<hr>
<h2><span style=""font-size: 13pt"">Исполнение:</span></h2>
<ul>
	<li>Магниты не экранированные, никелированные.</li>
</ul>
<hr>
<h2><span style=""font-size: 13pt"">Указания по применению:</span></h2>
<ul>
	<li>Температура эксплуатации: до +80 °C.</li>
	<li>Дисковые магниты можно установить методами запрессовки или вклеивания.</li>
</ul></span>"
K1404 Магниты дисковые неодимовые;https://alterv.ru/catalog/magnity_postoyannye/k1404_magnity_diskovye_neodimovye/;Kipp;Главная > Каталог > Промышленная фурнитура > Магниты постоянные > K1404 Магниты дисковые неодимовые;https://alterv.ru/upload/iblock/063/k1404_magnity_diskovye_neodimovye.jpg;https://alterv.ru/upload/iblock/828/Z09000_K1404.jpg;"<h2><span style=""font-size: 13pt;"">Материал:</span></h2>
<ul>
	<li>NdFeB N35 (неодим).</li>
</ul>
<hr>
<h2><span style=""font-size: 13pt;"">Исполнение:</span></h2>
<ul>
	<li>Магниты не экранированные, никелированные.</li>
</ul>
<hr>
<h2><span style=""font-size: 13pt;"">Указания по применению:</span></h2>
<ul>
	<li>Температура эксплуатации: до +80 °C.</li>
	<li>Дисковые магниты можно установить методами запрессовки или вклеивания.</li>
</ul>";K1404.18;18 ±0,1;3 ±0,1;3,37;Под заказ;476,72;;;;;;;;;;;;;;;;;;;;;;"<span style=""font-family: 'Open Sans', sans-serif""><h2><span style=""font-size: 13pt"">Материал:</span></h2>
<ul>
	<li>NdFeB N35 (неодим).</li>
</ul>
<hr>
<h2><span style=""font-size: 13pt"">Исполнение:</span></h2>
<ul>
	<li>Магниты не экранированные, никелированные.</li>
</ul>
<hr>
<h2><span style=""font-size: 13pt"">Указания по применению:</span></h2>
<ul>
	<li>Температура эксплуатации: до +80 °C.</li>
	<li>Дисковые магниты можно установить методами запрессовки или вклеивания.</li>
</ul></span>"
K1404 Магниты дисковые неодимовые;https://alterv.ru/catalog/magnity_postoyannye/k1404_magnity_diskovye_neodimovye/;Kipp;Главная > Каталог > Промышленная фурнитура > Магниты постоянные > K1404 Магниты дисковые неодимовые;https://alterv.ru/upload/iblock/063/k1404_magnity_diskovye_neodimovye.jpg;https://alterv.ru/upload/iblock/828/Z09000_K1404.jpg;"<h2><span style=""font-size: 13pt;"">Материал:</span></h2>
<ul>
	<li>NdFeB N35 (неодим).</li>
</ul>
<hr>
<h2><span style=""font-size: 13pt;"">Исполнение:</span></h2>
<ul>
	<li>Магниты не экранированные, никелированные.</li>
</ul>
<hr>
<h2><span style=""font-size: 13pt;"">Указания по применению:</span></h2>
<ul>
	<li>Температура эксплуатации: до +80 °C.</li>
	<li>Дисковые магниты можно установить методами запрессовки или вклеивания.</li>
</ul>";K1404.24;24 ±0,1;3 ±0,1;3,98;Под заказ;749,79;;;;;;;;;;;;;;;;;;;;;;"<span style=""font-family: 'Open Sans', sans-serif""><h2><span style=""font-size: 13pt"">Материал:</span></h2>
<ul>
	<li>NdFeB N35 (неодим).</li>
</ul>
<hr>
<h2><span style=""font-size: 13pt"">Исполнение:</span></h2>
<ul>
	<li>Магниты не экранированные, никелированные.</li>
</ul>
<hr>
<h2><span style=""font-size: 13pt"">Указания по применению:</span></h2>
<ul>
	<li>Температура эксплуатации: до +80 °C.</li>
	<li>Дисковые магниты можно установить методами запрессовки или вклеивания.</li>
</ul></span>"
K1405 Магниты кольцевые неодимовые;https://alterv.ru/catalog/magnity_postoyannye/k1405_magnity_diskovye_so_skvoznym_otverstiem_neodimovye/;Kipp;Главная > Каталог > Промышленная фурнитура > Магниты постоянные > K1405 Магниты кольцевые неодимовые;https://alterv.ru/upload/iblock/3cc/k1405_magnity_diskovye.jpg, https://alterv.ru/upload/iblock/917/k1405_magnity_diskovyea.jpg, https://alterv.ru/upload/iblock/b39/k1405_magnity_diskovyeb.jpg;https://alterv.ru/upload/iblock/b38/Z09001_K1405_nn_de_print.jpg, https://alterv.ru/upload/iblock/8cf/Z09001_K1405_nn_de_A.jpg;"<h2><span style=""font-size: 13pt;"">Материал:</span></h2>
<ul>
	<li>NdFeB N35 (неодим).</li>
</ul>
<hr>
<h2><span style=""font-size: 13pt;"">Исполнение:</span></h2>
<ul>
	<li>Магниты не экранированные, никелированные.</li>
</ul>
<hr>
<h2><span style=""font-size: 13pt;"">Указания по применению:</span></h2>
<ul>
	<li>Данные магниты хорошо подходят в качестве креплений (держателей).</li>
	<li>Температура эксплуатации: до + 80 °C.</li>
	<li>Дисковые магниты со сквозным отверстием можно установить методами запрессовки, вкручивания или вклеивания.</li>
</ul>";K1405.12;12 ±0,1;3 ±0,1;1,84;Под заказ;347,13;A;;;;;3,5 ±0,1;;;;;;;;;;;;;;;3;"<span style=""font-family: 'Open Sans', sans-serif""><h2><span style=""font-size: 13pt"">Материал:</span></h2>
<ul>
	<li>NdFeB N35 (неодим).</li>
</ul>
<hr>
<h2><span style=""font-size: 13pt"">Исполнение:</span></h2>
<ul>
	<li>Магниты не экранированные, никелированные.</li>
</ul>
<hr>
<h2><span style=""font-size: 13pt"">Указания по применению:</span></h2>
<ul>
	<li>Данные магниты хорошо подходят в качестве креплений (держателей).</li>
	<li>Температура эксплуатации: до + 80 °C.</li>
	<li>Дисковые магниты со сквозным отверстием можно установить методами запрессовки, вкручивания или вклеивания.</li>
</ul></span>"
K1405 Магниты кольцевые неодимовые;https://alterv.ru/catalog/magnity_postoyannye/k1405_magnity_diskovye_so_skvoznym_otverstiem_neodimovye/;Kipp;Главная > Каталог > Промышленная фурнитура > Магниты постоянные > K1405 Магниты кольцевые неодимовые;https://alterv.ru/upload/iblock/3cc/k1405_magnity_diskovye.jpg, https://alterv.ru/upload/iblock/917/k1405_magnity_diskovyea.jpg, https://alterv.ru/upload/iblock/b39/k1405_magnity_diskovyeb.jpg;https://alterv.ru/upload/iblock/b38/Z09001_K1405_nn_de_print.jpg, https://alterv.ru/upload/iblock/8cf/Z09001_K1405_nn_de_A.jpg;"<h2><span style=""font-size: 13pt;"">Материал:</span></h2>
<ul>
	<li>NdFeB N35 (неодим).</li>
</ul>
<hr>
<h2><span style=""font-size: 13pt;"">Исполнение:</span></h2>
<ul>
	<li>Магниты не экранированные, никелированные.</li>
</ul>
<hr>
<h2><span style=""font-size: 13pt;"">Указания по применению:</span></h2>
<ul>
	<li>Данные магниты хорошо подходят в качестве креплений (держателей).</li>
	<li>Температура эксплуатации: до + 80 °C.</li>
	<li>Дисковые магниты со сквозным отверстием можно установить методами запрессовки, вкручивания или вклеивания.</li>
</ul>";K1405.18;18 ±0,1;4 ±0,1;4,18;Под заказ;759,06;A;;;;;4,5 ±0,1;;;;;;;;;;;;;;;3;"<span style=""font-family: 'Open Sans', sans-serif""><h2><span style=""font-size: 13pt"">Материал:</span></h2>
<ul>
	<li>NdFeB N35 (неодим).</li>
</ul>
<hr>
<h2><span style=""font-size: 13pt"">Исполнение:</span></h2>
<ul>
	<li>Магниты не экранированные, никелированные.</li>
</ul>
<hr>
<h2><span style=""font-size: 13pt"">Указания по применению:</span></h2>
<ul>
	<li>Данные магниты хорошо подходят в качестве креплений (держателей).</li>
	<li>Температура эксплуатации: до + 80 °C.</li>
	<li>Дисковые магниты со сквозным отверстием можно установить методами запрессовки, вкручивания или вклеивания.</li>
</ul></span>"
K1407 Магниты цилиндрические из альнико;https://alterv.ru/catalog/magnity_postoyannye/k1407_magnity_tsilindricheskie_iz_yundk/;Kipp;Главная > Каталог > Промышленная фурнитура > Магниты постоянные > K1407 Магниты цилиндрические из альнико;https://alterv.ru/upload/iblock/d8f/k1407_magnity_cilindricheskie.jpg;https://alterv.ru/upload/iblock/853/Z09003_K1407.jpg;"<h2><span style=""font-size: 13pt;"">Материал:</span></h2>
<ul>
	<li>Альнико (AlNiCo).</li>
</ul>
<hr>
<h2><span style=""font-size: 13pt;"">Исполнение:</span></h2>
<ul>
	<li>Оцинкованные и не экранированные магниты.</li>
</ul>
<hr>
<h2><span style=""font-size: 13pt;"">Указания по применению:</span></h2>
<ul>
	<li>Температура эксплуатации: до +450°C.</li>
	<li>Цилиндрические магниты можно установить методами запрессовки или вклеивания.</li>
</ul>";K1407.0310;3 -0,2;;0,11;Под заказ;222,17;;;;;10 ±0,1;;;;;;;;;;;;;;;;;"<span style=""font-family: 'Open Sans', sans-serif""><h2><span style=""font-size: 13pt"">Материал:</span></h2>
<ul>
	<li>Альнико (AlNiCo).</li>
</ul>
<hr>
<h2><span style=""font-size: 13pt"">Исполнение:</span></h2>
<ul>
	<li>Оцинкованные и не экранированные магниты.</li>
</ul>
<hr>
<h2><span style=""font-size: 13pt"">Указания по применению:</span></h2>
<ul>
	<li>Температура эксплуатации: до +450°C.</li>
	<li>Цилиндрические магниты можно установить методами запрессовки или вклеивания.</li>
</ul></span>"
K1407 Магниты цилиндрические из альнико;https://alterv.ru/catalog/magnity_postoyannye/k1407_magnity_tsilindricheskie_iz_yundk/;Kipp;Главная > Каталог > Промышленная фурнитура > Магниты постоянные > K1407 Магниты цилиндрические из альнико;https://alterv.ru/upload/iblock/d8f/k1407_magnity_cilindricheskie.jpg;https://alterv.ru/upload/iblock/853/Z09003_K1407.jpg;"<h2><span style=""font-size: 13pt;"">Материал:</span></h2>
<ul>
	<li>Альнико (AlNiCo).</li>
</ul>
<hr>
<h2><span style=""font-size: 13pt;"">Исполнение:</span></h2>
<ul>
	<li>Оцинкованные и не экранированные магниты.</li>
</ul>
<hr>
<h2><span style=""font-size: 13pt;"">Указания по применению:</span></h2>
<ul>
	<li>Температура эксплуатации: до +450°C.</li>
	<li>Цилиндрические магниты можно установить методами запрессовки или вклеивания.</li>
</ul>";K1407.0312;3 -0,2;;0,13;Под заказ;226,8;;;;;12 ±0,1;;;;;;;;;;;;;;;;;"<span style=""font-family: 'Open Sans', sans-serif""><h2><span style=""font-size: 13pt"">Материал:</span></h2>
<ul>
	<li>Альнико (AlNiCo).</li>
</ul>
<hr>
<h2><span style=""font-size: 13pt"">Исполнение:</span></h2>
<ul>
	<li>Оцинкованные и не экранированные магниты.</li>
</ul>
<hr>
<h2><span style=""font-size: 13pt"">Указания по применению:</span></h2>
<ul>
	<li>Температура эксплуатации: до +450°C.</li>
	<li>Цилиндрические магниты можно установить методами запрессовки или вклеивания.</li>
</ul></span>"
K1407 Магниты цилиндрические из альнико;https://alterv.ru/catalog/magnity_postoyannye/k1407_magnity_tsilindricheskie_iz_yundk/;Kipp;Главная > Каталог > Промышленная фурнитура > Магниты постоянные > K1407 Магниты цилиндрические из альнико;https://alterv.ru/upload/iblock/d8f/k1407_magnity_cilindricheskie.jpg;https://alterv.ru/upload/iblock/853/Z09003_K1407.jpg;"<h2><span style=""font-size: 13pt;"">Материал:</span></h2>
<ul>
	<li>Альнико (AlNiCo).</li>
</ul>
<hr>
<h2><span style=""font-size: 13pt;"">Исполнение:</span></h2>
<ul>
	<li>Оцинкованные и не экранированные магниты.</li>
</ul>
<hr>
<h2><span style=""font-size: 13pt;"">Указания по применению:</span></h2>
<ul>
	<li>Температура эксплуатации: до +450°C.</li>
	<li>Цилиндрические магниты можно установить методами запрессовки или вклеивания.</li>
</ul>";K1407.0416;4 -0,2;;0,19;Под заказ;268,45;;;;;16 ±0,1;;;;;;;;;;;;;;;;;"<span style=""font-family: 'Open Sans', sans-serif""><h2><span style=""font-size: 13pt"">Материал:</span></h2>
<ul>
	<li>Альнико (AlNiCo).</li>
</ul>
<hr>
<h2><span style=""font-size: 13pt"">Исполнение:</span></h2>
<ul>
	<li>Оцинкованные и не экранированные магниты.</li>
</ul>
<hr>
<h2><span style=""font-size: 13pt"">Указания по применению:</span></h2>
<ul>
	<li>Температура эксплуатации: до +450°C.</li>
	<li>Цилиндрические магниты можно установить методами запрессовки или вклеивания.</li>
</ul></span>"
K1407 Магниты цилиндрические из альнико;https://alterv.ru/catalog/magnity_postoyannye/k1407_magnity_tsilindricheskie_iz_yundk/;Kipp;Главная > Каталог > Промышленная фурнитура > Магниты постоянные > K1407 Магниты цилиндрические из альнико;https://alterv.ru/upload/iblock/d8f/k1407_magnity_cilindricheskie.jpg;https://alterv.ru/upload/iblock/853/Z09003_K1407.jpg;"<h2><span style=""font-size: 13pt;"">Материал:</span></h2>
<ul>
	<li>Альнико (AlNiCo).</li>
</ul>
<hr>
<h2><span style=""font-size: 13pt;"">Исполнение:</span></h2>
<ul>
	<li>Оцинкованные и не экранированные магниты.</li>
</ul>
<hr>
<h2><span style=""font-size: 13pt;"">Указания по применению:</span></h2>
<ul>
	<li>Температура эксплуатации: до +450°C.</li>
	<li>Цилиндрические магниты можно установить методами запрессовки или вклеивания.</li>
</ul>";K1407.0420;4 -0,2;;0,2;Под заказ;286,94;;;;;20 ±0,1;;;;;;;;;;;;;;;;;"<span style=""font-family: 'Open Sans', sans-serif""><h2><span style=""font-size: 13pt"">Материал:</span></h2>
<ul>
	<li>Альнико (AlNiCo).</li>
</ul>
<hr>
<h2><span style=""font-size: 13pt"">Исполнение:</span></h2>
<ul>
	<li>Оцинкованные и не экранированные магниты.</li>
</ul>
<hr>
<h2><span style=""font-size: 13pt"">Указания по применению:</span></h2>
<ul>
	<li>Температура эксплуатации: до +450°C.</li>
	<li>Цилиндрические магниты можно установить методами запрессовки или вклеивания.</li>
</ul></span>"
K1407 Магниты цилиндрические из альнико;https://alterv.ru/catalog/magnity_postoyannye/k1407_magnity_tsilindricheskie_iz_yundk/;Kipp;Главная > Каталог > Промышленная фурнитура > Магниты постоянные > K1407 Магниты цилиндрические из альнико;https://alterv.ru/upload/iblock/d8f/k1407_magnity_cilindricheskie.jpg;https://alterv.ru/upload/iblock/853/Z09003_K1407.jpg;"<h2><span style=""font-size: 13pt;"">Материал:</span></h2>
<ul>
	<li>Альнико (AlNiCo).</li>
</ul>
<hr>
<h2><span style=""font-size: 13pt;"">Исполнение:</span></h2>
<ul>
	<li>Оцинкованные и не экранированные магниты.</li>
</ul>
<hr>
<h2><span style=""font-size: 13pt;"">Указания по применению:</span></h2>
<ul>
	<li>Температура эксплуатации: до +450°C.</li>
	<li>Цилиндрические магниты можно установить методами запрессовки или вклеивания.</li>
</ul>";K1407.0520;5 -0,2;;0,23;Под заказ;337,88;;;;;20 ±0,1;;;;;;;;;;;;;;;;;"<span style=""font-family: 'Open Sans', sans-serif""><h2><span style=""font-size: 13pt"">Материал:</span></h2>
<ul>
	<li>Альнико (AlNiCo).</li>
</ul>
<hr>
<h2><span style=""font-size: 13pt"">Исполнение:</span></h2>
<ul>
	<li>Оцинкованные и не экранированные магниты.</li>
</ul>
<hr>
<h2><span style=""font-size: 13pt"">Указания по применению:</span></h2>
<ul>
	<li>Температура эксплуатации: до +450°C.</li>
	<li>Цилиндрические магниты можно установить методами запрессовки или вклеивания.</li>
</ul></span>"
K1407 Магниты цилиндрические из альнико;https://alterv.ru/catalog/magnity_postoyannye/k1407_magnity_tsilindricheskie_iz_yundk/;Kipp;Главная > Каталог > Промышленная фурнитура > Магниты постоянные > K1407 Магниты цилиндрические из альнико;https://alterv.ru/upload/iblock/d8f/k1407_magnity_cilindricheskie.jpg;https://alterv.ru/upload/iblock/853/Z09003_K1407.jpg;"<h2><span style=""font-size: 13pt;"">Материал:</span></h2>
<ul>
	<li>Альнико (AlNiCo).</li>
</ul>
<hr>
<h2><span style=""font-size: 13pt;"">Исполнение:</span></h2>
<ul>
	<li>Оцинкованные и не экранированные магниты.</li>
</ul>
<hr>
<h2><span style=""font-size: 13pt;"">Указания по применению:</span></h2>
<ul>
	<li>Температура эксплуатации: до +450°C.</li>
	<li>Цилиндрические магниты можно установить методами запрессовки или вклеивания.</li>
</ul>";K1407.0615;6 -0,2;;0,29;Под заказ;347,13;;;;;15 ±0,1;;;;;;;;;;;;;;;;;"<span style=""font-family: 'Open Sans', sans-serif""><h2><span style=""font-size: 13pt"">Материал:</span></h2>
<ul>
	<li>Альнико (AlNiCo).</li>
</ul>
<hr>
<h2><span style=""font-size: 13pt"">Исполнение:</span></h2>
<ul>
	<li>Оцинкованные и не экранированные магниты.</li>
</ul>
<hr>
<h2><span style=""font-size: 13pt"">Указания по применению:</span></h2>
<ul>
	<li>Температура эксплуатации: до +450°C.</li>
	<li>Цилиндрические магниты можно установить методами запрессовки или вклеивания.</li>
</ul></span>"
K1407 Магниты цилиндрические из альнико;https://alterv.ru/catalog/magnity_postoyannye/k1407_magnity_tsilindricheskie_iz_yundk/;Kipp;Главная > Каталог > Промышленная фурнитура > Магниты постоянные > K1407 Магниты цилиндрические из альнико;https://alterv.ru/upload/iblock/d8f/k1407_magnity_cilindricheskie.jpg;https://alterv.ru/upload/iblock/853/Z09003_K1407.jpg;"<h2><span style=""font-size: 13pt;"">Материал:</span></h2>
<ul>
	<li>Альнико (AlNiCo).</li>
</ul>
<hr>
<h2><span style=""font-size: 13pt;"">Исполнение:</span></h2>
<ul>
	<li>Оцинкованные и не экранированные магниты.</li>
</ul>
<hr>
<h2><span style=""font-size: 13pt;"">Указания по применению:</span></h2>
<ul>
	<li>Температура эксплуатации: до +450°C.</li>
	<li>Цилиндрические магниты можно установить методами запрессовки или вклеивания.</li>
</ul>";K1407.0624;6 -0,2;;0,29;Под заказ;416,56;;;;;24 ±0,1;;;;;;;;;;;;;;;;;"<span style=""font-family: 'Open Sans', sans-serif""><h2><span style=""font-size: 13pt"">Материал:</span></h2>
<ul>
	<li>Альнико (AlNiCo).</li>
</ul>
<hr>
<h2><span style=""font-size: 13pt"">Исполнение:</span></h2>
<ul>
	<li>Оцинкованные и не экранированные магниты.</li>
</ul>
<hr>
<h2><span style=""font-size: 13pt"">Указания по применению:</span></h2>
<ul>
	<li>Температура эксплуатации: до +450°C.</li>
	<li>Цилиндрические магниты можно установить методами запрессовки или вклеивания.</li>
</ul></span>"
K1407 Магниты цилиндрические из альнико;https://alterv.ru/catalog/magnity_postoyannye/k1407_magnity_tsilindricheskie_iz_yundk/;Kipp;Главная > Каталог > Промышленная фурнитура > Магниты постоянные > K1407 Магниты цилиндрические из альнико;https://alterv.ru/upload/iblock/d8f/k1407_magnity_cilindricheskie.jpg;https://alterv.ru/upload/iblock/853/Z09003_K1407.jpg;"<h2><span style=""font-size: 13pt;"">Материал:</span></h2>
<ul>
	<li>Альнико (AlNiCo).</li>
</ul>
<hr>
<h2><span style=""font-size: 13pt;"">Исполнение:</span></h2>
<ul>
	<li>Оцинкованные и не экранированные магниты.</li>
</ul>
<hr>
<h2><span style=""font-size: 13pt;"">Указания по применению:</span></h2>
<ul>
	<li>Температура эксплуатации: до +450°C.</li>
	<li>Цилиндрические магниты можно установить методами запрессовки или вклеивания.</li>
</ul>";K1407.0630;6 -0,2;;0,29;Под заказ;467,47;;;;;30 ±0,1;;;;;;;;;;;;;;;;;"<span style=""font-family: 'Open Sans', sans-serif""><h2><span style=""font-size: 13pt"">Материал:</span></h2>
<ul>
	<li>Альнико (AlNiCo).</li>
</ul>
<hr>
<h2><span style=""font-size: 13pt"">Исполнение:</span></h2>
<ul>
	<li>Оцинкованные и не экранированные магниты.</li>
</ul>
<hr>
<h2><span style=""font-size: 13pt"">Указания по применению:</span></h2>
<ul>
	<li>Температура эксплуатации: до +450°C.</li>
	<li>Цилиндрические магниты можно установить методами запрессовки или вклеивания.</li>
</ul></span>"
K1407 Магниты цилиндрические из альнико;https://alterv.ru/catalog/magnity_postoyannye/k1407_magnity_tsilindricheskie_iz_yundk/;Kipp;Главная > Каталог > Промышленная фурнитура > Магниты постоянные > K1407 Магниты цилиндрические из альнико;https://alterv.ru/upload/iblock/d8f/k1407_magnity_cilindricheskie.jpg;https://alterv.ru/upload/iblock/853/Z09003_K1407.jpg;"<h2><span style=""font-size: 13pt;"">Материал:</span></h2>
<ul>
	<li>Альнико (AlNiCo).</li>
</ul>
<hr>
<h2><span style=""font-size: 13pt;"">Исполнение:</span></h2>
<ul>
	<li>Оцинкованные и не экранированные магниты.</li>
</ul>
<hr>
<h2><span style=""font-size: 13pt;"">Указания по применению:</span></h2>
<ul>
	<li>Температура эксплуатации: до +450°C.</li>
	<li>Цилиндрические магниты можно установить методами запрессовки или вклеивания.</li>
</ul>";K1407.0825;8 -0,2;;0,39;Под заказ;569,3;;;;;25 ±0,1;;;;;;;;;;;;;;;;;"<span style=""font-family: 'Open Sans', sans-serif""><h2><span style=""font-size: 13pt"">Материал:</span></h2>
<ul>
	<li>Альнико (AlNiCo).</li>
</ul>
<hr>
<h2><span style=""font-size: 13pt"">Исполнение:</span></h2>
<ul>
	<li>Оцинкованные и не экранированные магниты.</li>
</ul>
<hr>
<h2><span style=""font-size: 13pt"">Указания по применению:</span></h2>
<ul>
	<li>Температура эксплуатации: до +450°C.</li>
	<li>Цилиндрические магниты можно установить методами запрессовки или вклеивания.</li>
</ul></span>"
K1407 Магниты цилиндрические из альнико;https://alterv.ru/catalog/magnity_postoyannye/k1407_magnity_tsilindricheskie_iz_yundk/;Kipp;Главная > Каталог > Промышленная фурнитура > Магниты постоянные > K1407 Магниты цилиндрические из альнико;https://alterv.ru/upload/iblock/d8f/k1407_magnity_cilindricheskie.jpg;https://alterv.ru/upload/iblock/853/Z09003_K1407.jpg;"<h2><span style=""font-size: 13pt;"">Материал:</span></h2>
<ul>
	<li>Альнико (AlNiCo).</li>
</ul>
<hr>
<h2><span style=""font-size: 13pt;"">Исполнение:</span></h2>
<ul>
	<li>Оцинкованные и не экранированные магниты.</li>
</ul>
<hr>
<h2><span style=""font-size: 13pt;"">Указания по применению:</span></h2>
<ul>
	<li>Температура эксплуатации: до +450°C.</li>
	<li>Цилиндрические магниты можно установить методами запрессовки или вклеивания.</li>
</ul>";K1407.1020;10 -0,2;;0,51;Под заказ;647,97;;;;;20 ±0,1;;;;;;;;;;;;;;;;;"<span style=""font-family: 'Open Sans', sans-serif""><h2><span style=""font-size: 13pt"">Материал:</span></h2>
<ul>
	<li>Альнико (AlNiCo).</li>
</ul>
<hr>
<h2><span style=""font-size: 13pt"">Исполнение:</span></h2>
<ul>
	<li>Оцинкованные и не экранированные магниты.</li>
</ul>
<hr>
<h2><span style=""font-size: 13pt"">Указания по применению:</span></h2>
<ul>
	<li>Температура эксплуатации: до +450°C.</li>
	<li>Цилиндрические магниты можно установить методами запрессовки или вклеивания.</li>
</ul></span>"
K1407 Магниты цилиндрические из альнико;https://alterv.ru/catalog/magnity_postoyannye/k1407_magnity_tsilindricheskie_iz_yundk/;Kipp;Главная > Каталог > Промышленная фурнитура > Магниты постоянные > K1407 Магниты цилиндрические из альнико;https://alterv.ru/upload/iblock/d8f/k1407_magnity_cilindricheskie.jpg;https://alterv.ru/upload/iblock/853/Z09003_K1407.jpg;"<h2><span style=""font-size: 13pt;"">Материал:</span></h2>
<ul>
	<li>Альнико (AlNiCo).</li>
</ul>
<hr>
<h2><span style=""font-size: 13pt;"">Исполнение:</span></h2>
<ul>
	<li>Оцинкованные и не экранированные магниты.</li>
</ul>
<hr>
<h2><span style=""font-size: 13pt;"">Указания по применению:</span></h2>
<ul>
	<li>Температура эксплуатации: до +450°C.</li>
	<li>Цилиндрические магниты можно установить методами запрессовки или вклеивания.</li>
</ul>";K1407.1040;10 -0,2;;0,71;Под заказ;1073,8;;;;;40 ±0,1;;;;;;;;;;;;;;;;;"<span style=""font-family: 'Open Sans', sans-serif""><h2><span style=""font-size: 13pt"">Материал:</span></h2>
<ul>
	<li>Альнико (AlNiCo).</li>
</ul>
<hr>
<h2><span style=""font-size: 13pt"">Исполнение:</span></h2>
<ul>
	<li>Оцинкованные и не экранированные магниты.</li>
</ul>
<hr>
<h2><span style=""font-size: 13pt"">Указания по применению:</span></h2>
<ul>
	<li>Температура эксплуатации: до +450°C.</li>
	<li>Цилиндрические магниты можно установить методами запрессовки или вклеивания.</li>
</ul></span>"
K1407 Магниты цилиндрические из альнико;https://alterv.ru/catalog/magnity_postoyannye/k1407_magnity_tsilindricheskie_iz_yundk/;Kipp;Главная > Каталог > Промышленная фурнитура > Магниты постоянные > K1407 Магниты цилиндрические из альнико;https://alterv.ru/upload/iblock/d8f/k1407_magnity_cilindricheskie.jpg;https://alterv.ru/upload/iblock/853/Z09003_K1407.jpg;"<h2><span style=""font-size: 13pt;"">Материал:</span></h2>
<ul>
	<li>Альнико (AlNiCo).</li>
</ul>
<hr>
<h2><span style=""font-size: 13pt;"">Исполнение:</span></h2>
<ul>
	<li>Оцинкованные и не экранированные магниты.</li>
</ul>
<hr>
<h2><span style=""font-size: 13pt;"">Указания по применению:</span></h2>
<ul>
	<li>Температура эксплуатации: до +450°C.</li>
	<li>Цилиндрические магниты можно установить методами запрессовки или вклеивания.</li>
</ul>";K1407.1240;12 -0,2;;0,82;Под заказ;1439,42;;;;;40 ±0,1;;;;;;;;;;;;;;;;;"<span style=""font-family: 'Open Sans', sans-serif""><h2><span style=""font-size: 13pt"">Материал:</span></h2>
<ul>
	<li>Альнико (AlNiCo).</li>
</ul>
<hr>
<h2><span style=""font-size: 13pt"">Исполнение:</span></h2>
<ul>
	<li>Оцинкованные и не экранированные магниты.</li>
</ul>
<hr>
<h2><span style=""font-size: 13pt"">Указания по применению:</span></h2>
<ul>
	<li>Температура эксплуатации: до +450°C.</li>
	<li>Цилиндрические магниты можно установить методами запрессовки или вклеивания.</li>
</ul></span>"
K1407 Магниты цилиндрические из альнико;https://alterv.ru/catalog/magnity_postoyannye/k1407_magnity_tsilindricheskie_iz_yundk/;Kipp;Главная > Каталог > Промышленная фурнитура > Магниты постоянные > K1407 Магниты цилиндрические из альнико;https://alterv.ru/upload/iblock/d8f/k1407_magnity_cilindricheskie.jpg;https://alterv.ru/upload/iblock/853/Z09003_K1407.jpg;"<h2><span style=""font-size: 13pt;"">Материал:</span></h2>
<ul>
	<li>Альнико (AlNiCo).</li>
</ul>
<hr>
<h2><span style=""font-size: 13pt;"">Исполнение:</span></h2>
<ul>
	<li>Оцинкованные и не экранированные магниты.</li>
</ul>
<hr>
<h2><span style=""font-size: 13pt;"">Указания по применению:</span></h2>
<ul>
	<li>Температура эксплуатации: до +450°C.</li>
	<li>Цилиндрические магниты можно установить методами запрессовки или вклеивания.</li>
</ul>";K1407.1530;15 -0,2;;1,02;Под заказ;1643,08;;;;;30 ±0,2;;;;;;;;;;;;;;;;;"<span style=""font-family: 'Open Sans', sans-serif""><h2><span style=""font-size: 13pt"">Материал:</span></h2>
<ul>
	<li>Альнико (AlNiCo).</li>
</ul>
<hr>
<h2><span style=""font-size: 13pt"">Исполнение:</span></h2>
<ul>
	<li>Оцинкованные и не экранированные магниты.</li>
</ul>
<hr>
<h2><span style=""font-size: 13pt"">Указания по применению:</span></h2>
<ul>
	<li>Температура эксплуатации: до +450°C.</li>
	<li>Цилиндрические магниты можно установить методами запрессовки или вклеивания.</li>
</ul></span>"
K1407 Магниты цилиндрические из альнико;https://alterv.ru/catalog/magnity_postoyannye/k1407_magnity_tsilindricheskie_iz_yundk/;Kipp;Главная > Каталог > Промышленная фурнитура > Магниты постоянные > K1407 Магниты цилиндрические из альнико;https://alterv.ru/upload/iblock/d8f/k1407_magnity_cilindricheskie.jpg;https://alterv.ru/upload/iblock/853/Z09003_K1407.jpg;"<h2><span style=""font-size: 13pt;"">Материал:</span></h2>
<ul>
	<li>Альнико (AlNiCo).</li>
</ul>
<hr>
<h2><span style=""font-size: 13pt;"">Исполнение:</span></h2>
<ul>
	<li>Оцинкованные и не экранированные магниты.</li>
</ul>
<hr>
<h2><span style=""font-size: 13pt;"">Указания по применению:</span></h2>
<ul>
	<li>Температура эксплуатации: до +450°C.</li>
	<li>Цилиндрические магниты можно установить методами запрессовки или вклеивания.</li>
</ul>";K1407.1560;15 -0,2;;1,12;Под заказ;3059,36;;;;;60 ±0,2;;;;;;;;;;;;;;;;;"<span style=""font-family: 'Open Sans', sans-serif""><h2><span style=""font-size: 13pt"">Материал:</span></h2>
<ul>
	<li>Альнико (AlNiCo).</li>
</ul>
<hr>
<h2><span style=""font-size: 13pt"">Исполнение:</span></h2>
<ul>
	<li>Оцинкованные и не экранированные магниты.</li>
</ul>
<hr>
<h2><span style=""font-size: 13pt"">Указания по применению:</span></h2>
<ul>
	<li>Температура эксплуатации: до +450°C.</li>
	<li>Цилиндрические магниты можно установить методами запрессовки или вклеивания.</li>
</ul></span>"
K1407 Магниты цилиндрические из альнико;https://alterv.ru/catalog/magnity_postoyannye/k1407_magnity_tsilindricheskie_iz_yundk/;Kipp;Главная > Каталог > Промышленная фурнитура > Магниты постоянные > K1407 Магниты цилиндрические из альнико;https://alterv.ru/upload/iblock/d8f/k1407_magnity_cilindricheskie.jpg;https://alterv.ru/upload/iblock/853/Z09003_K1407.jpg;"<h2><span style=""font-size: 13pt;"">Материал:</span></h2>
<ul>
	<li>Альнико (AlNiCo).</li>
</ul>
<hr>
<h2><span style=""font-size: 13pt;"">Исполнение:</span></h2>
<ul>
	<li>Оцинкованные и не экранированные магниты.</li>
</ul>
<hr>
<h2><span style=""font-size: 13pt;"">Указания по применению:</span></h2>
<ul>
	<li>Температура эксплуатации: до +450°C.</li>
	<li>Цилиндрические магниты можно установить методами запрессовки или вклеивания.</li>
</ul>";K1407.3480;34 -0,2;;6,22;Под заказ;19610,52;;;;;80 ±0,2;;;;;;;;;;;;;;;;;"<span style=""font-family: 'Open Sans', sans-serif""><h2><span style=""font-size: 13pt"">Материал:</span></h2>
<ul>
	<li>Альнико (AlNiCo).</li>
</ul>
<hr>
<h2><span style=""font-size: 13pt"">Исполнение:</span></h2>
<ul>
	<li>Оцинкованные и не экранированные магниты.</li>
</ul>
<hr>
<h2><span style=""font-size: 13pt"">Указания по применению:</span></h2>
<ul>
	<li>Температура эксплуатации: до +450°C.</li>
	<li>Цилиндрические магниты можно установить методами запрессовки или вклеивания.</li>
</ul></span>"
K1408 Магниты кольцевые с фаской ферритовые экранированные;https://alterv.ru/catalog/magnity_postoyannye/k1408_magnity_so_skvoznym_otverstiem_i_faskoy_ferritovye/;Kipp;Главная > Каталог > Промышленная фурнитура > Магниты постоянные > K1408 Магниты кольцевые с фаской ферритовые экранированные;https://alterv.ru/upload/iblock/784/k1408_magnity.jpg;https://alterv.ru/upload/iblock/dcc/Z09071_nn_ru.jpg;"<h2><span style=""font-size: 13pt;"">Материалы:</span></h2>
<ul>
	<li>Корпус из нержавеющей стали 1.4016.</li>
	<li>Магнитный сердечник из твердого феррита.</li>
</ul>
<hr>
<h2><span style=""font-size: 13pt;"">Исполнение:</span></h2>
<ul>
	<li>Экранированные магниты.</li>
</ul>
<hr>
<h2><span style=""font-size: 13pt;"">Указания по применению:</span></h2>
<ul>
	<li>Данные магниты хорошо подходят в качестве креплений (держателей).</li>
	<li>Температура эксплуатации: до +220°C.</li>
</ul>";K1408.120;20 ±0,15;6;3,26;Под заказ;481,34;;;9;;;4,2;;;;;;;;;;;;;;;;"<span style=""font-family: 'Open Sans', sans-serif""><h2><span style=""font-size: 13pt"">Материалы:</span></h2>
<ul>
	<li>Корпус из нержавеющей стали 1.4016.</li>
	<li>Магнитный сердечник из твердого феррита.</li>
</ul>
<hr>
<h2><span style=""font-size: 13pt"">Исполнение:</span></h2>
<ul>
	<li>Экранированные магниты.</li>
</ul>
<hr>
<h2><span style=""font-size: 13pt"">Указания по применению:</span></h2>
<ul>
	<li>Данные магниты хорошо подходят в качестве креплений (держателей).</li>
	<li>Температура эксплуатации: до +220°C.</li>
</ul></span>"
K1408 Магниты кольцевые с фаской ферритовые экранированные;https://alterv.ru/catalog/magnity_postoyannye/k1408_magnity_so_skvoznym_otverstiem_i_faskoy_ferritovye/;Kipp;Главная > Каталог > Промышленная фурнитура > Магниты постоянные > K1408 Магниты кольцевые с фаской ферритовые экранированные;https://alterv.ru/upload/iblock/784/k1408_magnity.jpg;https://alterv.ru/upload/iblock/dcc/Z09071_nn_ru.jpg;"<h2><span style=""font-size: 13pt;"">Материалы:</span></h2>
<ul>
	<li>Корпус из нержавеющей стали 1.4016.</li>
	<li>Магнитный сердечник из твердого феррита.</li>
</ul>
<hr>
<h2><span style=""font-size: 13pt;"">Исполнение:</span></h2>
<ul>
	<li>Экранированные магниты.</li>
</ul>
<hr>
<h2><span style=""font-size: 13pt;"">Указания по применению:</span></h2>
<ul>
	<li>Данные магниты хорошо подходят в качестве креплений (держателей).</li>
	<li>Температура эксплуатации: до +220°C.</li>
</ul>";K1408.125;25 ±0,15;7;6,53;Под заказ;513,75;;;11;;;5,5;;;;;;;;;;;;;;;;"<span style=""font-family: 'Open Sans', sans-serif""><h2><span style=""font-size: 13pt"">Материалы:</span></h2>
<ul>
	<li>Корпус из нержавеющей стали 1.4016.</li>
	<li>Магнитный сердечник из твердого феррита.</li>
</ul>
<hr>
<h2><span style=""font-size: 13pt"">Исполнение:</span></h2>
<ul>
	<li>Экранированные магниты.</li>
</ul>
<hr>
<h2><span style=""font-size: 13pt"">Указания по применению:</span></h2>
<ul>
	<li>Данные магниты хорошо подходят в качестве креплений (держателей).</li>
	<li>Температура эксплуатации: до +220°C.</li>
</ul></span>"
K1408 Магниты кольцевые с фаской ферритовые экранированные;https://alterv.ru/catalog/magnity_postoyannye/k1408_magnity_so_skvoznym_otverstiem_i_faskoy_ferritovye/;Kipp;Главная > Каталог > Промышленная фурнитура > Магниты постоянные > K1408 Магниты кольцевые с фаской ферритовые экранированные;https://alterv.ru/upload/iblock/784/k1408_magnity.jpg;https://alterv.ru/upload/iblock/dcc/Z09071_nn_ru.jpg;"<h2><span style=""font-size: 13pt;"">Материалы:</span></h2>
<ul>
	<li>Корпус из нержавеющей стали 1.4016.</li>
	<li>Магнитный сердечник из твердого феррита.</li>
</ul>
<hr>
<h2><span style=""font-size: 13pt;"">Исполнение:</span></h2>
<ul>
	<li>Экранированные магниты.</li>
</ul>
<hr>
<h2><span style=""font-size: 13pt;"">Указания по применению:</span></h2>
<ul>
	<li>Данные магниты хорошо подходят в качестве креплений (держателей).</li>
	<li>Температура эксплуатации: до +220°C.</li>
</ul>";K1408.132;32 ±0,2;7;10,2;Под заказ;620,21;;;11;;;5,5;;;;;;;;;;;;;;;;"<span style=""font-family: 'Open Sans', sans-serif""><h2><span style=""font-size: 13pt"">Материалы:</span></h2>
<ul>
	<li>Корпус из нержавеющей стали 1.4016.</li>
	<li>Магнитный сердечник из твердого феррита.</li>
</ul>
<hr>
<h2><span style=""font-size: 13pt"">Исполнение:</span></h2>
<ul>
	<li>Экранированные магниты.</li>
</ul>
<hr>
<h2><span style=""font-size: 13pt"">Указания по применению:</span></h2>
<ul>
	<li>Данные магниты хорошо подходят в качестве креплений (держателей).</li>
	<li>Температура эксплуатации: до +220°C.</li>
</ul></span>"
K1408 Магниты кольцевые с фаской ферритовые экранированные;https://alterv.ru/catalog/magnity_postoyannye/k1408_magnity_so_skvoznym_otverstiem_i_faskoy_ferritovye/;Kipp;Главная > Каталог > Промышленная фурнитура > Магниты постоянные > K1408 Магниты кольцевые с фаской ферритовые экранированные;https://alterv.ru/upload/iblock/784/k1408_magnity.jpg;https://alterv.ru/upload/iblock/dcc/Z09071_nn_ru.jpg;"<h2><span style=""font-size: 13pt;"">Материалы:</span></h2>
<ul>
	<li>Корпус из нержавеющей стали 1.4016.</li>
	<li>Магнитный сердечник из твердого феррита.</li>
</ul>
<hr>
<h2><span style=""font-size: 13pt;"">Исполнение:</span></h2>
<ul>
	<li>Экранированные магниты.</li>
</ul>
<hr>
<h2><span style=""font-size: 13pt;"">Указания по применению:</span></h2>
<ul>
	<li>Данные магниты хорошо подходят в качестве креплений (держателей).</li>
	<li>Температура эксплуатации: до +220°C.</li>
</ul>";K1408.140;40 ±0,2;8;17,85;Под заказ;786,82;;;11;;;5,5;;;;;;;;;;;;;;;;"<span style=""font-family: 'Open Sans', sans-serif""><h2><span style=""font-size: 13pt"">Материалы:</span></h2>
<ul>
	<li>Корпус из нержавеющей стали 1.4016.</li>
	<li>Магнитный сердечник из твердого феррита.</li>
</ul>
<hr>
<h2><span style=""font-size: 13pt"">Исполнение:</span></h2>
<ul>
	<li>Экранированные магниты.</li>
</ul>
<hr>
<h2><span style=""font-size: 13pt"">Указания по применению:</span></h2>
<ul>
	<li>Данные магниты хорошо подходят в качестве креплений (держателей).</li>
	<li>Температура эксплуатации: до +220°C.</li>
</ul></span>"
